create table SURVEY (ID integer, PARENT_ID integer, NAME varchar(16), FULL_NAME varchar(25), TITLE varchar(27));
create table CENTRELINE (ID integer, SURVEY_ID integer, TITLE varchar(4), TOPO_DATE date, EXPLO_DATE date, LENGTH real, SURFACE_LENGTH real, DUPLICATE_LENGTH real);
create table PERSON (ID integer, NAME varchar(1), SURNAME varchar(1));
create table EXPLO (PERSON_ID integer, CENTRELINE_ID integer);
create table TOPO (PERSON_ID integer, CENTRELINE_ID integer);
create table STATION (ID integer, NAME varchar(8), SURVEY_ID integer, X real, Y real, Z real);
create table STATION_FLAG (STATION_ID integer, FLAG char(3));
create table SHOT (ID integer, FROM_ID integer, TO_ID integer, CENTRELINE_ID integer, LENGTH real, BEARING real, GRADIENT real, ADJ_LENGTH real, ADJ_BEARING real, ADJ_GRADIENT real, ERR_LENGTH real, ERR_BEARING real, ERR_GRADIENT real);
create table SHOT_FLAG (SHOT_ID integer, FLAG char(3));
create table MAPS (ID integer, SURVEY_ID integer, NAME varchar(16), TITLE varchar(27), PROJID integer, LENGTH real, DEPTH real);
create table SCRAPS (ID integer, SURVEY_ID integer, NAME varchar(16), PROJID integer);
create table MAPITEMS (ID integer, TYPE integer, ITEMID integer);
insert into SURVEY values (1, 0, '', '', NULL);
 insert into CENTRELINE values (2, 1, NULL, NULL, NULL, 0.00, 0.00, 0.00);
 insert into SURVEY values (55, 1, 'Mountaineye', 'Mountaineye', NULL);
 insert into CENTRELINE values (56, 55, NULL, NULL, NULL, 0.00, 0.00, 0.00);
 insert into SURVEY values (57, 55, 'mountaineye1', 'mountaineye1.Mountaineye', NULL);
 insert into CENTRELINE values (58, 57, NULL, NULL, NULL, 0.00, 0.00, 0.00);
 insert into SCRAPS values (59, 57, 'ME1_scrapSP1', 1);
 insert into MAPS values (408, 57, 'mountaineye1', 'Mountain eye cave part 1', 1, 631.621, 15.380);
 insert into MAPITEMS values (408, 4, 59);
 insert into CENTRELINE values (409, 57, NULL, '2016-04-08', NULL, 0.00, 0.00, 0.00);
 insert into SHOT values (1, 1, 2, 409, 0.00, 0.00, 0.00, 0.00, 90.00, 0.00, 0.00, 90.00, 0.00);
insert into CENTRELINE values (410, 57, NULL, '2018-05-22', NULL, 631.62, 0.00, 0.00);
 insert into SHOT values (2, 1, 3, 410, 3.28, 168.00, -1.03, 3.28, 168.04, -1.05, 0.00, 219.98, -19.94);
insert into SHOT values (3, 1, 4, 410, 1.02, 40.16, -0.04, 1.02, 40.24, 0.00, 0.00, 66.40, 13.01);
insert into SHOT values (4, 1, 5, 410, 2.44, 115.58, -8.00, 2.44, 115.50, -8.01, 0.01, 328.98, 1.37);
insert into SHOT values (5, 1, 6, 410, 4.90, 189.44, 77.60, 4.90, 189.28, 77.59, 0.00, 121.50, 37.15);
insert into SHOT values (6, 1, 7, 410, 0.53, 135.97, -75.69, 0.53, 135.00, -75.99, 0.01, 344.37, 44.96);
insert into SHOT values (7, 1, 8, 410, 4.46, 132.75, -28.82, 4.46, 132.72, -28.83, 0.01, 337.62, 20.06);
insert into SHOT values (8, 8, 9, 410, 1.40, 325.24, 73.01, 1.40, 325.12, 73.29, 0.01, 151.71, 1.16);
insert into SHOT values (9, 8, 10, 410, 3.67, 23.90, 1.43, 3.67, 23.98, 1.41, 0.01, 161.26, -12.66);
insert into SHOT values (10, 8, 11, 410, 1.45, 176.65, -11.99, 1.45, 176.37, -11.91, 0.01, 91.26, 16.61);
insert into SHOT values (11, 8, 12, 410, 0.76, 298.06, -82.13, 0.77, 293.96, -82.62, 0.01, 166.51, -24.00);
insert into SHOT values (12, 8, 13, 410, 11.09, 40.42, -13.10, 11.08, 40.42, -13.09, 0.00, 254.32, 69.76);
insert into SHOT values (13, 8, 14, 410, 9.38, 112.62, -28.37, 9.38, 112.65, -28.38, 0.01, 149.51, -29.83);
insert into SHOT values (14, 14, 15, 410, 5.57, 48.42, 20.31, 5.58, 48.41, 20.36, 0.01, 38.07, 58.51);
insert into SHOT values (15, 14, 16, 410, 8.46, 21.89, 16.98, 8.46, 21.84, 16.98, 0.01, 317.79, 3.91);
insert into SHOT values (16, 14, 17, 410, 5.99, 304.20, 78.65, 6.00, 303.96, 78.64, 0.01, 236.92, 37.97);
insert into SHOT values (17, 14, 18, 410, 4.70, 223.75, 25.86, 4.71, 223.76, 25.82, 0.00, 231.57, -25.77);
insert into SHOT values (18, 14, 19, 410, 6.74, 0.83, 7.83, 6.74, 0.77, 7.84, 0.01, 304.03, 13.32);
insert into SHOT values (19, 14, 20, 410, 0.00, 0.00, 0.00, 0.00, 90.00, 0.00, 0.00, 90.00, 0.00);
insert into SHOT values (20, 14, 21, 410, 8.21, 154.91, 0.80, 8.21, 154.93, 0.84, 0.01, 237.03, 58.46);
insert into SHOT values (21, 21, 22, 410, 6.67, 56.81, 6.05, 6.67, 56.74, 6.02, 0.01, 343.05, -21.02);
insert into SHOT values (22, 21, 23, 410, 3.72, 133.84, 11.54, 3.72, 133.78, 11.48, 0.01, 4.18, -39.91);
insert into SHOT values (23, 21, 24, 410, 5.03, 216.89, 11.14, 5.02, 216.92, 11.14, 0.01, 13.54, -14.15);
insert into SHOT values (24, 21, 25, 410, 3.50, 256.72, 18.92, 3.50, 256.72, 18.86, 0.00, 77.86, -82.74);
insert into SHOT values (25, 21, 26, 410, 5.44, 237.04, 12.34, 5.44, 237.06, 12.31, 0.00, 264.71, -29.23);
insert into SHOT values (26, 26, 27, 410, 3.56, 226.58, 17.40, 3.55, 226.55, 17.37, 0.01, 63.32, -33.04);
insert into SHOT values (27, 26, 28, 410, 3.23, 150.12, 4.03, 3.23, 150.01, 4.08, 0.01, 94.77, 24.51);
insert into SHOT values (28, 26, 29, 410, 1.91, 313.26, 0.30, 1.92, 313.52, 0.30, 0.01, 24.82, -0.13);
insert into SHOT values (29, 26, 30, 410, 2.48, 212.77, 73.47, 2.47, 212.78, 73.51, 0.01, 29.69, -59.77);
insert into SHOT values (30, 21, 31, 410, 0.00, 0.00, 0.00, 0.00, 90.00, 0.00, 0.00, 90.00, 0.00);
insert into SHOT values (31, 21, 32, 410, 5.92, 94.61, 69.87, 5.91, 94.51, 69.85, 0.01, 9.17, -51.39);
insert into SHOT values (32, 21, 33, 410, 10.98, 106.16, 37.43, 10.98, 106.11, 37.40, 0.01, 33.32, -26.58);
insert into SHOT values (33, 21, 34, 410, 20.76, 97.95, 20.82, 20.76, 97.94, 20.82, 0.00, 39.36, 18.19);
insert into SHOT values (34, 34, 35, 410, 2.90, 335.79, 88.51, 2.89, 336.80, 88.49, 0.01, 34.51, -75.36);
insert into SHOT values (35, 34, 36, 410, 1.02, 359.80, -84.92, 1.02, 0.00, -84.96, 0.00, 147.41, -73.77);
insert into SHOT values (36, 34, 37, 410, 15.37, 259.47, -20.77, 15.37, 259.46, -20.80, 0.01, 137.02, -63.27);
insert into SHOT values (37, 34, 38, 410, 14.57, 292.94, -21.95, 14.58, 292.94, -21.96, 0.01, 298.31, -32.24);
insert into SHOT values (38, 34, 39, 410, 6.83, 7.18, -4.80, 6.83, 7.18, -4.87, 0.01, 191.13, -60.30);
insert into SHOT values (39, 34, 40, 410, 4.92, 135.45, 0.39, 4.92, 135.49, 0.35, 0.01, 256.17, -38.71);
insert into SHOT values (40, 34, 41, 410, 13.40, 206.54, -26.41, 13.40, 206.52, -26.41, 0.00, 151.81, -3.02);
insert into SHOT values (41, 34, 42, 410, 21.33, 246.34, -7.46, 21.33, 246.33, -7.46, 0.00, 164.99, -14.20);
insert into SHOT values (42, 34, 43, 410, 16.50, 233.98, -16.79, 16.50, 233.99, -16.80, 0.00, 314.08, -59.80);
insert into SHOT values (43, 34, 44, 410, 12.50, 175.97, -24.66, 12.50, 175.96, -24.68, 0.01, 29.15, -52.34);
insert into SHOT values (44, 44, 45, 410, 1.16, 236.17, 81.99, 1.16, 237.26, 81.77, 0.01, 273.27, -26.64);
insert into SHOT values (45, 44, 46, 410, 1.30, 341.45, -76.05, 1.30, 340.97, -76.32, 0.01, 181.73, 19.69);
insert into SHOT values (46, 44, 47, 410, 5.92, 238.47, 0.73, 5.93, 238.46, 0.77, 0.01, 203.08, 60.81);
insert into SHOT values (47, 44, 48, 410, 0.79, 67.24, 13.58, 0.78, 67.50, 14.08, 0.01, 227.12, 25.68);
insert into SHOT values (48, 44, 49, 410, 6.33, 24.91, 5.70, 6.33, 24.90, 5.72, 0.00, 246.45, 32.83);
insert into SHOT values (49, 44, 50, 410, 6.64, 158.35, 0.73, 6.64, 158.34, 0.69, 0.00, 23.31, -75.66);
insert into SHOT values (50, 44, 51, 410, 11.89, 62.47, 4.84, 11.88, 62.48, 4.83, 0.01, 203.63, -33.73);
insert into SHOT values (51, 44, 52, 410, 11.31, 186.22, 13.90, 11.32, 186.22, 13.91, 0.01, 184.77, 27.32);
insert into SHOT values (52, 52, 53, 410, 6.55, 113.77, 77.85, 6.55, 113.58, 77.88, 0.01, 342.27, -35.20);
insert into SHOT values (53, 52, 54, 410, 2.48, 343.16, -73.33, 2.48, 342.84, -73.35, 0.01, 252.87, -39.27);
insert into SHOT values (54, 52, 55, 410, 4.60, 288.11, 2.37, 4.60, 288.12, 2.37, 0.00, 302.88, -3.37);
insert into SHOT values (55, 52, 56, 410, 1.90, 95.28, 9.38, 1.89, 95.22, 9.42, 0.00, 301.16, 10.81);
insert into SHOT values (56, 52, 57, 410, 7.25, 78.23, -25.71, 7.25, 78.24, -25.76, 0.01, 229.73, -64.14);
insert into SHOT values (57, 52, 58, 410, 6.92, 52.26, -28.35, 6.92, 52.21, -28.39, 0.01, 307.27, -40.61);
insert into SHOT values (58, 52, 59, 410, 2.40, 118.52, 40.16, 2.39, 118.39, 40.08, 0.01, 14.00, -49.75);
insert into SHOT values (59, 59, 60, 410, 5.09, 133.69, 84.33, 5.09, 134.19, 84.34, 0.00, 240.16, -0.90);
insert into SHOT values (60, 59, 61, 410, 2.31, 223.58, -47.49, 2.31, 223.70, -47.40, 0.01, 258.22, -1.06);
insert into SHOT values (61, 59, 62, 410, 3.32, 172.89, 8.06, 3.32, 173.00, 8.14, 0.01, 277.96, 34.26);
insert into SHOT values (62, 59, 63, 410, 1.99, 359.13, 0.61, 1.98, 359.13, 0.58, 0.00, 178.30, -13.66);
insert into SHOT values (63, 59, 64, 410, 3.59, 190.46, 0.55, 3.59, 190.59, 0.64, 0.01, 285.18, 33.97);
insert into SHOT values (64, 59, 65, 410, 3.33, 152.08, 24.21, 3.34, 152.17, 24.25, 0.01, 204.31, 33.23);
insert into SHOT values (65, 59, 66, 410, 7.43, 150.45, 37.00, 7.43, 150.49, 37.01, 0.01, 282.27, -8.08);
insert into SHOT values (66, 59, 67, 410, 5.55, 250.20, 5.42, 5.55, 250.22, 5.48, 0.01, 317.47, 69.50);
insert into SHOT values (67, 59, 68, 410, 6.07, 13.61, 29.67, 6.07, 13.61, 29.74, 0.01, 187.42, 62.38);
insert into SHOT values (68, 59, 69, 410, 13.05, 109.84, 22.65, 13.05, 109.85, 22.66, 0.00, 191.91, 62.46);
insert into SHOT values (69, 69, 70, 410, 0.64, 41.13, -84.15, 0.64, 38.66, -84.29, 0.01, 288.37, -55.33);
insert into SHOT values (70, 69, 71, 410, 11.97, 354.74, -2.82, 11.97, 354.72, -2.83, 0.01, 224.31, -11.12);
insert into SHOT values (71, 69, 72, 410, 7.05, 255.32, -2.39, 7.05, 255.37, -2.44, 0.01, 299.63, -33.48);
insert into SHOT values (72, 69, 73, 410, 10.90, 333.40, -40.69, 10.90, 333.40, -40.67, 0.00, 342.91, 42.65);
insert into SHOT values (73, 69, 74, 410, 11.51, 309.78, -40.27, 11.51, 309.78, -40.27, 0.00, 125.91, 58.27);
insert into SHOT values (74, 69, 75, 410, 3.76, 46.90, -5.02, 3.76, 46.84, -5.04, 0.00, 330.40, -18.53);
insert into SHOT values (75, 75, 76, 410, 0.23, 152.97, -84.94, 0.23, 153.43, -84.45, 0.01, 157.25, -63.50);
insert into SHOT values (76, 75, 77, 410, 0.54, 331.11, 83.89, 0.53, 329.04, 83.72, 0.00, 273.28, -38.19);
insert into SHOT values (77, 75, 78, 410, 4.36, 200.92, -0.81, 4.37, 200.92, -0.79, 0.01, 203.54, 12.39);
insert into SHOT values (78, 75, 79, 410, 11.11, 34.29, -1.62, 11.10, 34.28, -1.60, 0.01, 252.08, 44.23);
insert into SHOT values (79, 75, 80, 410, 5.63, 90.93, -0.59, 5.63, 90.92, -0.61, 0.00, 325.71, -49.66);
insert into SHOT values (80, 80, 81, 410, 5.30, 125.54, -60.93, 5.30, 125.67, -60.94, 0.01, 243.87, 26.38);
insert into SHOT values (81, 80, 82, 410, 0.39, 98.75, 80.24, 0.39, 99.46, 81.14, 0.01, 270.35, 52.02);
insert into SHOT values (82, 80, 83, 410, 12.60, 49.83, -0.04, 12.59, 49.83, -0.05, 0.01, 223.46, -11.02);
insert into SHOT values (83, 80, 84, 410, 6.64, 177.05, -7.08, 6.65, 177.05, -7.08, 0.01, 174.33, -9.87);
insert into SHOT values (84, 80, 85, 410, 12.73, 98.90, -12.12, 12.73, 98.92, -12.10, 0.01, 198.39, 44.71);
insert into SHOT values (85, 85, 86, 410, 2.62, 292.89, 80.21, 2.62, 292.52, 80.24, 0.00, 178.12, 2.26);
insert into SHOT values (86, 85, 87, 410, 1.24, 302.72, -80.96, 1.24, 302.01, -81.28, 0.01, 142.67, -26.42);
insert into SHOT values (87, 85, 88, 410, 11.12, 325.90, 15.97, 11.12, 325.91, 15.98, 0.01, 129.16, 2.46);
insert into SHOT values (88, 85, 89, 410, 7.89, 268.47, -26.49, 7.89, 268.46, -26.49, 0.00, 230.12, -27.10);
insert into SHOT values (89, 85, 90, 410, 10.13, 43.70, -2.20, 10.12, 43.72, -2.21, 0.00, 180.35, -15.90);
insert into SHOT values (90, 90, 91, 410, 4.41, 186.90, -35.89, 4.41, 186.93, -35.99, 0.01, 356.03, -22.69);
insert into SHOT values (91, 90, 92, 410, 3.49, 204.64, 75.04, 3.49, 205.13, 75.13, 0.01, 331.33, 1.32);
insert into SHOT values (92, 90, 93, 410, 7.46, 171.96, -4.10, 7.46, 171.97, -4.07, 0.00, 302.78, 69.34);
insert into SHOT values (93, 90, 94, 410, 9.42, 299.92, 17.49, 9.43, 299.96, 17.47, 0.01, 341.26, -6.77);
insert into SHOT values (94, 90, 95, 410, 1.92, 4.22, 12.99, 1.92, 4.28, 12.91, 0.00, 58.60, -42.29);
insert into SHOT values (95, 95, 96, 410, 7.82, 330.17, 11.43, 7.82, 330.19, 11.43, 0.00, 21.79, 14.64);
insert into SHOT values (96, 95, 97, 410, 12.04, 10.23, 12.80, 12.05, 10.20, 12.81, 0.01, 312.48, 17.87);
insert into SHOT values (97, 95, 98, 410, 16.15, 36.96, 7.17, 16.14, 36.96, 7.19, 0.01, 234.75, 49.18);
insert into SHOT values (98, 95, 99, 410, 24.29, 61.66, 7.26, 24.29, 61.66, 7.26, 0.00, 42.85, 7.28);
insert into SHOT values (99, 95, 100, 410, 27.62, 68.94, 7.05, 27.62, 68.94, 7.05, 0.00, 249.12, -5.69);
insert into SHOT values (100, 95, 101, 410, 23.33, 86.08, 2.78, 23.33, 86.06, 2.78, 0.01, 22.92, -11.00);
insert into SHOT values (101, 95, 102, 410, 16.44, 109.77, 3.08, 16.44, 109.76, 3.07, 0.00, 7.73, -47.61);
insert into SHOT values (102, 95, 103, 410, 14.48, 120.00, 3.72, 14.47, 119.99, 3.72, 0.01, 322.61, 5.05);
insert into SHOT values (103, 95, 104, 410, 9.59, 143.87, 4.95, 9.58, 143.86, 4.97, 0.00, 344.13, 37.71);
insert into SHOT values (104, 95, 105, 410, 9.68, 167.80, 5.75, 9.68, 167.83, 5.75, 0.00, 268.61, 7.36);
insert into SHOT values (105, 95, 106, 410, 9.29, 197.30, -9.67, 9.29, 197.35, -9.67, 0.01, 306.19, 4.65);
insert into SHOT values (106, 106, 107, 410, 2.54, 86.15, 85.97, 2.55, 86.82, 85.94, 0.01, 138.67, 58.20);
insert into SHOT values (107, 106, 108, 410, 1.89, 200.87, -87.24, 1.88, 198.43, -87.11, 0.01, 155.41, 33.98);
insert into SHOT values (108, 106, 109, 410, 5.82, 345.84, 6.09, 5.81, 345.87, 6.13, 0.01, 145.31, 21.31);
insert into SHOT values (109, 106, 110, 410, 1.13, 186.30, 1.87, 1.13, 186.12, 2.03, 0.00, 96.37, 41.63);
insert into SHOT values (110, 106, 111, 410, 3.60, 237.69, -51.33, 3.60, 237.51, -51.28, 0.01, 162.76, 17.28);
insert into SHOT values (111, 111, 112, 410, 0.90, 31.22, 84.44, 0.90, 32.01, 84.02, 0.01, 41.78, 17.64);
insert into SHOT values (112, 111, 113, 410, 0.42, 137.35, -56.92, 0.42, 135.00, -57.12, 0.01, 38.05, -3.60);
insert into SHOT values (113, 111, 114, 410, 0.45, 329.80, 0.84, 0.45, 330.57, 1.28, 0.01, 87.87, 26.34);
insert into SHOT values (114, 111, 115, 410, 2.04, 153.89, 22.66, 2.03, 153.71, 22.60, 0.01, 14.83, -29.68);
insert into SHOT values (115, 111, 116, 410, 3.08, 219.61, 15.12, 3.08, 219.53, 15.08, 0.01, 77.17, -29.42);
insert into SHOT values (116, 116, 117, 410, 0.23, 93.82, 74.31, 0.24, 90.00, 75.38, 0.01, 325.63, 48.17);
insert into SHOT values (117, 116, 118, 410, 0.65, 283.97, -82.28, 0.65, 282.53, -81.80, 0.01, 260.15, 11.19);
insert into SHOT values (118, 116, 119, 410, 0.78, 159.05, 0.23, 0.78, 159.02, 0.73, 0.01, 52.99, 85.87);
insert into SHOT values (119, 116, 120, 410, 2.03, 308.93, -14.33, 2.03, 309.02, -14.25, 0.01, 339.38, 15.00);
insert into SHOT values (120, 116, 121, 410, 11.14, 243.16, -4.97, 11.14, 243.16, -4.95, 0.00, 226.05, 73.25);
insert into SHOT values (121, 121, 122, 410, 11.13, 243.08, -4.92, 11.13, 243.09, -4.95, 0.01, 22.14, -64.02);
insert into SHOT values (122, 121, 123, 410, 0.64, 196.47, 82.97, 0.63, 203.20, 83.11, 0.01, 299.61, -1.41);
insert into SHOT values (123, 121, 124, 410, 1.57, 316.92, -31.81, 1.57, 317.12, -31.83, 0.01, 20.79, -20.16);
insert into SHOT values (124, 121, 125, 410, 1.08, 145.41, 14.32, 1.07, 145.23, 14.11, 0.01, 345.09, -34.20);
insert into SHOT values (125, 121, 126, 410, 2.78, 322.04, 1.76, 2.79, 322.14, 1.64, 0.01, 15.44, -41.41);
insert into SHOT values (126, 121, 127, 410, 15.68, 233.04, 1.84, 15.68, 233.04, 1.83, 0.00, 34.43, -59.48);
insert into SHOT values (127, 127, 128, 410, 0.47, 47.33, 85.70, 0.47, 33.69, 85.61, 0.01, 314.96, -4.51);
insert into SHOT values (128, 127, 129, 410, 2.15, 112.09, -31.07, 2.14, 112.09, -31.17, 0.01, 291.72, -3.48);
insert into SHOT values (129, 127, 130, 410, 0.92, 322.57, 13.69, 0.92, 322.24, 13.76, 0.01, 264.54, 18.24);
insert into SHOT values (130, 127, 131, 410, 3.25, 102.18, -6.83, 3.25, 102.18, -6.90, 0.00, 279.91, -57.38);
insert into SHOT values (131, 127, 132, 410, 4.38, 140.72, -5.47, 4.37, 140.78, -5.52, 0.01, 283.34, -19.46);
insert into SHOT values (132, 132, 133, 410, 0.18, 200.35, 79.52, 0.18, 198.43, 80.04, 0.00, 49.91, -23.48);
insert into SHOT values (133, 132, 134, 410, 0.95, 259.46, -85.37, 0.94, 261.87, -85.70, 0.01, 53.54, 49.26);
insert into SHOT values (134, 132, 135, 410, 0.94, 75.06, -0.50, 0.94, 75.23, 0.00, 0.01, 98.91, 50.52);
insert into SHOT values (135, 132, 136, 410, 2.42, 274.84, 2.42, 2.42, 274.98, 2.60, 0.01, 36.97, 47.46);
insert into SHOT values (136, 132, 137, 410, 2.59, 125.87, -12.87, 2.59, 125.83, -12.70, 0.01, 89.06, 66.24);
insert into SHOT values (137, 132, 138, 410, 3.01, 172.17, -14.98, 3.01, 172.09, -14.83, 0.01, 81.20, 64.00);
insert into SHOT values (138, 132, 139, 410, 8.02, 238.45, 0.97, 8.01, 238.43, 0.79, 0.03, 71.04, -69.10);
insert into SHOT values (139, 139, 140, 410, 0.28, 178.10, -77.52, 0.28, 180.00, -77.47, 0.00, 265.00, 12.86);
insert into SHOT values (140, 139, 141, 410, 0.69, 102.69, 79.30, 0.69, 104.04, 79.69, 0.01, 251.62, 0.33);
insert into SHOT values (141, 139, 142, 410, 2.17, 141.27, 14.95, 2.16, 141.21, 14.99, 0.00, 15.80, 25.15);
insert into SHOT values (142, 139, 143, 410, 2.25, 312.07, 17.84, 2.25, 312.17, 17.83, 0.00, 63.59, -12.30);
insert into SHOT values (143, 139, 144, 410, 11.46, 192.35, 4.33, 11.45, 192.28, 4.11, 0.05, 94.50, -73.52);
insert into SHOT values (144, 139, 145, 410, 2.22, 130.09, 14.15, 2.21, 130.08, 14.39, 0.01, 313.66, 51.51);
insert into SHOT values (145, 139, 146, 410, 0.48, 9.03, 29.03, 0.49, 9.46, 29.41, 0.01, 51.89, 49.93);
insert into SHOT values (146, 144, 147, 410, 0.00, 0.00, 0.00, 0.00, 90.00, 0.00, 0.00, 90.00, 0.00);
insert into SHOT values (147, 144, 148, 410, 5.47, 313.93, 0.87, 5.47, 313.96, 0.84, 0.01, 349.37, -28.78);
insert into SHOT values (148, 144, 149, 410, 1.07, 145.43, -1.04, 1.07, 145.27, -1.07, 0.00, 9.40, -6.75);
insert into SHOT values (149, 144, 150, 410, 2.26, 291.46, -33.62, 2.26, 291.52, -33.60, 0.00, 45.28, 32.15);
insert into SHOT values (150, 144, 151, 410, 3.24, 154.43, -72.59, 3.24, 154.23, -72.64, 0.00, 24.99, -4.45);
insert into SHOT values (151, 144, 152, 410, 13.60, 254.97, -1.68, 13.60, 255.03, -1.94, 0.06, 7.08, -75.17);
insert into SHOT values (152, 152, 153, 410, 0.51, 316.04, 87.01, 0.51, 333.43, 87.49, 0.01, 84.81, -8.64);
insert into SHOT values (153, 152, 154, 410, 1.88, 174.89, -29.09, 1.89, 174.77, -29.19, 0.01, 144.75, -46.32);
insert into SHOT values (154, 152, 155, 410, 3.61, 147.39, -1.36, 3.61, 147.32, -1.43, 0.01, 66.36, -44.54);
insert into SHOT values (155, 152, 156, 410, 2.49, 341.41, 3.72, 2.48, 341.42, 3.69, 0.00, 155.18, -21.87);
insert into SHOT values (156, 152, 157, 410, 6.99, 43.26, 2.59, 6.99, 43.32, 2.54, 0.01, 101.58, -34.65);
insert into SHOT values (157, 152, 158, 410, 6.70, 192.30, 3.04, 6.69, 192.18, 2.83, 0.03, 81.55, -60.14);
insert into SHOT values (158, 158, 159, 410, 1.46, 12.24, -69.56, 1.45, 11.31, -69.45, 0.01, 291.58, 27.29);
insert into SHOT values (159, 158, 160, 410, 0.28, 293.74, 76.63, 0.28, 296.57, 76.05, 0.00, 346.81, -19.18);
insert into SHOT values (160, 158, 161, 410, 6.63, 82.56, -3.70, 6.63, 82.53, -3.72, 0.00, 335.04, -30.94);
insert into SHOT values (161, 158, 162, 410, 3.00, 235.91, 3.60, 3.01, 235.99, 3.62, 0.01, 268.87, 10.27);
insert into SHOT values (162, 158, 163, 410, 9.17, 271.26, 0.62, 9.17, 271.25, 0.62, 0.00, 226.71, 17.55);
insert into SHOT values (163, 158, 164, 410, 10.13, 301.61, -11.21, 10.13, 301.63, -11.21, 0.00, 359.44, -20.49);
insert into SHOT values (164, 158, 165, 410, 9.67, 315.89, -12.34, 9.67, 315.86, -12.30, 0.01, 265.05, 40.90);
insert into SHOT values (165, 158, 166, 410, 5.07, 137.35, 6.21, 5.07, 137.33, 6.11, 0.01, 88.61, -74.58);
insert into SHOT values (166, 166, 167, 410, 1.30, 304.28, -76.89, 1.31, 304.22, -76.61, 0.01, 301.75, -32.27);
insert into SHOT values (167, 166, 168, 410, 4.84, 39.40, 77.88, 4.84, 39.01, 77.87, 0.01, 309.91, -30.59);
insert into SHOT values (168, 166, 169, 410, 0.58, 143.77, -21.03, 0.58, 143.34, -21.39, 0.01, 12.39, -25.91);
insert into SHOT values (169, 166, 170, 410, 1.61, 328.08, 1.26, 1.61, 328.18, 1.07, 0.01, 355.22, -40.04);
insert into SHOT values (170, 166, 171, 410, 3.17, 247.58, -8.64, 3.17, 247.69, -8.71, 0.01, 13.35, -22.34);
insert into SHOT values (171, 166, 172, 410, 5.18, 38.44, 23.07, 5.19, 38.45, 22.93, 0.01, 50.21, -64.54);
insert into SHOT values (172, 172, 173, 410, 2.68, 136.31, 10.30, 2.67, 136.23, 10.34, 0.01, 344.26, 4.72);
insert into SHOT values (173, 172, 174, 410, 1.08, 335.93, -8.14, 1.09, 335.82, -8.47, 0.01, 317.43, -48.25);
insert into SHOT values (174, 172, 175, 410, 2.61, 118.22, 74.85, 2.60, 118.07, 74.84, 0.00, 3.36, -66.62);
insert into SHOT values (175, 172, 176, 410, 3.42, 332.72, -80.54, 3.43, 332.53, -80.53, 0.01, 279.87, -69.77);
insert into SHOT values (176, 172, 177, 410, 12.02, 64.39, -0.73, 12.03, 64.33, -1.00, 0.06, 356.01, -76.54);
insert into SHOT values (177, 177, 178, 410, 1.52, 151.79, 79.00, 1.53, 151.70, 78.86, 0.01, 145.86, 41.46);
insert into SHOT values (178, 177, 179, 410, 2.86, 277.36, -64.80, 2.86, 277.07, -64.79, 0.01, 185.65, 12.85);
insert into SHOT values (179, 177, 180, 410, 0.82, 148.39, -15.61, 0.83, 148.30, -15.39, 0.01, 141.44, 2.08);
insert into SHOT values (180, 177, 181, 410, 1.80, 316.62, -26.56, 1.79, 316.52, -26.58, 0.01, 156.07, 20.17);
insert into SHOT values (181, 177, 182, 410, 11.08, 67.70, -4.38, 11.09, 67.73, -4.60, 0.04, 103.67, -78.56);
insert into SHOT values (182, 182, 183, 410, 3.44, 42.14, 74.76, 3.44, 41.85, 74.84, 0.01, 268.94, 24.58);
insert into SHOT values (183, 182, 184, 410, 2.20, 355.81, -64.33, 2.20, 355.79, -64.31, 0.00, 265.34, 78.45);
insert into SHOT values (184, 182, 185, 410, 1.69, 160.90, 44.63, 1.68, 160.96, 44.63, 0.01, 322.73, -43.68);
insert into SHOT values (185, 182, 186, 410, 2.40, 350.63, 0.55, 2.41, 350.69, 0.48, 0.01, 9.54, -20.34);
insert into SHOT values (186, 182, 187, 410, 7.54, 12.97, -32.93, 7.54, 12.96, -32.93, 0.00, 352.18, -21.67);
insert into SHOT values (187, 182, 188, 410, 11.88, 59.29, -0.58, 11.88, 59.23, -0.82, 0.05, 349.31, -74.25);
insert into SHOT values (188, 188, 189, 410, 2.65, 139.54, 83.22, 2.64, 138.81, 83.06, 0.01, 108.13, -39.99);
insert into SHOT values (189, 188, 190, 410, 2.72, 328.75, -63.74, 2.72, 328.95, -63.77, 0.01, 89.76, 21.52);
insert into SHOT values (190, 188, 191, 410, 2.54, 341.25, 4.78, 2.53, 341.28, 4.76, 0.01, 153.16, -11.29);
insert into SHOT values (191, 188, 192, 410, 1.66, 141.02, 38.62, 1.67, 140.93, 38.64, 0.00, 100.24, 39.59);
insert into SHOT values (192, 188, 193, 410, 4.13, 257.74, -10.84, 4.13, 257.61, -10.89, 0.01, 135.67, -13.04);
insert into SHOT values (193, 188, 194, 410, 18.56, 56.97, -1.60, 18.56, 56.99, -1.61, 0.01, 115.64, -15.85);
insert into SHOT values (194, 194, 195, 410, 4.63, 28.64, 86.64, 4.63, 28.44, 86.62, 0.00, 0.55, 25.56);
insert into SHOT values (195, 194, 196, 410, 1.67, 345.77, -63.14, 1.67, 345.41, -63.15, 0.00, 247.68, 8.59);
insert into SHOT values (196, 194, 197, 410, 0.75, 157.75, 38.52, 0.76, 158.20, 38.43, 0.01, 213.06, 10.46);
insert into SHOT values (197, 194, 198, 410, 10.16, 237.81, 0.36, 10.16, 237.83, 0.34, 0.00, 340.29, -50.82);
insert into SHOT values (198, 194, 199, 410, 1.71, 324.32, -8.96, 1.71, 324.15, -9.08, 0.01, 279.18, -30.85);
insert into SHOT values (199, 194, 200, 410, 5.03, 346.32, 30.92, 5.03, 346.32, 30.99, 0.01, 168.01, 43.95);
insert into SHOT values (200, 194, 201, 410, 10.55, 50.24, 3.88, 10.55, 50.24, 3.86, 0.01, 224.99, -32.68);
insert into SHOT values (201, 201, 202, 410, 2.14, 130.00, 76.33, 2.15, 129.37, 76.43, 0.01, 20.15, 52.54);
insert into SHOT values (202, 201, 203, 410, 2.43, 100.06, -56.78, 2.43, 99.96, -56.77, 0.01, 325.27, 53.74);
insert into SHOT values (203, 201, 204, 410, 2.21, 159.24, -5.22, 2.21, 159.26, -5.19, 0.00, 302.50, 44.38);
insert into SHOT values (204, 201, 205, 410, 1.82, 10.48, 60.63, 1.82, 10.30, 60.64, 0.01, 334.53, 57.85);
insert into SHOT values (205, 201, 206, 410, 4.61, 77.06, -6.89, 4.61, 77.00, -6.85, 0.01, 14.59, 25.84);
insert into SHOT values (206, 206, 207, 410, 3.25, 204.65, -29.09, 3.26, 204.49, -29.04, 0.01, 138.76, 10.36);
insert into SHOT values (207, 206, 208, 410, 0.62, 5.74, 9.14, 0.61, 5.71, 9.42, 0.01, 189.15, 22.48);
insert into SHOT values (208, 206, 209, 410, 2.47, 214.16, -6.24, 2.48, 214.08, -6.26, 0.01, 176.27, -11.71);
insert into SHOT values (209, 206, 210, 410, 3.14, 170.90, -9.14, 3.14, 170.90, -9.17, 0.00, 179.90, -61.44);
insert into SHOT values (210, 206, 211, 410, 11.29, 194.67, 1.94, 11.29, 194.68, 1.93, 0.00, 252.71, -57.55);
insert into SHOT values (211, 211, 212, 410, 1.95, 331.58, 83.17, 1.95, 331.19, 83.29, 0.01, 174.66, 44.03);
insert into SHOT values (212, 211, 213, 410, 5.14, 226.06, -70.27, 5.14, 225.93, -70.23, 0.01, 175.03, 21.89);
insert into SHOT values (213, 211, 214, 410, 0.30, 122.50, 1.27, 0.31, 123.18, 1.84, 0.01, 148.04, 21.06);
insert into SHOT values (214, 211, 215, 410, 2.21, 292.45, 6.21, 2.21, 292.48, 6.23, 0.00, 323.35, 27.71);
insert into SHOT values (215, 211, 216, 410, 1.26, 283.01, -59.08, 1.26, 282.53, -59.14, 0.01, 167.32, 16.61);
insert into SHOT values (216, 211, 217, 410, 10.25, 203.19, 0.52, 10.26, 203.19, 0.56, 0.01, 205.21, 47.36);
insert into SHOT values (217, 217, 218, 410, 3.94, 111.32, 81.16, 3.94, 111.10, 81.07, 0.01, 87.47, -42.37);
insert into SHOT values (218, 217, 219, 410, 1.58, 89.80, -50.49, 1.58, 89.43, -50.38, 0.01, 28.47, 4.14);
insert into SHOT values (219, 217, 220, 410, 0.60, 307.79, 9.02, 0.60, 308.81, 8.67, 0.01, 39.75, -19.62);
insert into SHOT values (220, 217, 221, 410, 2.59, 98.74, -5.52, 2.60, 98.66, -5.51, 0.01, 76.37, -3.53);
insert into SHOT values (221, 217, 222, 410, 4.38, 140.77, -2.08, 4.38, 140.75, -2.09, 0.00, 94.84, -23.92);
insert into SHOT values (222, 217, 223, 410, 7.09, 124.19, -2.54, 7.09, 124.12, -2.59, 0.01, 34.98, -33.57);
insert into SHOT values (223, 217, 224, 410, 9.78, 115.04, 1.59, 9.78, 114.99, 1.58, 0.01, 18.50, -9.44);
insert into SHOT values (224, 224, 225, 410, 3.99, 224.19, 78.73, 3.99, 223.96, 78.75, 0.01, 98.88, -52.50);
insert into SHOT values (225, 224, 226, 410, 1.51, 257.37, -76.82, 1.52, 256.37, -77.08, 0.01, 124.56, -40.40);
insert into SHOT values (226, 224, 227, 410, 2.13, 258.87, -6.41, 2.12, 258.80, -6.49, 0.01, 109.96, -24.84);
insert into SHOT values (227, 224, 228, 410, 12.61, 181.17, 0.92, 12.61, 181.14, 0.91, 0.01, 141.55, -11.44);
insert into SHOT values (228, 228, 229, 410, 3.68, 214.79, 84.56, 3.68, 215.54, 84.63, 0.01, 349.43, 5.04);
insert into SHOT values (229, 228, 230, 410, 1.59, 348.36, -86.92, 1.58, 347.47, -86.66, 0.01, 336.85, 20.72);
insert into SHOT values (230, 228, 231, 410, 0.94, 81.27, -37.12, 0.93, 80.67, -37.12, 0.01, 311.14, 25.45);
insert into SHOT values (231, 228, 232, 410, 2.21, 255.87, 2.15, 2.21, 256.09, 2.08, 0.01, 357.93, -18.15);
insert into SHOT values (232, 228, 233, 410, 6.32, 164.61, 1.38, 6.31, 164.64, 1.36, 0.01, 327.22, -10.61);
insert into SHOT values (233, 233, 234, 410, 2.87, 69.93, 73.03, 2.87, 70.48, 73.05, 0.01, 152.70, 40.10);
insert into SHOT values (234, 233, 235, 410, 1.97, 343.75, -78.00, 1.96, 344.25, -78.08, 0.01, 118.96, 31.25);
insert into SHOT values (235, 233, 236, 410, 0.85, 268.17, -49.99, 0.85, 267.88, -50.26, 0.00, 125.90, -24.25);
insert into SHOT values (236, 233, 237, 410, 2.21, 72.84, -1.75, 2.22, 72.95, -1.81, 0.01, 117.75, -20.87);
insert into SHOT values (237, 233, 238, 410, 4.19, 169.24, -51.69, 4.20, 169.16, -51.61, 0.01, 145.37, -4.51);
insert into SHOT values (238, 233, 239, 410, 7.57, 159.94, -1.55, 7.58, 159.94, -1.51, 0.01, 159.41, 29.42);
insert into SHOT values (239, 239, 240, 410, 2.55, 136.67, 87.42, 2.55, 135.00, 87.46, 0.00, 17.01, -20.40);
insert into SHOT values (240, 239, 241, 410, 1.67, 60.53, -72.75, 1.68, 59.83, -72.73, 0.01, 349.77, -38.34);
insert into SHOT values (241, 239, 242, 410, 0.52, 244.55, -13.33, 0.52, 245.46, -13.35, 0.01, 311.02, -6.70);
insert into SHOT values (242, 239, 243, 410, 2.30, 53.22, -0.48, 2.30, 53.13, -0.50, 0.00, 295.18, -9.92);
insert into SHOT values (243, 239, 244, 410, 7.10, 116.02, -0.79, 7.10, 115.99, -0.81, 0.01, 352.38, -23.36);
insert into SHOT values (244, 244, 245, 410, 2.88, 216.84, 69.92, 2.88, 216.75, 70.01, 0.00, 56.46, 16.45);
insert into SHOT values (245, 244, 246, 410, 2.34, 245.07, -44.13, 2.34, 244.96, -44.17, 0.00, 123.71, -10.52);
insert into SHOT values (246, 244, 247, 410, 0.54, 43.23, -0.88, 0.54, 43.49, -1.07, 0.01, 193.73, -18.52);
insert into SHOT values (247, 244, 248, 410, 2.62, 248.91, -3.56, 2.62, 248.93, -3.50, 0.00, 267.49, 39.70);
insert into SHOT values (248, 244, 249, 410, 10.07, 193.62, 1.43, 10.07, 193.62, 1.42, 0.00, 6.59, -24.39);
insert into SHOT values (249, 249, 250, 410, 2.81, 14.47, 76.99, 2.81, 14.70, 77.04, 0.00, 139.22, 45.56);
insert into SHOT values (250, 249, 251, 410, 2.09, 20.14, -69.38, 2.09, 19.92, -69.47, 0.00, 239.02, -1.87);
insert into SHOT values (251, 249, 252, 410, 3.79, 22.01, 0.66, 3.79, 22.03, 0.61, 0.00, 82.42, -71.16);
insert into SHOT values (252, 249, 253, 410, 1.98, 128.46, -7.75, 1.99, 128.61, -7.80, 0.01, 165.61, -17.22);
insert into SHOT values (253, 249, 254, 410, 2.53, 297.15, 5.95, 2.53, 296.97, 5.91, 0.01, 186.18, -15.20);
insert into SHOT values (254, 249, 255, 410, 9.93, 200.12, 1.62, 9.93, 200.10, 1.62, 0.00, 126.65, -8.62);
insert into SHOT values (255, 255, 256, 410, 2.46, 60.19, 73.63, 2.47, 60.46, 73.78, 0.01, 206.09, 45.31);
insert into SHOT values (256, 255, 257, 410, 2.03, 47.32, -64.82, 2.02, 47.37, -64.92, 0.01, 221.63, 41.63);
insert into SHOT values (257, 255, 258, 410, 0.85, 247.46, -37.75, 0.85, 247.25, -37.72, 0.00, 203.76, -22.06);
insert into SHOT values (258, 255, 259, 410, 2.50, 55.23, -9.42, 2.49, 55.28, -9.47, 0.01, 212.39, -16.44);
insert into SHOT values (259, 255, 260, 410, 3.36, 34.06, -9.65, 3.35, 34.03, -9.61, 0.01, 227.07, 22.59);
insert into SHOT values (260, 255, 261, 410, 3.09, 91.53, -4.82, 3.08, 91.49, -4.84, 0.01, 293.15, -6.45);
insert into SHOT values (261, 255, 262, 410, 4.22, 97.48, -1.35, 4.22, 97.50, -1.36, 0.00, 263.81, -6.13);
insert into SHOT values (262, 262, 263, 410, 4.29, 181.63, 66.09, 4.30, 181.65, 66.11, 0.01, 214.18, 80.54);
insert into SHOT values (263, 262, 264, 410, 1.78, 157.42, -72.48, 1.78, 157.22, -72.31, 0.01, 139.30, -6.15);
insert into SHOT values (264, 262, 265, 410, 2.30, 177.48, -1.71, 2.30, 177.51, -1.74, 0.01, 188.65, -12.98);
insert into SHOT values (265, 262, 266, 410, 0.73, 353.91, -34.91, 0.73, 354.19, -35.31, 0.01, 146.28, -19.42);
insert into SHOT values (266, 262, 267, 410, 11.43, 70.35, 0.98, 11.43, 70.36, 1.00, 0.01, 200.96, 60.79);
insert into SHOT values (267, 267, 268, 410, 2.40, 148.19, 74.99, 2.40, 148.09, 74.94, 0.00, 125.12, 18.65);
insert into SHOT values (268, 267, 269, 410, 1.75, 155.94, -68.57, 1.75, 155.85, -68.70, 0.00, 350.04, -14.22);
insert into SHOT values (269, 267, 270, 410, 0.58, 326.77, -15.63, 0.58, 327.45, -16.01, 0.01, 40.90, -33.44);
insert into SHOT values (270, 267, 271, 410, 1.75, 150.74, -2.71, 1.74, 150.79, -2.96, 0.01, 309.26, -62.90);
insert into SHOT values (271, 267, 272, 410, 4.46, 242.09, -2.77, 4.47, 242.06, -2.82, 0.01, 192.13, -51.30);
insert into SHOT values (272, 267, 273, 410, 4.86, 68.09, 3.46, 4.86, 68.09, 3.42, 0.00, 46.12, -85.67);
insert into SHOT values (273, 273, 274, 410, 1.59, 322.72, 62.14, 1.58, 322.67, 62.08, 0.00, 262.78, -75.39);
insert into SHOT values (274, 273, 275, 410, 1.96, 176.97, -87.78, 1.96, 180.00, -87.66, 0.01, 224.96, 23.93);
insert into SHOT values (275, 273, 276, 410, 1.82, 326.69, -10.63, 1.82, 326.84, -10.74, 0.01, 24.57, -37.26);
insert into SHOT values (276, 273, 277, 410, 0.32, 144.45, -4.24, 0.32, 143.84, -3.55, 0.01, 69.01, 47.15);
insert into SHOT values (277, 273, 278, 410, 5.21, 346.09, -55.47, 5.20, 346.06, -55.51, 0.00, 190.74, -26.55);
insert into SHOT values (278, 279, 1, 410, 3.86, 1.20, -73.50, 3.86, 1.04, -73.44, 0.01, 326.83, -9.21);
insert into SHOT values (279, 280, 279, 410, 7.72, 134.00, 0.43, 7.73, 134.00, 0.44, 0.01, 139.22, 18.46);
insert into SHOT values (280, 281, 280, 410, 4.12, 148.70, -23.20, 4.12, 148.83, -23.29, 0.01, 216.08, -42.82);
insert into SHOT values (281, 281, 282, 410, 4.12, 149.10, -23.10, 4.12, 149.04, -23.14, 0.01, 103.51, -41.05);
insert into SHOT values (282, 281, 280, 410, 4.12, 149.00, -23.30, 4.12, 148.83, -23.29, 0.01, 80.82, -5.36);
insert into SHOT values (283, 281, 283, 410, 0.81, 60.48, 6.82, 0.81, 60.88, 6.41, 0.01, 178.74, -44.55);
insert into SHOT values (284, 281, 284, 410, 0.74, 247.62, -11.18, 0.73, 247.01, -11.82, 0.01, 118.85, -36.02);
insert into SHOT values (285, 281, 285, 410, 0.83, 5.71, 73.33, 0.82, 7.43, 73.64, 0.01, 140.11, -35.80);
insert into SHOT values (286, 281, 286, 410, 0.27, 174.95, -74.06, 0.28, 172.87, -73.37, 0.01, 147.40, -49.91);
insert into SHOT values (287, 281, 287, 410, 2.59, 196.85, -24.33, 2.59, 196.75, -24.39, 0.01, 154.19, -38.28);
insert into SHOT values (288, 281, 288, 410, 2.92, 163.83, -19.23, 2.92, 163.80, -19.18, 0.01, 147.75, 7.62);
insert into SHOT values (289, 281, 289, 410, 2.52, 98.43, -6.21, 2.52, 98.49, -6.37, 0.01, 119.81, -49.60);
insert into SHOT values (290, 281, 290, 410, 2.92, 125.96, -20.87, 2.92, 125.90, -20.87, 0.00, 54.54, -2.23);
insert into SHOT values (291, 280, 291, 410, 1.17, 41.70, 72.30, 1.17, 42.71, 72.32, 0.01, 135.53, 1.37);
insert into SHOT values (292, 280, 292, 410, 0.55, 63.62, -57.73, 0.54, 63.43, -57.71, 0.00, 316.26, 39.82);
insert into SHOT values (293, 280, 293, 410, 0.53, 82.83, 6.37, 0.54, 82.48, 6.40, 0.01, 53.51, 8.23);
insert into SHOT values (294, 280, 294, 410, 0.29, 182.88, -8.39, 0.29, 181.97, -7.85, 0.01, 135.58, 19.17);
insert into SHOT values (295, 280, 295, 410, 1.23, 178.87, 3.33, 1.22, 178.59, 3.28, 0.01, 57.80, -9.94);
insert into SHOT values (296, 280, 296, 410, 0.61, 127.98, 2.38, 0.61, 128.37, 2.81, 0.01, 184.66, 43.30);
insert into SHOT values (297, 280, 297, 410, 1.61, 148.81, -3.90, 1.61, 148.79, -3.93, 0.00, 348.84, -24.13);
insert into SHOT values (298, 280, 298, 410, 2.33, 138.19, 1.59, 2.32, 138.14, 1.73, 0.01, 358.87, 60.90);
insert into SHOT values (299, 280, 299, 410, 2.81, 138.59, -8.79, 2.80, 138.66, -8.82, 0.00, 254.73, -20.23);
insert into SHOT values (300, 279, 300, 410, 2.42, 56.16, -17.29, 2.41, 55.97, -17.35, 0.01, 318.42, -15.83);
insert into SHOT values (301, 279, 301, 410, 1.07, 333.76, 73.40, 1.07, 333.43, 72.94, 0.01, 321.14, -23.23);
insert into SHOT values (302, 279, 302, 410, 1.44, 353.39, -13.51, 1.44, 353.43, -13.66, 0.01, 13.51, -55.59);
insert into SHOT values (303, 279, 303, 410, 2.57, 324.46, -2.75, 2.58, 324.46, -2.66, 0.01, 325.08, 19.89);
insert into SHOT values (304, 279, 304, 410, 2.18, 262.41, 10.64, 2.19, 262.51, 10.55, 0.01, 300.59, -23.72);
insert into SHOT values (305, 279, 305, 410, 4.68, 310.83, 7.36, 4.68, 310.90, 7.36, 0.01, 20.12, 4.79);
insert into SHOT values (306, 279, 306, 410, 3.37, 299.55, 5.08, 3.37, 299.62, 5.10, 0.01, 328.89, 14.10);
insert into SHOT values (307, 279, 307, 410, 4.91, 317.38, -1.65, 4.92, 317.39, -1.63, 0.01, 324.22, 12.47);
insert into SHOT values (308, 279, 308, 410, 4.37, 312.46, -0.57, 4.38, 312.50, -0.52, 0.01, 329.83, 17.78);
insert into SHOT values (309, 279, 309, 410, 1.46, 289.50, -52.51, 1.46, 289.65, -52.44, 0.01, 320.53, -26.76);
insert into SHOT values (310, 1, 310, 410, 1.61, 63.68, -2.35, 1.61, 63.75, -2.50, 0.01, 216.95, -40.49);
insert into SHOT values (311, 1, 311, 410, 1.37, 355.51, 1.36, 1.36, 355.38, 1.26, 0.00, 262.32, -36.84);
insert into SHOT values (312, 1, 312, 410, 0.73, 92.01, -50.88, 0.73, 92.49, -51.07, 0.00, 216.99, -6.59);
insert into SHOT values (313, 1, 313, 410, 3.60, 122.02, 82.32, 3.60, 122.38, 82.26, 0.01, 159.58, -7.73);
insert into SHOT values (314, 1, 314, 410, 1.19, 266.51, 37.45, 1.19, 266.35, 37.39, 0.00, 139.38, -41.83);
insert into SHOT values (315, 1, 315, 410, 2.03, 175.58, 13.60, 2.02, 175.62, 13.72, 0.01, 336.92, 35.73);
insert into SHOT values (316, 59, 316, 410, 5.94, 188.92, 45.98, 5.94, 188.91, 45.96, 0.00, 183.96, 9.65);
insert into SHOT values (317, 316, 317, 410, 0.13, 120.68, -12.77, 0.13, 118.61, -13.46, 0.01, 345.89, -5.39);
insert into SHOT values (318, 316, 318, 410, 1.40, 350.37, 74.31, 1.40, 349.56, 74.03, 0.01, 311.13, -11.08);
insert into SHOT values (319, 316, 319, 410, 5.93, 330.85, -71.68, 5.93, 330.83, -71.66, 0.00, 318.35, -34.39);
insert into SHOT values (320, 316, 320, 410, 4.21, 291.68, 8.64, 4.21, 291.70, 8.60, 0.00, 23.19, -64.26);
insert into SHOT values (321, 316, 321, 410, 6.58, 115.58, 6.66, 6.57, 115.58, 6.64, 0.01, 292.73, -21.12);
insert into SHOT values (322, 316, 322, 410, 4.76, 149.24, 9.15, 4.75, 149.22, 9.20, 0.01, 338.16, 21.88);
insert into SHOT values (323, 316, 323, 410, 4.83, 248.45, 10.65, 4.83, 248.51, 10.61, 0.01, 344.83, -32.99);
insert into SHOT values (324, 323, 324, 410, 0.82, 133.85, 50.29, 0.81, 134.22, 50.67, 0.01, 281.12, 20.38);
insert into SHOT values (325, 323, 325, 410, 0.60, 217.69, -63.43, 0.60, 217.69, -62.32, 0.01, 217.82, 43.87);
insert into SHOT values (326, 323, 326, 410, 3.09, 348.19, -7.65, 3.08, 348.10, -7.64, 0.01, 226.68, 8.37);
insert into SHOT values (327, 323, 327, 410, 10.45, 213.68, -0.19, 10.46, 213.69, -0.16, 0.01, 243.89, 51.94);
insert into SHOT values (328, 323, 328, 410, 12.26, 261.63, -2.93, 12.27, 261.65, -2.90, 0.01, 300.07, 52.74);
insert into SHOT values (329, 328, 329, 410, 0.79, 163.61, 54.43, 0.79, 163.54, 54.36, 0.00, 144.17, 21.49);
insert into SHOT values (330, 328, 330, 410, 0.71, 127.96, -47.18, 0.72, 128.29, -47.59, 0.01, 251.41, -58.95);
insert into SHOT values (331, 328, 331, 410, 6.67, 157.02, 9.50, 6.67, 157.02, 9.49, 0.01, 155.82, -1.51);
insert into SHOT values (332, 328, 332, 410, 0.42, 349.80, -65.58, 0.43, 349.99, -66.12, 0.00, 159.16, -43.96);
insert into SHOT values (333, 328, 333, 410, 3.32, 64.02, -0.99, 3.32, 64.13, -1.03, 0.01, 149.22, -22.18);
insert into SHOT values (334, 328, 334, 410, 11.79, 230.69, 1.10, 11.79, 230.68, 1.07, 0.01, 195.31, -60.12);
insert into SHOT values (335, 334, 335, 410, 1.28, 63.30, 59.62, 1.29, 63.43, 59.71, 0.01, 131.39, 71.41);
insert into SHOT values (336, 334, 336, 410, 0.36, 73.35, -44.81, 0.35, 73.74, -45.00, 0.00, 219.85, 16.18);
insert into SHOT values (337, 334, 337, 410, 3.01, 8.56, 11.12, 3.01, 8.57, 11.11, 0.00, 171.18, -24.39);
insert into SHOT values (338, 334, 338, 410, 5.88, 39.66, 3.22, 5.88, 39.68, 3.22, 0.00, 65.65, -1.98);
insert into SHOT values (339, 334, 339, 410, 1.94, 262.97, 11.70, 1.94, 263.03, 11.93, 0.01, 49.36, 65.46);
insert into SHOT values (340, 334, 340, 410, 6.64, 262.19, 11.63, 6.64, 262.13, 11.65, 0.01, 138.38, 7.39);
insert into SHOT values (341, 334, 341, 410, 8.74, 146.71, -3.08, 8.74, 146.73, -3.08, 0.00, 191.56, -4.91);
insert into SHOT values (342, 334, 342, 410, 9.14, 226.21, 1.73, 9.14, 226.20, 1.76, 0.01, 77.72, 48.71);
insert into SHOT values (343, 342, 343, 410, 0.67, 229.12, 86.79, 0.67, 225.00, 86.38, 0.01, 197.59, 34.77);
insert into SHOT values (344, 342, 344, 410, 1.04, 130.48, -29.73, 1.05, 130.53, -29.80, 0.00, 163.80, -56.07);
insert into SHOT values (345, 342, 345, 410, 5.50, 313.15, -1.55, 5.50, 313.16, -1.56, 0.00, 331.43, -30.95);
insert into SHOT values (346, 342, 346, 410, 7.49, 260.62, 4.33, 7.49, 260.60, 4.36, 0.01, 142.93, 56.40);
insert into SHOT values (347, 342, 347, 410, 8.38, 170.14, -5.57, 8.37, 170.12, -5.55, 0.00, 48.36, 39.47);
insert into SHOT values (348, 342, 348, 410, 10.44, 102.79, -2.99, 10.43, 102.81, -2.97, 0.01, 228.47, 45.49);
insert into SHOT values (349, 342, 349, 410, 6.54, 54.86, -5.41, 6.53, 54.89, -5.45, 0.01, 197.36, -31.26);
insert into SHOT values (350, 342, 350, 410, 22.85, 231.81, 0.82, 22.85, 231.81, 0.83, 0.01, 221.52, 19.55);
insert into SHOT values (351, 350, 351, 410, 6.90, 345.72, -11.52, 6.90, 345.78, -11.54, 0.01, 75.77, -22.03);
insert into SHOT values (352, 350, 352, 410, 11.40, 43.67, -1.49, 11.41, 43.65, -1.51, 0.01, 12.01, -24.95);
insert into SHOT values (353, 350, 353, 410, 6.22, 79.11, -4.22, 6.23, 79.05, -4.23, 0.01, 49.12, -10.61);
insert into SHOT values (354, 350, 354, 410, 0.34, 92.55, 32.99, 0.34, 91.97, 31.81, 0.01, 71.31, -23.49);
insert into SHOT values (355, 350, 355, 410, 0.68, 19.14, -43.02, 0.68, 19.89, -42.63, 0.01, 65.24, 3.31);
insert into SHOT values (356, 350, 356, 410, 4.70, 150.03, -0.66, 4.70, 150.00, -0.73, 0.01, 11.50, -55.82);
insert into SHOT values (357, 350, 357, 410, 2.26, 226.10, 21.77, 2.25, 226.16, 21.63, 0.01, 19.27, -57.63);
insert into SHOT values (358, 357, 358, 410, 0.32, 208.72, 56.66, 0.32, 206.57, 56.47, 0.01, 133.59, 8.12);
insert into SHOT values (359, 357, 359, 410, 0.77, 150.75, -56.57, 0.76, 150.42, -55.97, 0.01, 115.39, 65.60);
insert into SHOT values (360, 357, 360, 410, 0.59, 157.74, -34.40, 0.59, 157.11, -34.04, 0.01, 99.06, 19.28);
insert into SHOT values (361, 357, 361, 410, 0.31, 334.35, -15.03, 0.31, 334.29, -14.95, 0.00, 326.25, -3.29);
insert into SHOT values (362, 357, 362, 410, 9.32, 276.06, 2.53, 9.31, 276.05, 2.59, 0.01, 117.26, 57.79);
insert into SHOT values (363, 362, 363, 410, 4.86, 4.98, 1.53, 4.86, 4.96, 1.53, 0.01, 345.54, 4.05);
insert into SHOT values (364, 362, 364, 410, 6.99, 55.01, -3.41, 6.98, 54.99, -3.45, 0.01, 277.36, -47.69);
insert into SHOT values (365, 362, 365, 410, 7.97, 152.44, 1.60, 7.96, 152.47, 1.58, 0.00, 260.90, -29.39);
insert into SHOT values (366, 362, 366, 410, 8.80, 135.10, 1.04, 8.80, 135.09, 1.04, 0.01, 324.74, 1.47);
insert into SHOT values (367, 362, 367, 410, 7.45, 188.68, -0.15, 7.45, 188.73, -0.15, 0.01, 276.29, -4.58);
insert into SHOT values (368, 362, 368, 410, 0.21, 167.04, 63.12, 0.21, 167.47, 64.12, 0.00, 338.39, -10.78);
insert into SHOT values (369, 362, 369, 410, 2.47, 113.02, -4.66, 2.46, 113.01, -4.66, 0.01, 295.03, 5.98);
insert into SHOT values (370, 362, 370, 410, 16.66, 232.36, -1.43, 16.66, 232.37, -1.44, 0.01, 13.82, -54.41);
insert into SHOT values (371, 362, 371, 410, 6.61, 311.40, 1.51, 6.61, 311.38, 1.47, 0.00, 215.48, -63.41);
insert into SHOT values (372, 362, 372, 410, 19.16, 255.48, -0.20, 19.15, 255.48, -0.21, 0.01, 51.24, -38.45);
insert into SHOT values (373, 372, 373, 410, 0.85, 61.59, 56.35, 0.85, 61.78, 56.76, 0.01, 230.42, -6.37);
insert into SHOT values (374, 372, 374, 410, 4.09, 1.74, 2.88, 4.09, 1.68, 2.81, 0.01, 243.99, -50.75);
insert into SHOT values (375, 372, 375, 410, 8.12, 32.78, 0.87, 8.12, 32.73, 0.85, 0.01, 303.67, -25.36);
insert into SHOT values (376, 372, 376, 410, 7.48, 139.38, -1.63, 7.47, 139.40, -1.61, 0.01, 294.02, 25.00);
insert into SHOT values (377, 372, 377, 410, 5.46, 96.06, -23.85, 5.46, 96.10, -23.90, 0.01, 214.68, -45.11);
insert into SHOT values (378, 372, 378, 410, 5.70, 309.78, 7.77, 5.70, 309.75, 7.77, 0.00, 229.66, -4.68);
insert into SHOT values (379, 372, 379, 410, 7.47, 221.64, 8.19, 7.48, 221.66, 8.15, 0.01, 241.10, -29.88);
insert into SHOT values (380, 372, 380, 410, 7.40, 278.42, 18.04, 7.40, 278.42, 18.03, 0.00, 272.71, -16.18);
insert into SHOT values (381, 380, 381, 410, 0.28, 186.55, 51.87, 0.28, 186.71, 52.12, 0.00, 354.97, -23.57);
insert into SHOT values (382, 380, 382, 410, 4.13, 130.68, -35.34, 4.13, 130.79, -35.36, 0.01, 244.57, 0.52);
insert into SHOT values (383, 380, 383, 410, 9.49, 117.72, -6.22, 9.49, 117.73, -6.23, 0.00, 149.06, -28.26);
insert into SHOT values (384, 380, 384, 410, 6.49, 80.31, -11.50, 6.48, 80.30, -11.48, 0.01, 270.43, 28.49);
insert into SHOT values (385, 380, 385, 410, 0.59, 1.81, 0.20, 0.59, 1.94, 0.00, 0.00, 117.75, -53.86);
insert into SHOT values (386, 380, 386, 410, 6.68, 183.41, -3.21, 6.68, 183.44, -3.17, 0.01, 282.67, 52.89);
insert into SHOT values (387, 380, 387, 410, 5.34, 233.09, 0.25, 5.34, 233.07, 0.21, 0.00, 185.34, -47.21);
insert into SHOT values (388, 342, 388, 410, 0.00, 0.00, 0.00, 0.00, 90.00, 0.00, 0.00, 90.00, 0.00);
insert into SHOT values (389, 342, 389, 410, 9.08, 208.47, -3.29, 9.08, 208.46, -3.28, 0.00, 182.06, 13.49);
insert into SHOT values (390, 389, 390, 410, 2.22, 196.40, -9.65, 2.22, 196.45, -9.59, 0.00, 239.15, 35.74);
insert into SHOT values (391, 389, 391, 410, 2.80, 285.47, -4.40, 2.80, 285.58, -4.50, 0.01, 27.68, -42.79);
insert into SHOT values (392, 389, 392, 410, 17.07, 253.13, 1.70, 17.07, 253.14, 1.71, 0.00, 294.74, 50.22);
insert into SHOT values (393, 69, 393, 410, 50.00, 0.00, 0.00, 50.00, 0.00, 0.00, 0.00, 90.00, 0.00);
insert into SHOT values (394, 132, 394, 410, 0.00, 0.00, 0.00, 0.01, 90.00, 90.00, 0.01, 90.00, 90.00);
insert into SHOT values (395, 394, 395, 410, 3.35, 127.49, -8.94, 3.35, 127.39, -8.93, 0.01, 70.55, 1.02);
insert into SHOT values (396, 394, 396, 410, 2.14, 173.50, -13.68, 2.14, 173.35, -13.82, 0.01, 58.52, -38.42);
insert into SHOT values (397, 394, 397, 410, 4.27, 157.35, -9.99, 4.27, 157.34, -9.98, 0.00, 124.25, 14.06);
insert into SHOT values (398, 394, 398, 410, 5.82, 149.14, -8.34, 5.83, 149.12, -8.38, 0.01, 128.99, -44.04);
insert into SHOT values (399, 394, 399, 410, 7.80, 142.33, -6.87, 7.80, 142.39, -6.70, 0.03, 202.82, 67.87);
insert into SHOT values (400, 399, 400, 410, 3.48, 21.29, 7.74, 3.48, 21.28, 7.77, 0.00, 258.48, 60.47);
insert into SHOT values (401, 399, 401, 410, 4.52, 335.75, 5.56, 4.52, 335.71, 5.59, 0.00, 295.32, 29.50);
insert into SHOT values (402, 399, 402, 410, 1.56, 286.15, 6.19, 1.56, 286.10, 6.26, 0.00, 266.07, 28.30);
insert into SHOT values (403, 399, 403, 410, 0.75, 260.84, 6.94, 0.76, 260.79, 6.85, 0.01, 254.65, -4.63);
insert into SHOT values (404, 399, 404, 410, 1.22, 199.81, -6.57, 1.22, 199.78, -6.59, 0.00, 148.62, -33.81);
insert into SHOT values (405, 404, 405, 410, 0.47, 96.67, 65.81, 0.47, 96.01, 66.04, 0.00, 325.00, 6.91);
insert into SHOT values (406, 404, 406, 410, 0.78, 47.58, -60.80, 0.78, 47.12, -60.67, 0.01, 310.23, 54.78);
insert into SHOT values (407, 404, 407, 410, 0.57, 105.03, 1.76, 0.57, 105.26, 2.01, 0.00, 186.09, 47.72);
insert into SHOT values (408, 404, 408, 410, 0.64, 44.31, -4.12, 0.63, 44.36, -3.64, 0.01, 219.46, 43.81);
insert into SHOT values (409, 404, 409, 410, 1.64, 83.44, 2.94, 1.62, 83.62, 3.18, 0.02, 244.42, 21.06);
insert into SHOT values (410, 409, 410, 410, 0.42, 12.79, 1.01, 0.42, 13.71, 1.36, 0.01, 94.12, 20.68);
insert into SHOT values (411, 409, 411, 410, 0.56, 329.68, 4.64, 0.56, 329.74, 5.14, 0.01, 126.94, 71.55);
insert into SHOT values (412, 409, 412, 410, 0.80, 185.78, -50.61, 0.79, 185.71, -50.52, 0.00, 22.63, 64.54);
insert into SHOT values (413, 409, 413, 410, 0.44, 215.16, 49.70, 0.43, 214.82, 49.67, 0.00, 68.72, -47.91);
insert into SHOT values (414, 409, 414, 410, 0.55, 245.51, -11.95, 0.54, 245.38, -11.77, 0.01, 74.14, 22.92);
insert into SHOT values (415, 409, 415, 410, 2.22, 181.26, 0.45, 2.22, 181.29, 0.52, 0.00, 288.74, 64.34);
insert into SHOT values (416, 415, 416, 410, 0.99, 293.75, -76.14, 0.99, 293.20, -76.61, 0.01, 127.58, 13.13);
insert into SHOT values (417, 415, 417, 410, 0.51, 129.96, 67.88, 0.52, 128.66, 68.19, 0.01, 40.03, 59.96);
insert into SHOT values (418, 415, 418, 410, 0.72, 46.94, -4.42, 0.72, 47.25, -3.96, 0.01, 79.95, 37.03);
insert into SHOT values (419, 415, 419, 410, 0.50, 129.86, -8.26, 0.50, 130.10, -8.02, 0.01, 152.78, 14.64);
insert into SHOT values (420, 415, 420, 410, 0.74, 87.25, -6.44, 0.74, 87.68, -6.17, 0.01, 133.74, 21.45);
insert into SHOT values (421, 415, 421, 410, 1.35, 2.80, -4.97, 1.35, 2.99, -4.69, 0.01, 81.63, 55.49);
insert into SHOT values (422, 415, 422, 410, 6.31, 191.48, -21.15, 6.30, 191.46, -20.92, 0.03, 169.11, 79.77);
insert into SHOT values (423, 422, 188, 410, 11.79, 60.42, 26.28, 11.79, 60.40, 26.55, 0.06, 249.07, 59.26);
insert into SHOT values (424, 422, 423, 410, 0.00, 0.00, 0.00, 0.00, 90.00, 0.00, 0.00, 90.00, 0.00);
insert into SHOT values (425, 422, 424, 410, 0.90, 149.08, 6.49, 0.90, 149.15, 6.36, 0.00, 169.92, -30.81);
insert into SHOT values (426, 422, 425, 410, 5.07, 4.40, 16.29, 5.07, 4.36, 16.27, 0.00, 299.23, -16.07);
insert into SHOT values (427, 422, 426, 410, 4.24, 15.32, 18.42, 4.24, 15.28, 18.30, 0.01, 292.83, -73.34);
insert into SHOT values (428, 422, 427, 410, 3.17, 41.13, 14.21, 3.16, 41.17, 14.09, 0.01, 180.99, -67.44);
insert into SHOT values (429, 422, 428, 410, 3.46, 74.23, 8.16, 3.45, 74.22, 8.16, 0.00, 269.66, -12.00);
insert into SHOT values (430, 422, 429, 410, 11.11, 244.29, 2.57, 11.11, 244.31, 2.53, 0.01, 301.14, -56.84);
insert into SHOT values (431, 422, 430, 410, 4.17, 328.90, 24.86, 4.16, 328.75, 24.85, 0.01, 233.62, -5.62);
insert into SURVEY values (412, 55, 'mountaineye2', 'mountaineye2.Mountaineye', NULL);
 insert into CENTRELINE values (413, 412, NULL, NULL, NULL, 0.00, 0.00, 0.00);
 insert into SCRAPS values (414, 412, 'ME2_scrapSP1', 1);
 insert into MAPS values (594, 412, 'mountaineye2', 'Mountain eye cave part 2', 1, 1179.008, 10.690);
 insert into MAPITEMS values (594, 4, 414);
 insert into CENTRELINE values (595, 412, NULL, '2006-10-09', NULL, 1179.01, 0.00, 0.00);
 insert into SHOT values (432, 431, 432, 595, 4.86, 68.10, 3.46, 4.86, 68.09, 3.42, 0.00, 351.76, -73.44);
insert into SHOT values (433, 432, 433, 595, 4.40, 31.64, 2.14, 4.40, 31.70, 2.21, 0.01, 145.25, 47.74);
insert into SHOT values (434, 433, 434, 595, 7.29, 92.63, -0.68, 7.29, 92.60, -0.71, 0.01, 304.73, -22.47);
insert into SHOT values (435, 434, 435, 595, 8.21, 39.29, -2.99, 8.20, 39.30, -3.00, 0.00, 179.52, -31.09);
insert into SHOT values (436, 435, 436, 595, 12.93, 41.55, 1.03, 12.94, 41.55, 1.02, 0.01, 47.94, -24.94);
insert into SHOT values (437, 436, 437, 595, 6.96, 123.72, 1.94, 6.96, 123.69, 1.98, 0.01, 44.67, 49.37);
insert into SHOT values (438, 437, 438, 595, 10.01, 157.13, -1.41, 10.01, 157.12, -1.43, 0.01, 144.23, -42.32);
insert into SHOT values (439, 438, 439, 595, 4.67, 72.57, 2.61, 4.67, 72.54, 2.70, 0.01, 280.91, 50.71);
insert into SHOT values (440, 439, 440, 595, 12.27, 101.64, -1.09, 12.27, 101.67, -1.12, 0.01, 205.13, -47.90);
insert into SHOT values (441, 440, 441, 595, 5.02, 106.26, -0.52, 5.02, 106.20, -0.46, 0.01, 0.33, 43.81);
insert into SHOT values (442, 441, 442, 595, 8.69, 143.11, 0.22, 8.69, 143.09, 0.20, 0.01, 120.45, -23.62);
insert into SHOT values (443, 442, 443, 595, 21.82, 236.13, 2.51, 21.83, 236.14, 2.52, 0.01, 285.21, 34.06);
insert into SHOT values (444, 443, 444, 595, 12.48, 168.42, 1.49, 12.48, 168.39, 1.47, 0.01, 62.69, -36.43);
insert into SHOT values (445, 444, 445, 595, 14.94, 239.74, -0.34, 14.95, 239.75, -0.35, 0.00, 270.26, -22.23);
insert into SHOT values (446, 445, 446, 595, 10.55, 186.37, -1.52, 10.56, 186.36, -1.52, 0.01, 175.81, -0.71);
insert into SHOT values (447, 446, 447, 595, 12.84, 171.11, 4.14, 12.84, 171.10, 4.15, 0.00, 32.61, 57.53);
insert into SHOT values (448, 442, 448, 595, 0.00, 0.00, 0.00, 0.00, 90.00, 0.00, 0.00, 90.00, 0.00);
insert into SHOT values (449, 448, 449, 595, 22.06, 38.89, 3.51, 22.06, 38.88, 3.51, 0.00, 282.14, -7.83);
insert into SHOT values (450, 449, 450, 595, 27.66, 81.57, -2.24, 27.67, 81.58, -2.24, 0.01, 113.07, 11.29);
insert into SHOT values (451, 450, 451, 595, 28.51, 77.52, 1.32, 28.50, 77.51, 1.33, 0.01, 276.24, 22.07);
insert into SHOT values (452, 451, 452, 595, 9.15, 118.76, 2.76, 9.15, 118.70, 2.76, 0.01, 42.42, -3.47);
insert into SHOT values (453, 452, 453, 595, 21.86, 154.59, 0.19, 21.86, 154.60, 0.18, 0.01, 174.90, -23.35);
insert into SHOT values (454, 453, 454, 595, 35.67, 43.86, -1.04, 35.67, 43.85, -1.04, 0.01, 306.66, -28.64);
insert into SHOT values (455, 454, 455, 595, 18.58, 51.10, -1.79, 18.58, 51.10, -1.79, 0.01, 233.80, 4.69);
insert into SHOT values (456, 455, 456, 595, 24.28, 55.56, 4.51, 24.29, 55.57, 4.51, 0.00, 103.85, 5.79);
insert into SHOT values (457, 456, 457, 595, 6.47, 124.05, -9.54, 6.47, 124.01, -9.52, 0.01, 73.98, 20.63);
insert into SHOT values (458, 457, 458, 595, 12.31, 115.03, -2.03, 12.32, 115.05, -2.05, 0.01, 189.37, -48.63);
insert into SHOT values (459, 458, 459, 595, 16.49, 66.57, 7.42, 16.49, 66.54, 7.42, 0.01, 341.99, 3.76);
insert into SHOT values (460, 459, 460, 595, 15.99, 82.41, -8.72, 15.98, 82.43, -8.71, 0.01, 221.38, 22.41);
insert into SHOT values (461, 460, 461, 595, 17.95, 50.89, 2.68, 17.96, 50.91, 2.68, 0.01, 82.72, 5.00);
insert into SHOT values (462, 461, 462, 595, 4.96, 40.02, 23.99, 4.95, 39.98, 23.93, 0.01, 340.94, -53.96);
insert into SHOT values (463, 462, 463, 595, 27.30, 33.30, -2.63, 27.30, 33.30, -2.62, 0.01, 215.39, 27.18);
insert into SHOT values (464, 463, 464, 595, 13.12, 19.95, 2.98, 13.12, 19.94, 2.97, 0.01, 1.86, -18.53);
insert into SHOT values (465, 464, 465, 595, 10.94, 17.66, -3.16, 10.94, 17.64, -3.14, 0.01, 263.67, 35.59);
insert into SHOT values (466, 465, 466, 595, 14.29, 356.52, -5.27, 14.29, 356.53, -5.26, 0.00, 64.85, 28.56);
insert into SHOT values (467, 466, 467, 595, 16.50, 356.97, -1.82, 16.49, 356.97, -1.84, 0.01, 158.00, -57.41);
insert into SHOT values (468, 467, 468, 595, 25.83, 30.12, -0.59, 25.83, 30.12, -0.58, 0.01, 215.16, 52.66);
insert into SHOT values (469, 468, 469, 595, 15.59, 16.52, -6.94, 15.59, 16.51, -6.96, 0.01, 4.93, -44.40);
insert into SHOT values (470, 469, 470, 595, 15.90, 49.37, 10.10, 15.90, 49.38, 10.11, 0.00, 179.90, 27.68);
insert into SHOT values (471, 470, 471, 595, 15.55, 4.79, 3.97, 15.55, 4.81, 3.98, 0.01, 62.19, 33.13);
insert into SHOT values (472, 471, 472, 595, 7.81, 31.27, -29.19, 7.81, 31.27, -29.19, 0.00, 357.58, -2.20);
insert into SHOT values (473, 472, 473, 595, 7.94, 359.93, -12.68, 7.93, 359.93, -12.67, 0.00, 192.47, 38.57);
insert into SHOT values (474, 473, 474, 595, 4.35, 41.29, 14.39, 4.35, 41.25, 14.37, 0.00, 342.90, -20.74);
insert into SHOT values (475, 474, 475, 595, 2.03, 327.63, 35.09, 2.02, 327.56, 34.96, 0.01, 177.67, -61.98);
insert into SHOT values (476, 475, 476, 595, 6.45, 53.85, 23.27, 6.45, 53.79, 23.29, 0.01, 294.07, 5.00);
insert into SHOT values (477, 476, 477, 595, 3.86, 48.95, 2.97, 3.86, 49.00, 2.97, 0.01, 79.54, 1.98);
insert into SHOT values (478, 477, 478, 595, 8.33, 21.77, -13.58, 8.33, 21.75, -13.54, 0.01, 240.59, 54.20);
insert into SHOT values (479, 478, 479, 595, 13.84, 27.85, -1.04, 13.84, 27.88, -1.04, 0.01, 108.17, 8.86);
insert into SHOT values (480, 479, 480, 595, 6.87, 15.10, -17.53, 6.87, 15.03, -17.53, 0.01, 302.39, -2.98);
insert into SHOT values (481, 480, 481, 595, 8.84, 22.40, -1.64, 8.83, 22.44, -1.69, 0.01, 150.65, -41.99);
insert into SHOT values (482, 481, 482, 595, 7.47, 24.21, -2.39, 7.47, 24.20, -2.38, 0.00, 332.24, 34.28);
insert into SHOT values (483, 482, 483, 595, 4.18, 44.79, 6.06, 4.18, 44.81, 6.04, 0.01, 56.82, -9.28);
insert into SHOT values (484, 483, 484, 595, 6.60, 12.80, 8.65, 6.61, 12.74, 8.71, 0.01, 297.49, 42.90);
insert into SHOT values (485, 484, 485, 595, 14.08, 26.53, 0.85, 14.08, 26.55, 0.81, 0.01, 138.14, -63.25);
insert into SHOT values (486, 485, 486, 595, 19.06, 29.77, -5.78, 19.06, 29.76, -5.75, 0.01, 274.64, 61.69);
insert into SHOT values (487, 486, 487, 595, 11.54, 34.85, 4.47, 11.54, 34.88, 4.42, 0.01, 96.19, -55.67);
insert into SHOT values (488, 487, 488, 595, 9.78, 34.27, -2.22, 9.77, 34.28, -2.17, 0.01, 202.16, 61.50);
insert into SHOT values (489, 488, 489, 595, 6.20, 29.01, -1.46, 6.20, 28.96, -1.48, 0.01, 286.10, -22.53);
insert into SHOT values (490, 489, 490, 595, 8.82, 46.21, 0.07, 8.83, 46.19, 0.06, 0.00, 11.07, -10.00);
insert into SHOT values (491, 490, 491, 595, 7.06, 18.25, 1.60, 7.06, 18.26, 1.62, 0.01, 189.56, 33.73);
insert into SHOT values (492, 491, 492, 595, 11.12, 58.62, -0.14, 11.13, 58.64, -0.15, 0.01, 115.14, -32.82);
insert into SHOT values (493, 492, 493, 595, 5.83, 51.55, -13.72, 5.82, 51.53, -13.71, 0.01, 255.42, 27.14);
insert into SHOT values (494, 493, 494, 595, 13.20, 42.99, 3.68, 13.20, 42.97, 3.65, 0.01, 4.54, -43.25);
insert into SHOT values (495, 494, 495, 595, 4.25, 72.71, -6.65, 4.26, 72.81, -6.61, 0.01, 120.42, 13.19);
insert into SHOT values (496, 495, 496, 595, 6.57, 15.43, 1.10, 6.57, 15.37, 1.13, 0.01, 277.15, 29.48);
insert into SHOT values (497, 496, 497, 595, 7.36, 25.78, 3.44, 7.36, 25.83, 3.43, 0.01, 98.41, -10.67);
insert into SHOT values (498, 497, 498, 595, 12.29, 42.36, 5.90, 12.28, 42.35, 5.89, 0.01, 252.06, -27.75);
insert into SHOT values (499, 498, 499, 595, 15.83, 11.30, 4.46, 15.83, 11.29, 4.46, 0.00, 317.78, -15.26);
insert into SHOT values (500, 499, 500, 595, 5.71, 24.99, -27.64, 5.72, 25.00, -27.62, 0.00, 34.63, 5.83);
insert into SHOT values (501, 500, 501, 595, 39.74, 62.98, -3.10, 39.74, 62.98, -3.10, 0.00, 304.64, -16.14);
insert into SHOT values (502, 501, 502, 595, 27.08, 41.56, -0.99, 27.09, 41.57, -0.97, 0.01, 84.17, 43.10);
insert into SHOT values (503, 502, 503, 595, 28.92, 69.49, -0.36, 28.91, 69.49, -0.38, 0.01, 248.36, -43.43);
insert into SHOT values (504, 503, 504, 595, 21.56, 86.05, -0.11, 21.56, 86.06, -0.11, 0.01, 156.21, 13.98);
insert into SHOT values (505, 504, 505, 595, 26.00, 106.38, -0.39, 26.01, 106.37, -0.40, 0.00, 32.79, -38.85);
insert into SHOT values (506, 505, 506, 595, 35.55, 103.20, -1.03, 35.54, 103.19, -1.02, 0.01, 357.14, 58.78);
insert into SHOT values (507, 506, 507, 595, 29.58, 73.08, 0.76, 29.58, 73.08, 0.76, 0.00, 310.21, -64.42);
insert into SHOT values (508, 507, 508, 595, 32.02, 87.86, 1.34, 32.02, 87.87, 1.34, 0.01, 158.58, 12.15);
insert into SHOT values (509, 508, 509, 595, 38.92, 56.13, -1.19, 38.92, 56.13, -1.19, 0.00, 338.86, -31.78);
insert into SHOT values (510, 509, 510, 595, 34.19, 29.33, 2.64, 34.18, 29.33, 2.63, 0.01, 151.51, -53.50);
insert into SHOT values (511, 510, 511, 595, 22.17, 45.50, -3.03, 22.17, 45.49, -3.02, 0.00, 0.98, 29.23);
insert into SHOT values (512, 511, 512, 595, 21.11, 75.27, 5.57, 21.11, 75.28, 5.57, 0.00, 197.77, 19.99);
insert into SURVEY values (597, 55, 'mountaineye3', 'mountaineye3.Mountaineye', NULL);
 insert into CENTRELINE values (598, 597, NULL, NULL, NULL, 0.00, 0.00, 0.00);
 insert into SCRAPS values (599, 597, 'ME3_scrapSP1', 1);
 insert into MAPS values (1083, 597, 'mountaineye3', 'Mountain eye cave part 3', 1, 1642.594, 36.720);
 insert into MAPITEMS values (1083, 4, 599);
 insert into CENTRELINE values (1084, 597, NULL, '2006-10-09', NULL, 1642.59, 0.00, 0.00);
 insert into SHOT values (513, 513, 514, 1084, 29.58, 16.62, -3.82, 29.59, 16.61, -3.82, 0.01, 329.47, 9.46);
insert into SHOT values (514, 514, 515, 1084, 19.97, 344.36, -2.38, 19.97, 344.35, -2.38, 0.01, 178.62, -3.94);
insert into SHOT values (515, 515, 516, 1084, 22.06, 59.43, 1.35, 22.06, 59.42, 1.35, 0.01, 38.00, 3.01);
insert into SHOT values (516, 516, 517, 1084, 25.70, 94.56, -0.80, 25.69, 94.55, -0.80, 0.00, 311.42, -16.06);
insert into SHOT values (517, 517, 518, 1084, 22.27, 101.40, 0.89, 22.26, 101.43, 0.90, 0.01, 197.76, 22.25);
insert into SHOT values (518, 518, 519, 1084, 35.26, 161.14, 6.24, 35.26, 161.14, 6.24, 0.00, 282.77, -72.15);
insert into SHOT values (519, 519, 520, 1084, 29.33, 62.69, -6.18, 29.33, 62.69, -6.18, 0.00, 347.18, -67.16);
insert into SHOT values (520, 520, 521, 1084, 30.75, 66.17, -2.73, 30.75, 66.17, -2.72, 0.01, 74.45, 31.03);
insert into SHOT values (521, 521, 522, 1084, 26.88, 44.82, 4.69, 26.88, 44.82, 4.70, 0.00, 235.71, 31.12);
insert into SHOT values (522, 522, 523, 1084, 25.02, 63.48, 10.50, 25.02, 63.47, 10.48, 0.01, 8.27, -50.66);
insert into SHOT values (523, 523, 524, 1084, 28.11, 58.21, 3.11, 28.11, 58.21, 3.12, 0.01, 312.02, 70.06);
insert into SHOT values (524, 524, 525, 1084, 32.29, 108.76, -12.61, 32.29, 108.77, -12.61, 0.01, 168.27, -2.33);
insert into SHOT values (525, 525, 526, 1084, 38.23, 66.12, 4.01, 38.24, 66.12, 4.00, 0.01, 97.61, -45.58);
insert into SHOT values (526, 526, 527, 1084, 25.28, 15.00, 5.75, 25.28, 15.00, 5.77, 0.01, 329.87, 77.12);
insert into SHOT values (527, 527, 528, 1084, 24.10, 69.58, -19.99, 24.10, 69.58, -20.00, 0.01, 248.88, -8.59);
insert into SHOT values (528, 528, 529, 1084, 48.65, 29.86, 28.19, 48.65, 29.86, 28.19, 0.01, 23.23, -13.17);
insert into SHOT values (529, 529, 530, 1084, 20.35, 84.47, 34.26, 20.35, 84.47, 34.25, 0.01, 128.18, -77.94);
insert into SHOT values (530, 530, 531, 1084, 3.37, 92.99, 20.11, 3.37, 93.08, 20.13, 0.01, 139.31, 23.96);
insert into SHOT values (531, 531, 532, 1084, 21.28, 46.21, -3.58, 21.28, 46.20, -3.58, 0.00, 268.08, -12.21);
insert into SHOT values (532, 532, 533, 1084, 9.39, 32.37, -18.54, 9.39, 32.39, -18.50, 0.01, 58.82, 38.20);
insert into SHOT values (533, 533, 534, 1084, 10.18, 23.27, -30.52, 10.17, 23.26, -30.54, 0.01, 219.94, -11.38);
insert into SHOT values (534, 534, 535, 1084, 6.90, 109.77, -16.71, 6.90, 109.72, -16.76, 0.01, 351.39, -42.17);
insert into SHOT values (535, 535, 536, 1084, 13.73, 43.76, -36.98, 13.72, 43.74, -36.96, 0.01, 263.96, 58.03);
insert into SHOT values (536, 536, 537, 1084, 18.07, 51.85, -4.17, 18.07, 51.85, -4.19, 0.01, 111.69, -84.40);
insert into SHOT values (537, 537, 538, 1084, 13.20, 332.24, -16.36, 13.21, 332.36, -16.31, 0.03, 32.73, 11.97);
insert into SHOT values (538, 538, 539, 1084, 19.09, 353.29, -16.26, 19.12, 353.27, -16.22, 0.03, 342.40, 12.24);
insert into SHOT values (539, 539, 540, 1084, 22.61, 46.71, -0.10, 22.63, 46.27, -0.20, 0.18, 320.44, -13.15);
insert into SHOT values (540, 540, 541, 1084, 17.06, 131.59, -1.38, 17.04, 131.33, -1.48, 0.08, 28.59, -20.57);
insert into SHOT values (541, 541, 542, 1084, 17.65, 54.42, -0.19, 17.66, 54.05, -0.26, 0.12, 331.45, -10.62);
insert into SHOT values (542, 542, 543, 1084, 19.78, 126.97, 18.51, 19.76, 126.63, 18.53, 0.11, 26.56, -0.41);
insert into SHOT values (543, 543, 544, 1084, 28.34, 61.39, -6.01, 28.33, 61.40, -6.00, 0.01, 193.41, 54.28);
insert into SHOT values (544, 537, 545, 1084, 8.06, 115.13, -6.79, 8.08, 115.32, -6.68, 0.03, 174.07, 22.92);
insert into SHOT values (545, 545, 546, 1084, 20.63, 137.41, -2.64, 20.63, 138.36, -2.56, 0.34, 228.20, 5.03);
insert into SHOT values (546, 545, 547, 1084, 49.59, 90.29, -1.96, 49.62, 90.22, -1.91, 0.08, 25.21, 34.43);
insert into SHOT values (547, 547, 546, 1084, 39.04, 246.74, 1.21, 39.00, 247.04, 1.07, 0.23, 347.78, -24.49);
insert into SHOT values (548, 547, 548, 1084, 22.34, 4.93, 1.57, 22.33, 5.06, 1.69, 0.07, 111.49, 41.28);
insert into SHOT values (549, 548, 543, 1084, 16.75, 330.05, -4.97, 16.74, 329.91, -4.94, 0.04, 218.91, 15.25);
insert into SHOT values (550, 549, 544, 1084, 19.80, 220.17, 13.23, 19.80, 220.16, 13.23, 0.00, 134.08, -18.97);
insert into SHOT values (551, 549, 550, 1084, 24.49, 108.22, 14.93, 24.49, 108.22, 14.93, 0.00, 260.53, -49.09);
insert into SHOT values (552, 550, 551, 1084, 11.84, 138.36, 16.39, 11.84, 138.35, 16.38, 0.00, 119.54, -9.95);
insert into SHOT values (553, 551, 552, 1084, 53.77, 106.27, 18.06, 53.78, 106.27, 18.06, 0.00, 27.27, -13.13);
insert into SHOT values (554, 550, 553, 1084, 0.00, 0.00, 0.00, 0.00, 90.00, 0.00, 0.00, 90.00, 0.00);
insert into SHOT values (555, 540, 554, 1084, 100.00, 180.00, 0.00, 100.00, 180.00, 0.00, 0.00, 90.00, 0.00);
insert into SHOT values (556, 553, 555, 1084, 7.01, 193.98, -19.08, 7.01, 193.97, -19.14, 0.01, 121.26, -84.36);
insert into SHOT values (557, 555, 556, 1084, 12.88, 130.68, -2.92, 12.87, 130.68, -2.89, 0.01, 314.26, 50.92);
insert into SHOT values (558, 556, 557, 1084, 23.82, 124.34, -0.81, 23.83, 124.34, -0.82, 0.01, 140.21, -29.58);
insert into SHOT values (559, 557, 558, 1084, 11.69, 247.57, -2.85, 11.69, 247.59, -2.84, 0.00, 5.55, 15.54);
insert into SHOT values (560, 558, 559, 1084, 29.48, 135.09, 1.44, 29.49, 135.10, 1.44, 0.01, 160.78, -6.86);
insert into SHOT values (561, 559, 560, 1084, 15.59, 133.71, -4.33, 15.58, 133.72, -4.34, 0.01, 277.13, -28.85);
insert into SHOT values (562, 560, 561, 1084, 9.33, 51.89, 4.74, 9.33, 51.90, 4.79, 0.01, 84.45, 74.53);
insert into SHOT values (563, 561, 562, 1084, 13.04, 143.26, 9.13, 13.04, 143.27, 9.13, 0.00, 247.82, 10.92);
insert into SHOT values (564, 562, 563, 1084, 9.19, 136.58, -8.45, 9.19, 136.56, -8.51, 0.01, 7.79, -66.50);
insert into SHOT values (565, 563, 564, 1084, 32.47, 140.41, -2.87, 32.47, 140.40, -2.86, 0.01, 106.65, 46.71);
insert into SHOT values (566, 549, 565, 1084, 9.42, 223.65, -30.75, 9.42, 223.65, -30.76, 0.01, 222.45, -42.65);
insert into SHOT values (567, 566, 543, 1084, 23.98, 159.89, 18.60, 23.98, 159.87, 18.58, 0.01, 80.67, -53.50);
insert into SHOT values (568, 566, 567, 1084, 2.96, 277.19, 27.89, 2.95, 277.04, 27.87, 0.01, 157.23, -22.61);
insert into SHOT values (569, 527, 568, 1084, 23.67, 2.01, 14.27, 23.67, 2.00, 14.26, 0.01, 307.04, -39.11);
insert into SHOT values (570, 568, 569, 1084, 17.40, 282.06, 10.18, 17.40, 282.03, 10.20, 0.01, 186.36, 28.01);
insert into SHOT values (571, 569, 570, 1084, 23.59, 349.89, 2.91, 23.58, 349.90, 2.89, 0.01, 88.00, -56.39);
insert into SHOT values (572, 570, 571, 1084, 28.21, 329.43, 2.68, 28.22, 329.42, 2.68, 0.01, 305.88, 5.58);
insert into SHOT values (573, 571, 572, 1084, 35.23, 299.28, -5.60, 35.23, 299.28, -5.59, 0.01, 89.34, 54.70);
insert into SHOT values (574, 572, 573, 1084, 23.62, 280.46, 0.56, 23.61, 280.47, 0.56, 0.00, 53.18, -10.93);
insert into SHOT values (575, 573, 574, 1084, 39.67, 265.83, -0.26, 39.68, 265.82, -0.26, 0.01, 229.64, 0.08);
insert into SHOT values (576, 574, 575, 1084, 24.09, 275.21, 0.47, 24.08, 275.22, 0.45, 0.01, 57.37, -53.67);
insert into SHOT values (577, 575, 576, 1084, 34.27, 177.21, -0.19, 34.27, 177.21, -0.18, 0.01, 21.62, 39.12);
insert into SHOT values (578, 576, 577, 1084, 13.59, 247.76, -1.25, 13.60, 247.74, -1.26, 0.01, 197.47, -26.01);
insert into SHOT values (579, 577, 578, 1084, 13.49, 272.72, -0.55, 13.50, 272.72, -0.55, 0.00, 266.48, -7.27);
insert into SHOT values (580, 578, 579, 1084, 13.60, 226.43, -0.28, 13.59, 226.43, -0.25, 0.01, 44.37, 58.16);
insert into SHOT values (581, 579, 580, 1084, 12.58, 204.36, -2.17, 12.58, 204.38, -2.19, 0.01, 290.38, -35.21);
insert into SHOT values (582, 580, 581, 1084, 10.61, 222.81, -0.78, 10.62, 222.79, -0.76, 0.01, 177.82, 34.90);
insert into SHOT values (583, 581, 582, 1084, 16.88, 213.27, 2.31, 16.88, 213.27, 2.31, 0.00, 126.31, -11.89);
insert into SHOT values (584, 582, 583, 1084, 12.30, 197.38, -1.76, 12.30, 197.37, -1.77, 0.00, 46.78, -38.49);
insert into SHOT values (585, 583, 584, 1084, 11.86, 240.59, 2.98, 11.86, 240.62, 3.00, 0.01, 346.90, 26.72);
insert into SHOT values (586, 584, 585, 1084, 13.33, 216.32, -4.18, 13.33, 216.31, -4.22, 0.01, 76.37, -65.78);
insert into SHOT values (587, 585, 586, 1084, 2.96, 188.19, -4.26, 2.96, 188.19, -4.26, 0.00, 139.31, -38.75);
insert into SURVEY values (1086, 55, 'mountaineye4', 'mountaineye4.Mountaineye', NULL);
 insert into CENTRELINE values (1087, 1086, NULL, NULL, NULL, 0.00, 0.00, 0.00);
 insert into SCRAPS values (1088, 1086, 'ME4_scrapSP1', 1);
 insert into SCRAPS values (1173, 1086, 'ME4_scrapSP2', 1);
 insert into SCRAPS values (1258, 1086, 'ME4_scrapSP3', 1);
 insert into SCRAPS values (1288, 1086, 'ME4_scrapSP4', 1);
 insert into MAPS values (1332, 1086, 'mountaineye4', 'Mountain eye cave part 4', 1, 1622.937, 56.740);
 insert into MAPITEMS values (1332, 4, 1088);
 insert into MAPITEMS values (1332, 4, 1173);
 insert into MAPITEMS values (1332, 4, 1258);
 insert into MAPITEMS values (1332, 4, 1288);
 insert into CENTRELINE values (1333, 1086, NULL, '2006-10-09', NULL, 1622.94, 0.00, 0.00);
 insert into SHOT values (588, 587, 588, 1333, 13.12, 80.74, -3.28, 13.11, 80.72, -3.28, 0.00, 316.68, 5.19);
insert into SHOT values (589, 588, 589, 1333, 2.37, 291.71, -81.16, 2.38, 290.92, -81.20, 0.01, 193.71, -45.83);
insert into SHOT values (590, 589, 590, 1333, 3.20, 131.03, -5.38, 3.20, 131.05, -5.39, 0.00, 272.87, -4.76);
insert into SHOT values (591, 590, 591, 1333, 1.19, 75.54, -2.94, 1.19, 75.38, -2.89, 0.00, 329.64, 17.39);
insert into SHOT values (592, 591, 592, 1333, 2.45, 119.27, 0.14, 2.45, 119.28, 0.23, 0.01, 125.48, 41.61);
insert into SHOT values (593, 592, 593, 1333, 0.18, 92.89, -4.49, 0.18, 93.18, -6.33, 0.01, 119.45, -71.19);
insert into SHOT values (594, 593, 594, 1333, 3.77, 105.01, -3.14, 3.76, 104.96, -3.05, 0.01, 332.22, 55.08);
insert into SHOT values (595, 594, 595, 1333, 1.81, 149.06, -5.83, 1.82, 149.04, -6.00, 0.01, 141.89, -45.17);
insert into SHOT values (596, 595, 596, 1333, 1.90, 72.72, 2.08, 1.90, 72.52, 2.11, 0.01, 333.05, 8.79);
insert into SHOT values (597, 596, 597, 1333, 4.79, 113.13, -3.70, 4.79, 113.14, -3.71, 0.01, 117.83, -9.33);
insert into SHOT values (598, 597, 598, 1333, 3.50, 65.55, 7.54, 3.49, 65.43, 7.57, 0.01, 299.19, 5.63);
insert into SHOT values (599, 598, 599, 1333, 3.27, 128.62, -44.35, 3.27, 128.58, -44.24, 0.01, 115.25, 20.06);
insert into SHOT values (600, 599, 600, 1333, 3.75, 114.86, -13.60, 3.75, 114.81, -13.57, 0.00, 350.76, 34.30);
insert into SHOT values (601, 600, 601, 1333, 1.26, 205.35, 6.39, 1.26, 205.54, 6.38, 0.01, 258.03, 1.10);
insert into SHOT values (602, 601, 602, 1333, 3.82, 123.14, -1.14, 3.82, 123.15, -1.20, 0.00, 274.93, -71.01);
insert into SHOT values (603, 602, 603, 1333, 4.35, 147.96, 1.00, 4.35, 147.95, 1.05, 0.01, 137.82, 52.46);
insert into SHOT values (604, 603, 604, 1333, 7.18, 161.64, -4.62, 7.19, 161.62, -4.63, 0.01, 130.60, -12.87);
insert into SHOT values (605, 604, 605, 1333, 5.85, 167.88, -2.82, 5.85, 167.84, -2.84, 0.01, 19.90, -15.89);
insert into SHOT values (606, 605, 606, 1333, 4.79, 147.18, 3.55, 4.79, 147.21, 3.59, 0.00, 254.40, 54.10);
insert into SHOT values (607, 606, 607, 1333, 8.75, 147.42, 2.01, 8.75, 147.47, 2.03, 0.01, 241.05, 21.42);
insert into SHOT values (608, 607, 608, 1333, 5.78, 209.39, -1.81, 5.77, 209.36, -1.89, 0.01, 59.55, -54.23);
insert into SHOT values (609, 608, 609, 1333, 14.33, 180.29, 0.06, 14.34, 180.28, 0.08, 0.01, 160.51, 33.19);
insert into SHOT values (610, 609, 610, 1333, 6.03, 157.54, 1.18, 6.02, 157.53, 1.14, 0.01, 349.24, -30.48);
insert into SHOT values (611, 610, 611, 1333, 6.72, 124.30, -2.37, 6.73, 124.33, -2.39, 0.00, 192.14, -27.82);
insert into SHOT values (612, 611, 612, 1333, 3.18, 158.18, -2.14, 3.18, 158.20, -2.16, 0.00, 275.61, -47.20);
insert into SHOT values (613, 612, 613, 1333, 6.58, 142.24, 1.81, 6.58, 142.22, 1.83, 0.01, 122.80, 22.70);
insert into SHOT values (614, 613, 614, 1333, 11.80, 134.65, -2.87, 11.80, 134.66, -2.87, 0.01, 303.88, 7.87);
insert into SHOT values (615, 614, 615, 1333, 10.94, 56.90, 2.65, 10.94, 56.88, 2.67, 0.01, 340.48, 44.38);
insert into SHOT values (616, 615, 616, 1333, 11.91, 5.75, -0.11, 11.91, 5.78, -0.14, 0.01, 90.45, -46.53);
insert into SHOT values (617, 616, 617, 1333, 8.25, 28.90, -0.52, 8.25, 28.93, -0.49, 0.01, 168.75, 39.77);
insert into SHOT values (618, 617, 618, 1333, 7.31, 6.72, 0.64, 7.31, 6.68, 0.63, 0.01, 256.76, -16.29);
insert into SHOT values (619, 618, 619, 1333, 11.20, 40.36, 0.31, 11.19, 40.36, 0.31, 0.00, 194.50, -26.43);
insert into SHOT values (620, 619, 620, 1333, 18.15, 348.24, 3.03, 18.15, 348.26, 3.03, 0.01, 34.72, 4.95);
insert into SHOT values (621, 620, 621, 1333, 9.80, 63.31, -0.78, 9.80, 63.33, -0.76, 0.00, 155.83, 44.76);
insert into SHOT values (622, 621, 622, 1333, 8.39, 5.88, 2.08, 8.40, 5.88, 2.05, 0.01, 6.45, -39.26);
insert into SHOT values (623, 622, 623, 1333, 5.13, 35.76, 2.47, 5.13, 35.71, 2.46, 0.01, 281.18, -11.68);
insert into SHOT values (624, 623, 624, 1333, 2.48, 21.22, -14.87, 2.48, 21.31, -14.75, 0.01, 88.94, 50.97);
insert into SHOT values (625, 624, 625, 1333, 5.58, 35.80, -3.03, 5.57, 35.86, -3.09, 0.01, 172.82, -30.48);
insert into SHOT values (626, 625, 626, 1333, 4.63, 107.29, 19.83, 4.62, 107.27, 19.86, 0.01, 301.45, 3.12);
insert into SHOT values (627, 626, 627, 1333, 8.33, 1.89, 2.79, 8.33, 1.93, 2.82, 0.01, 75.66, 37.71);
insert into SHOT values (628, 627, 628, 1333, 15.47, 48.21, 0.00, 15.46, 48.22, 0.00, 0.01, 185.65, 0.00);
insert into SHOT values (629, 628, 629, 1333, 4.58, 6.39, 0.16, 4.59, 6.38, 0.12, 0.01, 1.21, -20.47);
insert into SHOT values (630, 629, 630, 1333, 12.92, 53.26, 0.47, 12.91, 53.28, 0.49, 0.01, 197.33, 26.56);
insert into SHOT values (631, 630, 631, 1333, 10.12, 85.05, -10.08, 10.11, 85.05, -10.08, 0.01, 273.50, 10.59);
insert into SHOT values (632, 631, 632, 1333, 14.62, 82.75, 2.49, 14.62, 82.72, 2.47, 0.01, 12.95, -36.13);
insert into SHOT values (633, 632, 633, 1333, 15.57, 22.07, 2.83, 15.57, 22.10, 2.83, 0.01, 110.60, 9.94);
insert into SHOT values (634, 633, 634, 1333, 22.33, 74.15, -1.26, 22.33, 74.14, -1.26, 0.00, 320.25, 11.78);
insert into SHOT values (635, 634, 635, 1333, 10.39, 10.16, 4.41, 10.38, 10.18, 4.42, 0.01, 158.66, 8.43);
insert into SHOT values (636, 635, 636, 1333, 13.06, 354.77, 1.46, 13.06, 354.77, 1.45, 0.00, 180.87, -81.44);
insert into SHOT values (637, 636, 637, 1333, 13.03, 354.26, 1.57, 13.04, 354.23, 1.58, 0.01, 315.86, 16.19);
insert into SHOT values (638, 637, 638, 1333, 5.11, 309.17, -0.56, 5.11, 309.20, -0.56, 0.00, 89.60, -0.22);
insert into SHOT values (639, 638, 639, 1333, 12.75, 33.46, -3.04, 12.75, 33.47, -3.06, 0.00, 59.89, -56.39);
insert into SHOT values (640, 639, 640, 1333, 10.50, 335.09, -1.33, 10.50, 335.05, -1.31, 0.01, 245.65, 25.00);
insert into SHOT values (641, 640, 641, 1333, 14.27, 18.16, 2.17, 14.27, 18.18, 2.17, 0.01, 94.68, -3.92);
insert into SHOT values (642, 641, 642, 1333, 18.70, 11.94, -0.64, 18.70, 11.95, -0.64, 0.00, 99.16, -26.86);
insert into SHOT values (643, 642, 643, 1333, 19.92, 56.49, 1.42, 19.91, 56.49, 1.41, 0.01, 227.33, -25.64);
insert into SHOT values (644, 643, 644, 1333, 11.29, 3.24, 0.64, 11.29, 3.25, 0.66, 0.00, 70.07, 60.78);
insert into SHOT values (645, 644, 645, 1333, 15.55, 315.89, -1.74, 15.56, 315.91, -1.73, 0.01, 3.49, 15.66);
insert into SHOT values (646, 645, 646, 1333, 19.19, 13.45, 2.57, 19.19, 13.46, 2.57, 0.00, 140.30, -7.55);
insert into SHOT values (647, 646, 647, 1333, 21.55, 334.24, 0.24, 21.55, 334.23, 0.24, 0.00, 253.04, -4.96);
insert into SHOT values (648, 647, 648, 1333, 10.72, 63.35, -1.52, 10.72, 63.34, -1.55, 0.01, 319.23, -69.62);
insert into SHOT values (649, 648, 649, 1333, 13.90, 358.19, -0.31, 13.90, 358.19, -0.29, 0.01, 193.69, 52.67);
insert into SHOT values (650, 649, 650, 1333, 9.17, 329.47, 0.27, 9.17, 329.52, 0.25, 0.01, 66.63, -22.23);
insert into SHOT values (651, 650, 651, 1333, 5.51, 333.51, -1.03, 5.51, 333.48, -1.04, 0.00, 255.10, -18.78);
insert into SHOT values (652, 651, 652, 1333, 7.26, 348.41, -1.07, 7.26, 348.40, -1.03, 0.01, 322.18, 53.73);
insert into SHOT values (653, 652, 653, 1333, 3.01, 21.96, 20.36, 3.00, 22.10, 20.26, 0.01, 141.40, -40.34);
insert into SHOT values (654, 653, 654, 1333, 3.31, 327.75, 0.73, 3.31, 327.70, 0.86, 0.01, 270.38, 66.83);
insert into SHOT values (655, 654, 655, 1333, 1.71, 356.72, 7.45, 1.72, 356.63, 7.36, 0.01, 334.78, -15.05);
insert into SHOT values (656, 655, 656, 1333, 5.95, 2.18, -11.46, 5.94, 2.16, -11.45, 0.00, 207.27, 20.64);
insert into SHOT values (657, 656, 657, 1333, 8.74, 354.50, -0.77, 8.73, 354.54, -0.79, 0.01, 129.27, -15.28);
insert into SHOT values (658, 657, 658, 1333, 16.05, 344.33, 2.92, 16.06, 344.33, 2.93, 0.00, 3.51, 31.05);
insert into SHOT values (659, 658, 659, 1333, 22.11, 335.13, 2.67, 22.11, 335.13, 2.67, 0.00, 329.57, 1.66);
insert into SHOT values (660, 659, 660, 1333, 17.62, 7.12, -1.47, 17.61, 7.11, -1.50, 0.01, 202.90, -44.99);
insert into SHOT values (661, 660, 661, 1333, 9.40, 315.38, 6.48, 9.41, 315.43, 6.53, 0.01, 24.63, 42.66);
insert into SHOT values (662, 661, 662, 1333, 13.52, 50.36, -5.35, 13.51, 50.37, -5.35, 0.01, 217.88, 3.52);
insert into SHOT values (663, 662, 663, 1333, 16.69, 56.71, -4.57, 16.69, 56.72, -4.57, 0.01, 89.90, -4.37);
insert into SHOT values (664, 663, 664, 1333, 22.99, 39.46, 2.28, 22.99, 39.45, 2.27, 0.01, 17.29, -37.01);
insert into SHOT values (665, 664, 665, 1333, 11.69, 6.57, 10.75, 11.69, 6.55, 10.75, 0.01, 241.89, -11.62);
insert into SHOT values (666, 665, 666, 1333, 9.40, 60.15, -0.73, 9.41, 60.16, -0.73, 0.01, 87.61, -2.23);
insert into SHOT values (667, 666, 667, 1333, 36.60, 10.12, 1.23, 36.61, 10.12, 1.24, 0.01, 359.46, 41.89);
insert into SHOT values (668, 667, 668, 1333, 5.07, 88.29, -1.34, 5.06, 88.30, -1.36, 0.01, 260.12, -10.72);
insert into SHOT values (669, 668, 669, 1333, 16.80, 65.36, -13.71, 16.80, 65.38, -13.70, 0.01, 150.75, 19.51);
insert into SHOT values (670, 669, 670, 1333, 24.75, 31.62, -4.35, 24.76, 31.62, -4.36, 0.00, 335.80, -54.20);
insert into SHOT values (671, 670, 671, 1333, 16.78, 7.19, -3.18, 16.78, 7.20, -3.18, 0.00, 139.38, 11.24);
insert into SHOT values (672, 671, 672, 1333, 16.89, 73.13, 0.76, 16.89, 73.10, 0.75, 0.01, 330.30, -23.68);
insert into SHOT values (673, 672, 673, 1333, 16.35, 49.95, 0.64, 16.35, 49.96, 0.63, 0.00, 107.49, -35.08);
insert into SHOT values (674, 673, 674, 1333, 17.89, 25.91, -0.57, 17.88, 25.91, -0.54, 0.01, 215.70, 45.02);
insert into SHOT values (675, 674, 675, 1333, 18.18, 59.31, 0.88, 18.18, 59.30, 0.88, 0.00, 20.27, 10.74);
insert into SHOT values (676, 675, 676, 1333, 7.46, 25.19, 0.28, 7.46, 25.23, 0.23, 0.01, 142.05, -51.22);
insert into SHOT values (677, 676, 677, 1333, 12.03, 62.32, 5.22, 12.03, 62.30, 5.24, 0.01, 25.15, 41.75);
insert into SHOT values (678, 677, 678, 1333, 9.86, 46.14, -10.22, 9.85, 46.13, -10.23, 0.01, 241.53, -4.24);
insert into SHOT values (679, 678, 679, 1333, 12.38, 76.65, 26.61, 12.38, 76.63, 26.59, 0.01, 329.17, -57.03);
insert into SHOT values (680, 679, 680, 1333, 12.93, 349.50, 25.73, 12.93, 349.51, 25.76, 0.01, 152.79, 34.18);
insert into SHOT values (681, 680, 681, 1333, 10.32, 30.38, 0.47, 10.32, 30.39, 0.44, 0.01, 91.72, -61.32);
insert into SHOT values (682, 681, 682, 1333, 62.70, 231.18, -0.18, 62.70, 231.18, -0.17, 0.01, 18.71, 46.98);
insert into SHOT values (683, 682, 683, 1333, 20.44, 325.78, 6.87, 20.44, 325.76, 6.85, 0.01, 254.54, -37.56);
insert into SHOT values (684, 681, 684, 1333, 20.43, 128.04, -0.27, 20.43, 128.04, -0.25, 0.01, 249.90, 81.48);
insert into SHOT values (685, 684, 685, 1333, 45.17, 63.88, 2.18, 45.18, 63.87, 2.18, 0.01, 340.66, 14.06);
insert into SHOT values (686, 685, 686, 1333, 41.59, 9.83, 0.01, 41.58, 9.83, 0.00, 0.01, 175.11, -58.25);
insert into SHOT values (687, 686, 687, 1333, 36.05, 30.67, 0.66, 36.06, 30.67, 0.67, 0.01, 27.73, 33.11);
insert into SHOT values (688, 687, 688, 1333, 36.31, 11.25, -0.82, 36.30, 11.25, -0.82, 0.01, 205.12, -4.55);
insert into SHOT values (689, 688, 689, 1333, 44.62, 38.19, 22.33, 44.62, 38.19, 22.33, 0.00, 124.64, -71.62);
insert into SHOT values (690, 689, 690, 1333, 27.72, 44.30, 10.27, 27.72, 44.30, 10.27, 0.00, 210.93, -34.86);
insert into SHOT values (691, 690, 691, 1333, 10.71, 16.08, 0.74, 10.72, 16.08, 0.75, 0.01, 21.04, 9.02);
insert into SHOT values (692, 691, 692, 1333, 11.32, 20.47, 31.66, 11.31, 20.49, 31.67, 0.01, 177.01, -13.12);
insert into SHOT values (693, 692, 693, 1333, 26.77, 29.38, 31.95, 26.77, 29.38, 31.96, 0.01, 286.88, 74.75);
insert into SHOT values (694, 693, 694, 1333, 9.94, 137.14, 9.25, 9.94, 137.15, 9.27, 0.00, 285.15, 40.52);
insert into SHOT values (695, 681, 682, 1333, 62.70, 231.18, -0.18, 62.70, 231.18, -0.17, 0.01, 18.71, 46.98);
insert into SHOT values (696, 682, 683, 1333, 20.44, 325.78, 6.87, 20.44, 325.76, 6.85, 0.01, 254.54, -37.56);
insert into SHOT values (697, 647, 695, 1333, 0.00, 0.00, 0.00, 0.00, 90.00, 0.00, 0.00, 90.00, 0.00);
insert into SHOT values (698, 695, 696, 1333, 7.52, 207.72, 6.52, 7.52, 207.66, 6.49, 0.01, 132.20, -27.22);
insert into SHOT values (699, 696, 697, 1333, 20.28, 279.49, 11.96, 20.28, 279.51, 11.95, 0.01, 354.89, -17.72);
insert into SHOT values (700, 697, 698, 1333, 32.40, 237.48, 0.90, 32.41, 237.48, 0.90, 0.00, 211.82, 16.43);
insert into SHOT values (701, 698, 699, 1333, 34.72, 256.85, 7.65, 34.72, 256.85, 7.66, 0.01, 197.23, 80.69);
insert into SHOT values (702, 699, 700, 1333, 43.23, 254.40, -5.93, 43.23, 254.40, -5.94, 0.00, 357.52, -66.53);
insert into SHOT values (703, 700, 701, 1333, 9.35, 171.99, 4.24, 9.35, 171.98, 4.23, 0.00, 137.44, -24.27);
insert into SHOT values (704, 701, 702, 1333, 26.74, 187.60, 16.44, 26.75, 187.62, 16.44, 0.01, 238.01, 7.37);
insert into SURVEY values (1335, 55, 'mountaineye5', 'mountaineye5.Mountaineye', NULL);
 insert into CENTRELINE values (1336, 1335, NULL, NULL, NULL, 0.00, 0.00, 0.00);
 insert into SCRAPS values (1337, 1335, 'ME5_scrapSP1', 1);
 insert into SCRAPS values (1868, 1335, 'ME5_scrapSP2', 1);
 insert into MAPS values (1983, 1335, 'mountaineye5', 'Mountain eye cave part 5', 1, 1222.697, 11.600);
 insert into MAPITEMS values (1983, 4, 1337);
 insert into MAPITEMS values (1983, 4, 1868);
 insert into CENTRELINE values (1984, 1335, NULL, '2006-10-09', NULL, 1222.70, 0.00, 0.00);
 insert into SHOT values (705, 703, 704, 1984, 18.46, 221.54, -5.67, 18.45, 221.56, -5.69, 0.01, 352.09, -44.60);
insert into SHOT values (706, 704, 705, 1984, 19.45, 190.37, 4.79, 19.46, 190.37, 4.81, 0.01, 326.70, 85.20);
insert into SHOT values (707, 705, 706, 1984, 17.04, 255.58, -0.40, 17.05, 255.56, -0.40, 0.01, 210.58, -8.73);
insert into SHOT values (708, 706, 707, 1984, 14.83, 194.86, 1.79, 14.83, 194.85, 1.78, 0.01, 163.60, -37.92);
insert into SHOT values (709, 707, 708, 1984, 25.96, 199.14, -3.52, 25.95, 199.13, -3.51, 0.01, 36.33, 23.96);
insert into SHOT values (710, 708, 709, 1984, 18.48, 206.22, 5.96, 18.48, 206.22, 5.96, 0.00, 44.97, 11.94);
insert into SHOT values (711, 709, 710, 1984, 22.45, 207.36, -2.20, 22.46, 207.38, -2.19, 0.01, 244.97, 10.60);
insert into SHOT values (712, 710, 711, 1984, 15.01, 233.92, 1.70, 15.01, 233.89, 1.68, 0.01, 127.07, -36.64);
insert into SHOT values (713, 711, 712, 1984, 37.39, 198.98, -0.15, 37.38, 198.98, -0.15, 0.01, 2.67, -19.05);
insert into SHOT values (714, 712, 713, 1984, 39.17, 213.49, -0.01, 39.17, 213.48, 0.00, 0.01, 150.78, 52.44);
insert into SHOT values (715, 713, 714, 1984, 35.59, 142.69, 0.81, 35.59, 142.69, 0.81, 0.01, 354.20, -31.47);
insert into SHOT values (716, 714, 715, 1984, 25.22, 201.60, -2.47, 25.22, 201.61, -2.48, 0.00, 255.71, -37.73);
insert into SHOT values (717, 715, 716, 1984, 19.58, 242.73, 4.29, 19.59, 242.73, 4.30, 0.01, 222.13, 56.35);
insert into SHOT values (718, 716, 717, 1984, 17.19, 197.41, -3.83, 17.19, 197.40, -3.84, 0.00, 145.56, -23.80);
insert into SHOT values (719, 717, 718, 1984, 46.81, 208.68, 0.89, 46.80, 208.68, 0.89, 0.01, 1.99, 19.07);
insert into SHOT values (720, 718, 719, 1984, 23.77, 208.91, -1.71, 23.78, 208.90, -1.71, 0.01, 193.60, -3.95);
insert into SHOT values (721, 719, 720, 1984, 21.53, 155.34, 2.46, 21.53, 155.33, 2.45, 0.01, 74.00, -45.47);
insert into SHOT values (722, 720, 721, 1984, 29.90, 189.04, -1.65, 29.90, 189.05, -1.65, 0.00, 259.02, 16.18);
insert into SHOT values (723, 721, 722, 1984, 30.06, 210.56, 2.18, 30.05, 210.56, 2.17, 0.01, 25.88, -22.75);
insert into SHOT values (724, 722, 723, 1984, 19.91, 216.32, -1.32, 19.91, 216.32, -1.29, 0.01, 208.84, 49.59);
insert into SHOT values (725, 723, 724, 1984, 18.53, 275.40, 1.08, 18.53, 275.42, 1.08, 0.01, 45.82, 4.44);
insert into SHOT values (726, 724, 725, 1984, 10.94, 183.63, -1.76, 10.95, 183.67, -1.78, 0.01, 235.96, -23.36);
insert into SHOT values (727, 725, 726, 1984, 18.48, 238.88, 2.93, 18.48, 238.88, 2.92, 0.01, 74.19, -49.02);
insert into SHOT values (728, 726, 727, 1984, 28.18, 150.34, -1.13, 28.18, 150.34, -1.12, 0.01, 321.19, 64.27);
insert into SHOT values (729, 727, 728, 1984, 24.10, 196.11, 9.89, 24.10, 196.11, 9.89, 0.00, 285.05, 14.61);
insert into SHOT values (730, 728, 729, 1984, 17.47, 294.02, -1.20, 17.47, 294.03, -1.21, 0.01, 91.34, -41.98);
insert into SHOT values (731, 729, 730, 1984, 21.19, 207.61, 3.42, 21.20, 207.62, 3.43, 0.01, 235.43, 40.23);
insert into SHOT values (732, 730, 731, 1984, 11.44, 175.04, 19.83, 11.44, 175.04, 19.83, 0.00, 180.82, 15.07);
insert into SHOT values (733, 731, 732, 1984, 24.00, 114.22, -3.88, 24.00, 114.21, -3.89, 0.01, 52.18, -52.83);
insert into SHOT values (734, 732, 733, 1984, 13.25, 179.47, -14.99, 13.24, 179.46, -14.97, 0.01, 16.07, 47.07);
insert into SHOT values (735, 733, 734, 1984, 13.06, 225.96, -4.00, 13.07, 225.96, -4.04, 0.01, 236.10, -62.14);
insert into SHOT values (736, 734, 735, 1984, 13.39, 262.52, 6.89, 13.39, 262.52, 6.91, 0.00, 296.11, 76.77);
insert into SHOT values (737, 735, 736, 1984, 15.81, 208.14, -0.56, 15.81, 208.12, -0.54, 0.01, 103.22, 40.49);
insert into SHOT values (738, 736, 737, 1984, 30.03, 194.28, 0.24, 30.03, 194.29, 0.23, 0.01, 253.92, -57.16);
insert into SHOT values (739, 737, 738, 1984, 20.68, 208.44, -1.46, 20.68, 208.42, -1.47, 0.01, 106.89, -28.69);
insert into SHOT values (740, 738, 739, 1984, 17.56, 217.87, 0.59, 17.57, 217.90, 0.62, 0.01, 291.48, 42.97);
insert into SHOT values (741, 739, 740, 1984, 13.14, 235.21, 1.00, 13.13, 235.17, 1.00, 0.01, 116.81, 4.04);
insert into SHOT values (742, 740, 741, 1984, 25.15, 193.49, -1.16, 25.15, 193.50, -1.16, 0.01, 325.91, -7.28);
insert into SHOT values (743, 741, 742, 1984, 21.63, 183.14, 0.16, 21.63, 183.15, 0.16, 0.01, 253.14, -4.31);
insert into SHOT values (744, 742, 743, 1984, 26.64, 212.82, 0.44, 26.63, 212.81, 0.43, 0.01, 60.14, -31.93);
insert into SHOT values (745, 743, 744, 1984, 20.35, 215.86, 5.10, 20.35, 215.85, 5.10, 0.01, 146.48, 13.07);
insert into SHOT values (746, 744, 745, 1984, 19.08, 207.77, 0.00, 19.09, 207.79, 0.00, 0.01, 240.93, 0.00);
insert into SHOT values (747, 745, 746, 1984, 25.93, 215.99, -5.17, 25.92, 215.99, -5.18, 0.01, 43.67, -14.86);
insert into SHOT values (748, 746, 747, 1984, 23.72, 175.65, 1.36, 23.73, 175.65, 1.38, 0.01, 157.88, 65.11);
insert into SHOT values (749, 747, 748, 1984, 29.39, 212.54, 1.62, 29.39, 212.56, 1.62, 0.01, 292.09, -4.44);
insert into SHOT values (750, 748, 749, 1984, 30.98, 219.04, -1.25, 30.98, 219.02, -1.26, 0.01, 130.70, -25.91);
insert into SHOT values (751, 749, 750, 1984, 18.34, 215.63, -2.35, 18.34, 215.65, -2.34, 0.01, 292.06, 16.05);
insert into SHOT values (752, 750, 751, 1984, 17.04, 181.01, -3.51, 17.04, 181.01, -3.50, 0.00, 183.63, 52.07);
insert into SHOT values (753, 751, 752, 1984, 18.31, 134.62, 2.51, 18.31, 134.62, 2.50, 0.00, 150.95, -23.57);
insert into SHOT values (754, 752, 753, 1984, 8.34, 221.32, 6.91, 8.33, 221.32, 6.90, 0.01, 37.75, -24.07);
insert into SHOT values (755, 753, 754, 1984, 6.14, 171.55, -18.64, 6.13, 171.59, -18.63, 0.01, 293.52, 17.12);
insert into SHOT values (756, 754, 755, 1984, 11.09, 179.63, -0.02, 11.09, 179.64, -0.05, 0.01, 215.68, -65.85);
insert into SHOT values (757, 755, 756, 1984, 8.77, 200.27, 3.46, 8.77, 200.26, 3.47, 0.00, 47.96, 8.85);
insert into SHOT values (758, 756, 757, 1984, 8.14, 166.11, 0.26, 8.14, 166.07, 0.28, 0.01, 81.53, 26.13);
insert into SHOT values (759, 757, 758, 1984, 17.00, 238.27, 0.01, 17.00, 238.27, 0.00, 0.00, 259.89, -48.42);
insert into SHOT values (760, 758, 759, 1984, 9.97, 156.20, 2.62, 9.98, 156.21, 2.64, 0.01, 171.35, 27.12);
insert into SHOT values (761, 759, 760, 1984, 16.97, 231.11, -1.96, 16.96, 231.13, -1.96, 0.01, 346.96, 2.75);
insert into SHOT values (762, 760, 761, 1984, 18.97, 193.13, -1.60, 18.97, 193.14, -1.60, 0.00, 212.92, -4.14);
insert into SHOT values (763, 761, 762, 1984, 21.40, 176.05, 2.06, 21.40, 176.06, 2.06, 0.00, 244.32, 9.70);
insert into SHOT values (764, 762, 763, 1984, 10.30, 203.55, 11.44, 10.29, 203.54, 11.43, 0.00, 88.21, -49.61);
insert into SURVEY values (1986, 55, 'mountaineye20', 'mountaineye20.Mountaineye', NULL);
 insert into CENTRELINE values (1987, 1986, NULL, NULL, NULL, 0.00, 0.00, 0.00);
 insert into SCRAPS values (1988, 1986, 'ME20_scrapSP1', 1);
 insert into MAPS values (2205, 1986, 'mountaineye20', 'Mountain eye cave part 20', 1, 121.534, 1.110);
 insert into MAPITEMS values (2205, 4, 1988);
 insert into CENTRELINE values (2206, 1986, NULL, '2006-10-09', NULL, 121.53, 0.00, 0.00);
 insert into SHOT values (765, 764, 765, 2206, 11.61, 332.28, -0.06, 11.60, 332.26, -0.05, 0.00, 200.10, 26.89);
insert into SHOT values (766, 765, 766, 2206, 4.93, 335.52, -1.36, 4.93, 335.57, -1.39, 0.01, 19.38, -27.98);
insert into SHOT values (767, 766, 767, 2206, 9.45, 35.15, 0.50, 9.44, 35.17, 0.49, 0.01, 177.59, -23.45);
insert into SHOT values (768, 767, 768, 2206, 5.08, 342.21, -5.22, 5.08, 342.17, -5.19, 0.01, 317.87, 13.66);
insert into SHOT values (769, 768, 769, 2206, 6.12, 38.05, 10.43, 6.12, 38.05, 10.45, 0.00, 39.36, 58.45);
insert into SHOT values (770, 769, 770, 2206, 17.15, 67.75, -1.29, 17.15, 67.76, -1.30, 0.00, 196.10, -51.64);
insert into SHOT values (771, 770, 771, 2206, 8.93, 24.76, 0.80, 8.93, 24.76, 0.83, 0.01, 19.49, 48.64);
insert into SHOT values (772, 771, 772, 2206, 15.25, 63.56, -2.09, 15.24, 63.57, -2.11, 0.01, 225.40, -25.32);
insert into SHOT values (773, 772, 773, 2206, 5.38, 45.86, 4.23, 5.39, 45.90, 4.26, 0.01, 89.75, 24.90);
insert into SHOT values (774, 773, 774, 2206, 17.43, 22.29, 1.32, 17.43, 22.30, 1.32, 0.00, 62.13, -26.06);
insert into SHOT values (775, 774, 775, 2206, 8.07, 81.55, -1.62, 8.07, 81.52, -1.63, 0.00, 357.51, -22.22);
insert into SHOT values (776, 775, 776, 2206, 12.14, 34.29, -1.21, 12.14, 34.29, -1.23, 0.00, 189.53, -72.67);
insert into SURVEY values (2208, 55, 'mountaineye21', 'mountaineye21.Mountaineye', NULL);
 insert into CENTRELINE values (2209, 2208, NULL, NULL, NULL, 0.00, 0.00, 0.00);
 insert into SCRAPS values (2210, 2208, 'ME21_scrapSP1', 1);
 insert into MAPS values (2240, 2208, 'mountaineye21', 'Mountain eye cave part 21', 1, 35.484, 1.070);
 insert into MAPITEMS values (2240, 4, 2210);
 insert into CENTRELINE values (2241, 2208, NULL, '2006-10-09', NULL, 35.48, 0.00, 0.00);
 insert into SHOT values (777, 777, 778, 2241, 5.03, 94.42, -2.13, 5.03, 94.45, -2.17, 0.00, 140.55, -40.15);
insert into SHOT values (778, 778, 779, 2241, 22.52, 208.96, 1.27, 22.52, 208.98, 1.27, 0.01, 264.72, 5.80);
insert into SHOT values (779, 779, 780, 2241, 7.94, 120.77, -7.74, 7.94, 120.74, -7.75, 0.00, 21.52, -12.08);
insert into SURVEY values (2243, 55, 'mountaineye22', 'mountaineye22.Mountaineye', NULL);
 insert into CENTRELINE values (2244, 2243, NULL, NULL, NULL, 0.00, 0.00, 0.00);
 insert into SCRAPS values (2245, 2243, 'ME22_scrapSP1', 1);
 insert into SCRAPS values (2350, 2243, 'scrap20a', 1);
 insert into MAPS values (2352, 2243, 'mountaineye22', 'Mountain eye cave part 22', 1, 112.683, 4.340);
 insert into MAPITEMS values (2352, 4, 2245);
 insert into CENTRELINE values (2353, 2243, NULL, '2006-10-09', NULL, 112.68, 0.00, 0.00);
 insert into SHOT values (780, 781, 782, 2353, 4.11, 352.25, -27.03, 4.11, 352.31, -27.05, 0.00, 57.22, -26.39);
insert into SHOT values (781, 782, 783, 2353, 6.08, 302.62, 6.75, 6.07, 302.61, 6.81, 0.01, 141.32, 59.80);
insert into SHOT values (782, 783, 784, 2353, 12.89, 264.64, -2.02, 12.89, 264.66, -2.04, 0.01, 307.67, -45.87);
insert into SHOT values (783, 784, 785, 2353, 24.11, 243.71, 0.61, 24.11, 243.70, 0.62, 0.01, 131.95, 38.39);
insert into SHOT values (784, 785, 786, 2353, 8.56, 156.34, -5.70, 8.56, 156.32, -5.70, 0.00, 119.84, -3.23);
insert into SHOT values (785, 782, 787, 2353, 7.09, 358.41, -2.25, 7.09, 358.38, -2.26, 0.01, 221.53, -17.16);
insert into SHOT values (786, 787, 788, 2353, 8.26, 345.74, -15.38, 8.26, 345.75, -15.37, 0.00, 82.43, 25.91);
insert into SHOT values (787, 788, 789, 2353, 10.48, 322.26, 18.42, 10.49, 322.27, 18.45, 0.01, 340.80, 63.24);
insert into SHOT values (788, 789, 790, 2353, 6.65, 271.21, -10.73, 6.65, 271.23, -10.75, 0.00, 48.23, -31.91);
insert into SHOT values (789, 790, 791, 2353, 3.38, 339.02, -10.38, 3.38, 339.00, -10.41, 0.00, 179.58, -19.45);
insert into SHOT values (790, 791, 792, 2353, 3.99, 287.38, -5.36, 3.99, 287.43, -5.32, 0.01, 66.40, 29.61);
insert into SHOT values (791, 792, 793, 2353, 2.84, 8.20, 0.06, 2.84, 8.10, 0.00, 0.01, 259.24, -29.97);
insert into SHOT values (792, 793, 794, 2353, 5.15, 262.23, -0.19, 5.15, 262.18, -0.22, 0.01, 144.29, -32.39);
insert into SHOT values (793, 794, 795, 2353, 9.09, 8.32, 0.18, 9.09, 8.28, 0.19, 0.01, 303.60, 12.02);
insert into SURVEY values (2355, 55, 'mountaineye23', 'mountaineye23.Mountaineye', NULL);
 insert into CENTRELINE values (2356, 2355, NULL, NULL, NULL, 0.00, 0.00, 0.00);
 insert into SCRAPS values (2357, 2355, 'ME23_scrapSP1', 1);
 insert into MAPS values (2576, 2355, 'mountaineye23', 'Mountain eye cave part 23', 1, 144.701, 4.210);
 insert into MAPITEMS values (2576, 4, 2357);
 insert into CENTRELINE values (2577, 2355, NULL, '2006-10-09', NULL, 144.70, 0.00, 0.00);
 insert into SHOT values (794, 796, 797, 2577, 13.14, 35.90, -2.40, 13.15, 35.89, -2.40, 0.00, 9.84, 4.93);
insert into SHOT values (795, 797, 798, 2577, 9.91, 317.66, -4.24, 9.90, 317.67, -4.23, 0.00, 119.36, 29.33);
insert into SHOT values (796, 798, 799, 2577, 11.28, 42.91, 5.14, 11.28, 42.91, 5.14, 0.00, 237.75, -32.28);
insert into SHOT values (797, 799, 800, 2577, 9.33, 36.40, -1.46, 9.34, 36.42, -1.47, 0.00, 83.91, -32.66);
insert into SHOT values (798, 800, 801, 2577, 5.10, 158.90, 9.80, 5.09, 158.86, 9.84, 0.01, 17.67, 21.61);
insert into SHOT values (799, 801, 802, 2577, 6.45, 69.37, 12.34, 6.44, 69.35, 12.37, 0.01, 267.22, 9.69);
insert into SHOT values (800, 802, 803, 2577, 15.11, 35.73, 2.14, 15.11, 35.75, 2.12, 0.01, 167.39, -26.86);
insert into SHOT values (801, 803, 804, 2577, 13.19, 84.25, -1.23, 13.19, 84.25, -1.22, 0.00, 102.96, 41.42);
insert into SHOT values (802, 804, 805, 2577, 19.74, 51.17, 1.27, 19.74, 51.15, 1.28, 0.01, 348.71, 17.99);
insert into SHOT values (803, 805, 806, 2577, 8.22, 96.93, -11.83, 8.22, 96.92, -11.86, 0.01, 70.48, -61.19);
insert into SHOT values (804, 806, 807, 2577, 8.43, 350.35, -2.31, 8.43, 350.36, -2.31, 0.00, 49.53, -15.83);
insert into SHOT values (805, 807, 808, 2577, 9.23, 307.57, -13.69, 9.23, 307.52, -13.67, 0.01, 222.75, 24.85);
insert into SHOT values (806, 808, 809, 2577, 8.36, 45.63, 4.25, 8.36, 45.63, 4.25, 0.00, 217.24, 10.00);
insert into SHOT values (807, 809, 810, 2577, 7.22, 349.09, 0.88, 7.22, 349.14, 0.87, 0.01, 86.93, -7.85);
insert into SURVEY values (2579, 55, 'cob', 'cob.Mountaineye', NULL);
 insert into CENTRELINE values (2580, 2579, NULL, NULL, NULL, 0.00, 0.00, 0.00);
 insert into SCRAPS values (2581, 2579, 'cobSP1', 1);
 insert into SCRAPS values (2613, 2579, 'cobSPX6.31', 2);
 insert into SCRAPS values (2615, 2579, 'cobSP2', 1);
 insert into SCRAPS values (2654, 2579, 'cobSP3', 1);
 insert into SCRAPS values (2665, 2579, 'cobSPX6.19', 2);
 insert into SCRAPS values (2667, 2579, 'cobSPX6.1', 2);
 insert into SCRAPS values (2669, 2579, 'cobSPX6.0', 2);
 insert into SCRAPS values (2671, 2579, 'cobSE1', 3);
 insert into MAPS values (2673, 2579, 'cob', NULL, 1, 620.193, 27.850);
 insert into MAPITEMS values (2673, 4, 2581);
 insert into MAPITEMS values (2673, 4, 2615);
 insert into MAPITEMS values (2673, 4, 2654);
 insert into CENTRELINE values (2674, 2579, NULL, '2006-10-09', NULL, 620.19, 0.00, 0.00);
 insert into SHOT values (808, 811, 812, 2674, 0.00, 0.00, 0.00, 0.00, 90.00, 0.00, 0.00, 90.00, 0.00);
insert into SHOT values (809, 811, 813, 2674, 1.19, 330.16, 7.95, 1.20, 330.20, 7.68, 0.01, 335.75, -32.23);
insert into SHOT values (810, 811, 814, 2674, 0.51, 336.09, 78.77, 0.51, 330.95, 78.36, 0.01, 264.23, -7.13);
insert into SHOT values (811, 811, 815, 2674, 0.32, 269.96, -84.03, 0.32, 270.00, -82.87, 0.01, 270.21, 19.59);
insert into SHOT values (812, 811, 816, 2674, 5.18, 145.58, 1.29, 5.17, 145.63, 1.33, 0.01, 285.24, 24.16);
insert into SHOT values (813, 811, 817, 2674, 8.83, 253.48, 2.25, 8.84, 253.49, 2.27, 0.01, 270.09, 23.84);
insert into SHOT values (814, 817, 818, 2674, 2.66, 335.46, -1.44, 2.66, 335.56, -1.51, 0.01, 76.80, -34.76);
insert into SHOT values (815, 817, 819, 2674, 0.40, 331.59, 49.77, 0.40, 332.45, 49.15, 0.01, 24.00, -32.27);
insert into SHOT values (816, 817, 820, 2674, 1.06, 233.64, -72.64, 1.07, 234.25, -73.19, 0.01, 34.00, -29.21);
insert into SHOT values (817, 817, 821, 2674, 3.12, 126.80, 0.43, 3.12, 126.80, 0.37, 0.00, 312.52, -60.88);
insert into SHOT values (818, 817, 822, 2674, 15.58, 251.70, -2.59, 15.57, 251.72, -2.61, 0.01, 28.67, -43.14);
insert into SHOT values (819, 817, 823, 2674, 2.82, 165.79, -7.73, 2.82, 165.72, -7.74, 0.00, 62.11, -4.45);
insert into SHOT values (820, 822, 824, 2674, 2.60, 170.74, -10.52, 2.60, 170.76, -10.43, 0.01, 329.47, 62.66);
insert into SHOT values (821, 822, 825, 2674, 2.35, 341.81, -12.47, 2.35, 341.72, -12.52, 0.00, 226.23, -26.39);
insert into SHOT values (822, 822, 826, 2674, 1.63, 307.51, 75.43, 1.63, 307.15, 75.32, 0.01, 278.35, 44.66);
insert into SHOT values (823, 822, 827, 2674, 1.08, 263.27, -77.23, 1.08, 262.87, -77.03, 0.00, 236.89, 31.63);
insert into SHOT values (824, 822, 828, 2674, 56.80, 250.08, -1.33, 56.80, 250.08, -1.33, 0.01, 234.19, -13.82);
insert into SHOT values (825, 828, 829, 2674, 0.93, 159.05, 13.01, 0.93, 158.55, 13.10, 0.01, 56.70, 7.72);
insert into SHOT values (826, 828, 830, 2674, 7.07, 345.53, 1.18, 7.06, 345.57, 1.22, 0.01, 104.08, 38.34);
insert into SHOT values (827, 828, 831, 2674, 14.21, 319.82, 0.93, 14.21, 319.85, 0.93, 0.01, 42.36, -4.13);
insert into SHOT values (828, 828, 832, 2674, 11.27, 49.44, 2.25, 11.27, 49.46, 2.29, 0.01, 90.01, 45.63);
insert into SHOT values (829, 828, 833, 2674, 8.07, 78.23, 3.50, 8.08, 78.19, 3.55, 0.01, 4.72, 49.17);
insert into SHOT values (830, 828, 834, 2674, 5.25, 87.68, 0.54, 5.25, 87.71, 0.55, 0.00, 125.83, 6.68);
insert into SHOT values (831, 828, 835, 2674, 8.21, 62.30, -7.99, 8.22, 62.33, -7.97, 0.01, 102.75, 14.53);
insert into SHOT values (832, 828, 836, 2674, 5.88, 324.42, -38.33, 5.88, 324.52, -38.25, 0.01, 37.70, 45.54);
insert into SHOT values (833, 828, 837, 2674, 37.84, 65.24, 1.05, 37.85, 65.24, 1.06, 0.01, 34.61, 55.23);
insert into SHOT values (834, 828, 838, 2674, 26.08, 75.23, 1.83, 26.09, 75.22, 1.85, 0.01, 12.04, 62.70);
insert into SHOT values (835, 828, 839, 2674, 24.16, 60.53, 0.77, 24.17, 60.53, 0.78, 0.01, 56.50, 32.28);
insert into SHOT values (836, 828, 840, 2674, 19.77, 282.05, -2.00, 19.76, 282.07, -2.00, 0.01, 58.83, -0.72);
insert into SHOT values (837, 840, 841, 2674, 3.44, 187.44, 2.53, 3.44, 187.52, 2.66, 0.01, 245.41, 56.01);
insert into SHOT values (838, 840, 842, 2674, 8.99, 129.77, 6.44, 8.99, 129.82, 6.45, 0.01, 208.89, 13.58);
insert into SHOT values (839, 840, 843, 2674, 9.58, 269.65, -1.32, 9.58, 269.64, -1.32, 0.00, 241.21, 12.49);
insert into SHOT values (840, 840, 844, 2674, 4.81, 334.70, 44.46, 4.81, 334.63, 44.49, 0.01, 203.71, -3.90);
insert into SHOT values (841, 840, 845, 2674, 7.16, 12.02, 9.05, 7.15, 12.01, 9.09, 0.01, 201.90, 26.15);
insert into SHOT values (842, 840, 846, 2674, 12.22, 57.16, 2.89, 12.22, 57.14, 2.91, 0.01, 275.01, 33.38);
insert into SHOT values (843, 840, 847, 2674, 12.33, 74.27, -7.78, 12.32, 74.27, -7.74, 0.01, 258.20, 47.53);
insert into SHOT values (844, 840, 848, 2674, 7.37, 314.03, 15.67, 7.37, 313.97, 15.66, 0.01, 265.86, -0.42);
insert into SHOT values (845, 840, 849, 2674, 8.00, 302.44, 1.98, 8.00, 302.38, 2.01, 0.01, 201.52, 22.30);
insert into SHOT values (846, 840, 850, 2674, 10.00, 287.88, -0.69, 10.00, 287.87, -0.69, 0.00, 220.98, 20.26);
insert into SHOT values (847, 850, 851, 2674, 3.72, 211.42, 9.92, 3.73, 211.53, 10.04, 0.01, 267.15, 46.46);
insert into SHOT values (848, 850, 852, 2674, 5.04, 156.96, -3.10, 5.04, 156.95, -3.07, 0.00, 70.79, 72.31);
insert into SHOT values (849, 850, 853, 2674, 8.45, 236.60, 2.85, 8.46, 236.59, 2.85, 0.01, 223.26, -2.24);
insert into SHOT values (850, 850, 854, 2674, 2.63, 267.77, 4.67, 2.63, 267.81, 4.80, 0.01, 287.56, 46.43);
insert into SHOT values (851, 850, 855, 2674, 3.95, 297.50, 8.42, 3.95, 297.42, 8.44, 0.01, 232.55, 15.72);
insert into SHOT values (852, 850, 856, 2674, 6.63, 27.31, 3.76, 6.62, 27.30, 3.81, 0.01, 218.00, 48.36);
insert into SHOT values (853, 850, 857, 2674, 4.26, 340.74, -1.93, 4.25, 340.63, -1.89, 0.01, 225.61, 20.04);
insert into SHOT values (854, 850, 858, 2674, 5.74, 325.73, -0.18, 5.74, 325.65, -0.10, 0.01, 239.49, 43.50);
insert into SHOT values (855, 850, 859, 2674, 5.29, 306.13, 2.96, 5.29, 306.07, 3.03, 0.01, 185.52, 44.80);
insert into SHOT values (856, 850, 860, 2674, 3.81, 297.69, 9.32, 3.81, 297.59, 9.37, 0.01, 180.02, 20.46);
insert into SHOT values (857, 828, 861, 2674, 0.00, 0.00, 0.00, 0.00, 90.00, 0.00, 0.00, 90.00, 0.00);
insert into SHOT values (858, 828, 862, 2674, 5.28, 304.97, -32.54, 5.27, 305.01, -32.49, 0.01, 91.73, 55.77);
insert into SHOT values (859, 828, 863, 2674, 3.88, 1.75, -39.72, 3.89, 1.92, -39.66, 0.01, 54.87, 0.53);
insert into SHOT values (860, 828, 864, 2674, 11.90, 319.78, -11.28, 11.89, 319.80, -11.25, 0.01, 57.24, 61.50);
insert into SHOT values (861, 864, 865, 2674, 0.00, 0.00, 0.00, 0.00, 90.00, 0.00, 0.00, 90.00, 0.00);
insert into SHOT values (862, 865, 866, 2674, 9.58, 55.62, -73.39, 9.58, 55.56, -73.38, 0.01, 11.03, -39.43);
insert into SHOT values (863, 866, 867, 2674, 0.97, 358.65, -7.59, 0.97, 358.81, -7.71, 0.00, 114.96, -32.71);
insert into SHOT values (864, 866, 868, 2674, 3.97, 281.05, -1.27, 3.96, 281.05, -1.30, 0.00, 96.83, -24.34);
insert into SHOT values (865, 866, 869, 2674, 6.22, 262.70, 0.57, 6.22, 262.70, 0.55, 0.00, 292.75, -67.37);
insert into SHOT values (866, 866, 870, 2674, 6.93, 239.78, 0.75, 6.93, 239.77, 0.74, 0.00, 159.61, -42.39);
insert into SHOT values (867, 866, 871, 2674, 2.65, 206.26, 4.89, 2.65, 206.27, 4.97, 0.00, 248.62, 76.11);
insert into SHOT values (868, 866, 872, 2674, 19.77, 253.58, -0.90, 19.77, 253.57, -0.90, 0.00, 129.42, 10.42);
insert into SHOT values (869, 872, 873, 2674, 5.26, 244.48, 13.18, 5.27, 244.48, 13.16, 0.01, 248.37, -2.82);
insert into SHOT values (870, 872, 874, 2674, 11.58, 282.73, 6.93, 11.58, 282.72, 6.95, 0.00, 161.30, 47.31);
insert into SHOT values (871, 872, 875, 2674, 11.57, 315.42, 9.20, 11.56, 315.43, 9.21, 0.00, 115.06, 15.87);
insert into SHOT values (872, 872, 876, 2674, 8.48, 345.38, 5.47, 8.47, 345.37, 5.49, 0.00, 184.61, 25.67);
insert into SHOT values (873, 872, 877, 2674, 3.82, 17.67, 2.22, 3.82, 17.68, 2.25, 0.00, 77.60, 76.16);
insert into SHOT values (874, 872, 878, 2674, 5.27, 56.30, 4.56, 5.27, 56.34, 4.57, 0.01, 200.33, 7.81);
insert into SHOT values (875, 872, 879, 2674, 9.71, 13.60, 80.01, 9.71, 13.46, 80.06, 0.01, 221.59, 1.13);
insert into SHOT values (876, 872, 880, 2674, 9.55, 84.74, 1.43, 9.55, 84.77, 1.44, 0.01, 167.63, 16.34);
insert into SHOT values (877, 872, 881, 2674, 12.31, 68.55, 2.63, 12.30, 68.57, 2.66, 0.01, 220.67, 28.05);
insert into SHOT values (878, 872, 882, 2674, 2.02, 170.21, 5.43, 2.02, 170.26, 5.40, 0.00, 198.49, -11.19);
insert into SHOT values (879, 872, 883, 2674, 0.71, 79.32, -85.90, 0.71, 78.69, -85.89, 0.00, 17.11, -77.31);
insert into SHOT values (880, 872, 884, 2674, 11.91, 313.01, 7.11, 11.91, 313.01, 7.09, 0.00, 129.01, -57.78);
insert into SHOT values (881, 884, 885, 2674, 7.55, 177.50, 3.17, 7.56, 177.49, 3.19, 0.01, 169.65, 21.78);
insert into SHOT values (882, 884, 886, 2674, 4.25, 218.93, 5.15, 4.26, 218.98, 5.25, 0.01, 241.91, 43.01);
insert into SHOT values (883, 884, 887, 2674, 0.68, 212.50, 66.83, 0.69, 213.11, 66.45, 0.01, 234.06, 35.88);
insert into SHOT values (884, 884, 888, 2674, 1.65, 214.23, -57.34, 1.66, 214.57, -57.11, 0.01, 251.10, 5.07);
insert into SHOT values (885, 884, 889, 2674, 5.23, 240.33, -12.47, 5.23, 240.32, -12.47, 0.00, 224.32, -8.64);
insert into SHOT values (886, 884, 890, 2674, 10.73, 90.57, -0.17, 10.72, 90.59, -0.16, 0.01, 233.22, 18.26);
insert into SHOT values (887, 884, 891, 2674, 7.73, 110.40, -0.21, 7.73, 110.45, -0.15, 0.01, 235.29, 44.34);
insert into SHOT values (888, 884, 892, 2674, 22.38, 250.55, -5.06, 22.39, 250.57, -5.05, 0.01, 292.30, 23.49);
insert into SHOT values (889, 892, 893, 2674, 7.50, 323.44, -3.63, 7.49, 323.48, -3.60, 0.01, 108.03, 27.13);
insert into SHOT values (890, 892, 894, 2674, 8.53, 26.12, -2.63, 8.53, 26.17, -2.62, 0.01, 95.30, 9.26);
insert into SHOT values (891, 892, 895, 2674, 15.92, 54.87, 1.76, 15.92, 54.90, 1.76, 0.01, 162.95, 5.70);
insert into SHOT values (892, 892, 896, 2674, 20.94, 64.51, 4.28, 20.95, 64.54, 4.27, 0.01, 137.89, -15.51);
insert into SHOT values (893, 892, 897, 2674, 15.49, 70.82, 6.99, 15.49, 70.82, 7.01, 0.01, 99.62, 75.13);
insert into SHOT values (894, 892, 898, 2674, 16.28, 76.38, 2.89, 16.29, 76.42, 2.89, 0.01, 133.75, -3.55);
insert into SHOT values (895, 892, 899, 2674, 15.95, 81.79, 5.09, 15.95, 81.82, 5.11, 0.01, 146.69, 25.23);
insert into SHOT values (896, 892, 900, 2674, 10.08, 92.74, 3.57, 10.08, 92.79, 3.58, 0.01, 151.40, 13.78);
insert into SHOT values (897, 892, 901, 2674, 7.80, 73.73, -26.07, 7.80, 73.76, -26.07, 0.01, 107.93, -25.94);
insert into SHOT values (898, 892, 902, 2674, 6.11, 67.13, 38.03, 6.12, 67.16, 38.04, 0.01, 111.94, 47.20);
insert into SHOT values (899, 892, 903, 2674, 5.75, 88.81, -36.62, 5.75, 88.88, -36.59, 0.01, 124.60, -10.47);
insert into SHOT values (900, 892, 904, 2674, 3.40, 97.96, -38.97, 3.41, 98.01, -38.86, 0.01, 111.33, 4.87);
insert into SHOT values (901, 892, 905, 2674, 11.64, 123.75, 3.18, 11.65, 123.74, 3.20, 0.01, 116.33, 27.70);
insert into SHOT values (902, 892, 906, 2674, 6.84, 141.89, -1.00, 6.84, 141.89, -1.01, 0.00, 141.21, -22.42);
insert into SHOT values (903, 892, 907, 2674, 5.92, 223.52, -15.57, 5.92, 223.44, -15.58, 0.01, 156.12, -14.47);
insert into SHOT values (904, 892, 908, 2674, 4.20, 257.60, -1.21, 4.20, 257.49, -1.23, 0.01, 158.77, -8.52);
insert into SHOT values (905, 908, 909, 2674, 1.56, 66.73, -5.21, 1.56, 66.56, -5.13, 0.01, 337.72, 24.55);
insert into SHOT values (906, 908, 910, 2674, 0.43, 341.17, 71.45, 0.43, 342.90, 71.65, 0.00, 98.47, -17.47);
insert into SHOT values (907, 908, 911, 2674, 0.50, 341.53, -75.90, 0.51, 341.57, -75.53, 0.01, 342.59, -36.66);
insert into SHOT values (908, 908, 912, 2674, 3.10, 330.11, -1.86, 3.10, 330.21, -1.85, 0.01, 87.14, 7.07);
insert into SHOT values (909, 908, 913, 2674, 3.74, 187.62, 2.18, 3.73, 187.54, 2.15, 0.01, 42.96, -15.29);
insert into SHOT values (910, 908, 914, 2674, 16.46, 243.03, 0.34, 16.46, 243.05, 0.35, 0.01, 13.64, 21.25);
insert into SHOT values (911, 914, 915, 2674, 4.63, 339.40, -35.19, 4.63, 339.41, -35.22, 0.01, 153.60, 5.42);
insert into SHOT values (912, 914, 916, 2674, 2.04, 333.94, 5.92, 2.04, 333.94, 5.92, 0.01, 153.73, -6.46);
insert into SHOT values (913, 914, 917, 2674, 6.68, 336.32, 1.07, 6.67, 336.32, 1.03, 0.01, 162.21, -49.96);
insert into SHOT values (914, 914, 918, 2674, 0.43, 216.30, -76.81, 0.43, 216.87, -76.61, 0.00, 251.29, 19.18);
insert into SHOT values (915, 914, 919, 2674, 13.12, 30.39, -0.71, 13.12, 30.42, -0.70, 0.01, 145.68, 20.69);
insert into SHOT values (916, 914, 920, 2674, 18.28, 264.71, -11.02, 18.29, 264.69, -11.04, 0.01, 175.59, -42.84);
insert into SHOT values (917, 920, 921, 2674, 1.85, 3.48, 55.39, 1.86, 3.27, 55.50, 0.01, 270.40, 56.12);
insert into SHOT values (918, 920, 922, 2674, 1.74, 168.38, 57.79, 1.73, 168.08, 57.96, 0.01, 27.02, 2.40);
insert into SHOT values (919, 920, 923, 2674, 4.29, 134.96, 76.44, 4.30, 135.00, 76.49, 0.01, 301.50, 57.48);
insert into SHOT values (920, 920, 924, 2674, 1.93, 210.81, -80.81, 1.92, 211.61, -80.87, 0.01, 338.65, 53.23);
insert into SHOT values (921, 920, 925, 2674, 15.83, 253.71, -18.30, 15.82, 253.72, -18.31, 0.01, 33.80, -4.25);
insert into SHOT values (922, 920, 926, 2674, 12.02, 91.97, 17.77, 12.02, 91.95, 17.78, 0.00, 335.02, 13.28);
insert into SHOT values (923, 920, 927, 2674, 6.46, 67.79, 38.27, 6.47, 67.78, 38.30, 0.01, 56.09, 60.86);
insert into SHOT values (924, 925, 928, 2674, 1.13, 333.06, -64.13, 1.13, 332.40, -63.82, 0.01, 263.23, 57.32);
insert into SHOT values (925, 925, 929, 2674, 1.17, 335.27, 2.21, 1.17, 335.19, 2.45, 0.01, 205.33, 66.62);
insert into SHOT values (926, 925, 930, 2674, 0.44, 221.65, 5.32, 0.45, 222.27, 6.40, 0.01, 266.60, 52.41);
insert into SHOT values (927, 925, 931, 2674, 5.02, 177.90, 84.93, 5.02, 178.70, 84.97, 0.01, 295.52, 27.66);
insert into SHOT values (928, 925, 932, 2674, 11.00, 67.68, 9.36, 11.00, 67.69, 9.37, 0.00, 225.30, 6.57);
insert into SHOT values (929, 925, 933, 2674, 7.46, 83.38, 10.23, 7.46, 83.43, 10.27, 0.01, 201.18, 36.87);
insert into SHOT values (930, 925, 934, 2674, 5.54, 258.73, 1.37, 5.54, 258.75, 1.45, 0.01, 16.26, 73.21);
insert into SHOT values (931, 925, 935, 2674, 15.31, 247.07, -0.23, 15.31, 247.05, -0.22, 0.01, 196.18, 13.16);
insert into SHOT values (932, 935, 936, 2674, 1.82, 322.30, 1.14, 1.82, 322.37, 1.26, 0.00, 19.36, 54.08);
insert into SHOT values (933, 935, 937, 2674, 3.49, 157.50, 20.76, 3.49, 157.45, 20.83, 0.01, 29.72, 44.25);
insert into SHOT values (934, 935, 938, 2674, 5.09, 72.14, -0.88, 5.09, 72.14, -0.79, 0.01, 258.00, 62.65);
insert into SHOT values (935, 935, 939, 2674, 4.17, 61.96, -0.03, 4.17, 61.84, 0.00, 0.01, 332.70, 13.89);
insert into SHOT values (936, 935, 940, 2674, 2.70, 22.24, 0.78, 2.70, 22.20, 0.85, 0.00, 324.47, 52.71);
insert into SHOT values (937, 935, 941, 2674, 1.69, 44.77, 72.80, 1.70, 44.19, 72.78, 0.01, 347.19, 54.66);
insert into SHOT values (938, 935, 942, 2674, 2.51, 6.14, -35.74, 2.51, 6.19, -35.57, 0.01, 56.58, 76.09);
insert into SHOT values (939, 935, 943, 2674, 7.83, 216.79, 4.60, 7.83, 216.83, 4.61, 0.01, 273.40, 19.23);
insert into SHOT values (940, 943, 944, 2674, 2.90, 336.42, 5.66, 2.90, 336.54, 5.73, 0.01, 33.83, 29.44);
insert into SHOT values (941, 943, 945, 2674, 1.69, 328.48, -39.12, 1.69, 328.74, -39.24, 0.01, 81.12, -21.01);
insert into SHOT values (942, 943, 946, 2674, 1.05, 337.15, 42.47, 1.05, 337.38, 42.31, 0.00, 28.22, -22.46);
insert into SHOT values (943, 943, 947, 2674, 0.35, 218.18, 22.12, 0.34, 217.23, 22.49, 0.01, 72.82, -4.16);
insert into SHOT values (944, 943, 948, 2674, 2.59, 281.46, -50.18, 2.59, 281.51, -50.28, 0.00, 80.38, -27.63);
insert into SHOT values (945, 943, 949, 2674, 2.76, 311.33, -40.22, 2.76, 311.54, -40.14, 0.01, 37.73, 31.26);
insert into SHOT values (946, 943, 950, 2674, 15.51, 257.53, -13.47, 15.50, 257.55, -13.47, 0.01, 49.90, 15.51);
insert into SHOT values (947, 950, 951, 2674, 4.59, 145.43, 72.27, 4.59, 145.51, 72.29, 0.00, 269.84, 36.81);
insert into SHOT values (948, 950, 952, 2674, 11.92, 131.36, 0.71, 11.92, 131.39, 0.72, 0.01, 244.06, 16.58);
insert into SHOT values (949, 950, 953, 2674, 6.01, 116.77, -41.96, 6.01, 116.85, -41.95, 0.01, 175.77, -17.30);
insert into SHOT values (950, 950, 954, 2674, 5.71, 347.21, 13.77, 5.71, 347.19, 13.77, 0.00, 201.43, -5.50);
insert into SHOT values (951, 950, 955, 2674, 6.48, 53.93, 9.28, 6.48, 53.97, 9.24, 0.01, 187.18, -38.97);
insert into SHOT values (952, 950, 956, 2674, 9.06, 89.86, 3.58, 9.06, 89.87, 3.54, 0.01, 161.44, -68.32);
insert into SHOT values (953, 950, 957, 2674, 9.28, 90.18, 6.43, 9.27, 90.19, 6.44, 0.01, 263.11, 7.08);
insert into SHOT values (954, 950, 958, 2674, 6.22, 356.77, 56.48, 6.22, 356.66, 56.50, 0.01, 260.59, 16.62);
insert into SHOT values (955, 950, 959, 2674, 6.60, 331.66, 55.42, 6.59, 331.59, 55.44, 0.01, 189.22, -35.19);
insert into SHOT values (956, 950, 960, 2674, 8.31, 295.70, -12.93, 8.31, 295.68, -12.93, 0.00, 256.83, -14.66);
insert into SHOT values (957, 950, 961, 2674, 3.71, 303.68, -9.88, 3.72, 303.65, -9.91, 0.01, 280.09, -27.18);
insert into SHOT values (958, 950, 962, 2674, 7.57, 300.68, -11.79, 7.58, 300.65, -11.81, 0.01, 229.37, -27.54);
insert into SHOT values (959, 950, 963, 2674, 4.14, 16.89, 33.67, 4.13, 16.91, 33.66, 0.01, 188.58, -37.09);
insert into SHOT values (960, 950, 964, 2674, 7.27, 329.43, 1.21, 7.27, 329.41, 1.18, 0.00, 248.73, -61.08);
insert into SHOT values (961, 950, 965, 2674, 16.39, 202.36, 11.72, 16.40, 202.36, 11.72, 0.01, 210.06, 4.24);
insert into SHOT values (962, 950, 966, 2674, 7.16, 221.20, 15.97, 7.16, 221.23, 15.96, 0.01, 258.15, 2.75);
insert into SHOT values (963, 950, 967, 2674, 12.68, 216.63, 9.12, 12.69, 216.66, 9.11, 0.01, 266.64, -1.97);
insert into SHOT values (964, 950, 968, 2674, 13.16, 137.86, -5.86, 13.16, 137.88, -5.89, 0.01, 255.16, -51.11);
insert into SHOT values (965, 950, 969, 2674, 13.47, 109.81, -3.78, 13.47, 109.84, -3.79, 0.01, 211.44, -17.87);
insert into SHOT values (966, 950, 970, 2674, 15.83, 133.37, -4.27, 15.83, 133.38, -4.28, 0.01, 274.19, -13.95);
insert into SHOT values (967, 950, 971, 2674, 14.09, 110.52, -3.77, 14.09, 110.52, -3.78, 0.00, 257.46, -70.03);
insert into SHOT values (968, 971, 972, 2674, 1.51, 138.72, -82.14, 1.50, 140.91, -82.12, 0.01, 231.31, 31.50);
insert into SHOT values (969, 971, 973, 2674, 5.13, 160.07, 45.66, 5.13, 160.10, 45.68, 0.00, 299.38, 5.85);
insert into SHOT values (970, 971, 974, 2674, 7.84, 147.54, 1.27, 7.83, 147.57, 1.32, 0.01, 280.66, 50.15);
insert into SHOT values (971, 971, 975, 2674, 0.68, 49.47, -29.72, 0.67, 49.18, -29.58, 0.01, 260.34, 39.45);
insert into SHOT values (972, 971, 976, 2674, 9.02, 179.71, 32.43, 9.02, 179.70, 32.46, 0.01, 124.22, 72.00);
insert into SHOT values (973, 971, 977, 2674, 10.73, 151.89, 33.00, 10.73, 151.90, 32.98, 0.01, 162.34, -10.84);
insert into SHOT values (974, 971, 978, 2674, 12.01, 112.28, -6.82, 12.00, 112.28, -6.79, 0.01, 285.33, 47.19);
insert into SHOT values (975, 971, 979, 2674, 8.77, 86.05, -8.16, 8.77, 86.10, -8.13, 0.01, 197.45, 30.74);
insert into SHOT values (976, 971, 980, 2674, 21.95, 98.79, -2.83, 21.94, 98.79, -2.82, 0.01, 270.12, 37.75);
insert into SHOT values (977, 980, 981, 2674, 8.50, 159.81, -27.77, 8.50, 159.78, -27.76, 0.00, 104.91, 4.55);
insert into SHOT values (978, 980, 982, 2674, 2.98, 343.97, 7.70, 2.98, 343.89, 7.71, 0.00, 225.79, 0.67);
insert into SHOT values (979, 980, 983, 2674, 2.31, 320.04, 25.43, 2.30, 319.88, 25.46, 0.01, 195.11, -5.10);
insert into SHOT values (980, 980, 984, 2674, 4.24, 263.88, -43.30, 4.24, 263.84, -43.40, 0.01, 104.19, -41.85);
insert into SHOT values (981, 980, 985, 2674, 8.54, 123.74, -13.72, 8.54, 123.75, -13.75, 0.00, 282.91, -47.32);
insert into SHOT values (982, 980, 986, 2674, 6.91, 133.73, -18.24, 6.92, 133.71, -18.28, 0.01, 104.20, -47.09);
insert into SHOT values (983, 980, 987, 2674, 10.02, 56.99, 15.79, 10.02, 57.02, 15.81, 0.01, 153.98, 28.47);
insert into SHOT values (984, 987, 988, 2674, 4.68, 152.03, 1.59, 4.68, 152.06, 1.59, 0.00, 269.77, 3.58);
insert into SHOT values (985, 987, 989, 2674, 0.96, 329.35, 39.29, 0.96, 329.30, 39.34, 0.00, 169.33, -13.36);
insert into SHOT values (986, 987, 990, 2674, 1.39, 137.20, 84.89, 1.38, 138.37, 84.98, 0.01, 277.65, -67.93);
insert into SHOT values (987, 987, 991, 2674, 0.85, 166.94, -62.52, 0.85, 166.68, -62.80, 0.00, 11.09, -18.42);
insert into SHOT values (988, 987, 992, 2674, 11.46, 109.30, 17.71, 11.46, 109.31, 17.68, 0.01, 250.71, -54.85);
insert into SHOT values (989, 992, 993, 2674, 0.57, 206.21, -26.83, 0.56, 206.05, -26.52, 0.01, 41.33, 48.42);
insert into SHOT values (990, 992, 994, 2674, 4.25, 2.66, -1.09, 4.25, 2.70, -1.08, 0.00, 83.57, 13.86);
insert into SHOT values (991, 992, 995, 2674, 9.39, 45.85, 68.83, 9.40, 45.83, 68.78, 0.01, 39.99, 5.48);
insert into SHOT values (992, 992, 996, 2674, 1.61, 5.55, -59.95, 1.61, 5.71, -59.95, 0.00, 101.29, 3.42);
insert into SHOT values (993, 992, 997, 2674, 12.48, 91.32, 1.10, 12.49, 91.29, 1.10, 0.01, 49.43, 2.39);
insert into SHOT values (994, 992, 998, 2674, 3.27, 111.07, 3.03, 3.27, 110.99, 2.98, 0.01, 46.81, -28.06);
insert into SHOT values (995, 992, 999, 2674, 4.97, 60.88, 6.68, 4.98, 60.84, 6.69, 0.01, 42.85, 9.94);
insert into SHOT values (996, 997, 1000, 2674, 8.67, 42.37, 83.27, 8.67, 42.20, 83.29, 0.01, 261.15, -14.43);
insert into SHOT values (997, 997, 1001, 2674, 2.73, 31.50, 6.09, 2.73, 31.58, 6.10, 0.01, 183.23, -0.37);
insert into SHOT values (998, 997, 1002, 2674, 0.27, 188.80, -6.15, 0.28, 190.49, -6.24, 0.01, 234.13, -6.45);
insert into SHOT values (999, 997, 1003, 2674, 1.79, 69.77, -42.38, 1.78, 69.90, -42.50, 0.01, 234.19, 24.35);
insert into SHOT values (1000, 997, 1004, 2674, 2.92, 107.20, -33.89, 2.92, 107.31, -33.97, 0.01, 248.93, -5.19);
insert into SHOT values (1001, 1004, 1005, 2674, 2.60, 69.15, 75.26, 2.60, 69.65, 75.24, 0.01, 151.67, -5.60);
insert into SHOT values (1002, 1004, 1006, 2674, 0.66, 148.15, -46.37, 0.66, 148.39, -45.75, 0.01, 179.22, 61.76);
insert into SHOT values (1003, 1004, 1007, 2674, 4.49, 132.01, 5.95, 4.49, 132.01, 6.01, 0.00, 117.67, 75.28);
insert into SHOT values (1004, 1004, 1008, 2674, 0.58, 345.01, 12.65, 0.57, 345.47, 13.12, 0.01, 133.05, 20.91);
insert into SHOT values (1005, 1004, 1009, 2674, 1.74, 255.01, 1.44, 1.73, 254.92, 1.66, 0.01, 99.97, 44.47);
insert into SHOT values (1006, 1004, 1010, 2674, 2.39, 284.28, 23.44, 2.39, 284.29, 23.47, 0.00, 98.87, -4.33);
insert into SHOT values (1007, 1004, 1011, 2674, 3.98, 245.00, -10.27, 3.97, 245.01, -10.30, 0.01, 58.35, -12.93);
insert into SHOT values (1008, 1004, 1012, 2674, 7.34, 229.06, -15.78, 7.34, 229.02, -15.74, 0.01, 92.67, 42.94);
insert into SHOT values (1009, 1004, 1013, 2674, 6.78, 208.32, -0.01, 6.78, 208.34, 0.00, 0.00, 320.12, 24.06);
insert into SHOT values (1010, 1004, 1014, 2674, 4.09, 60.53, 7.32, 4.09, 60.59, 7.31, 0.00, 156.32, -8.24);
insert into SHOT values (1011, 1004, 1015, 2674, 9.07, 97.67, 2.18, 9.08, 97.67, 2.21, 0.01, 89.12, 46.14);
insert into SHOT values (1012, 1004, 1016, 2674, 14.13, 77.20, 2.46, 14.13, 77.19, 2.47, 0.01, 61.38, 32.97);
insert into SHOT values (1013, 1016, 1017, 2674, 2.79, 164.06, -44.87, 2.79, 164.13, -44.92, 0.01, 223.88, -60.24);
insert into SHOT values (1014, 1016, 1018, 2674, 1.92, 47.07, -78.99, 1.91, 48.37, -79.12, 0.01, 166.29, -1.52);
insert into SHOT values (1015, 1016, 1019, 2674, 4.63, 304.43, -25.81, 4.63, 304.34, -25.87, 0.01, 227.44, -40.81);
insert into SHOT values (1016, 1016, 1020, 2674, 1.50, 268.76, 5.66, 1.51, 268.47, 5.71, 0.01, 216.54, 11.08);
insert into SHOT values (1017, 1016, 1021, 2674, 10.57, 82.63, -11.81, 10.56, 82.66, -11.81, 0.01, 222.11, 14.63);
insert into SHOT values (1018, 1021, 1022, 2674, 3.60, 338.02, -30.54, 3.61, 338.06, -30.65, 0.01, 48.44, -74.59);
insert into SHOT values (1019, 1021, 1023, 2674, 2.85, 214.62, -10.65, 2.85, 214.66, -10.73, 0.00, 331.31, -63.84);
insert into SHOT values (1020, 1021, 1024, 2674, 2.18, 12.73, 74.92, 2.18, 13.07, 74.69, 0.01, 38.88, -45.36);
insert into SHOT values (1021, 1021, 1025, 2674, 4.66, 269.09, -27.91, 4.67, 269.17, -27.99, 0.01, 10.20, -51.04);
insert into SHOT values (1022, 1021, 1026, 2674, 0.42, 65.17, -50.33, 0.43, 66.25, -50.39, 0.01, 107.74, -44.50);
insert into SHOT values (1023, 1021, 1027, 2674, 4.58, 44.23, 0.08, 4.58, 44.20, 0.00, 0.01, 325.46, -71.04);
insert into SHOT values (1024, 1021, 1028, 2674, 5.65, 116.81, -1.18, 5.65, 116.75, -1.22, 0.01, 9.52, -29.58);
insert into SHOT values (1025, 1028, 1029, 2674, 1.65, 152.94, -15.77, 1.65, 153.11, -15.78, 0.01, 187.09, -15.55);
insert into SHOT values (1026, 1028, 1030, 2674, 5.30, 355.09, 5.54, 5.29, 355.10, 5.53, 0.01, 167.93, -13.00);
insert into SHOT values (1027, 1028, 1031, 2674, 2.03, 43.52, 1.60, 2.02, 43.80, 1.70, 0.01, 152.95, 18.10);
insert into SHOT values (1028, 1028, 1032, 2674, 3.82, 48.18, -39.40, 3.81, 48.30, -39.40, 0.01, 174.58, 27.40);
insert into SHOT values (1029, 1028, 1033, 2674, 2.66, 76.68, 72.24, 2.66, 77.16, 72.24, 0.01, 173.82, -18.27);
insert into SHOT values (1030, 1028, 1034, 2674, 5.28, 95.32, -9.39, 5.28, 95.39, -9.37, 0.01, 177.95, 16.07);
insert into SHOT values (1031, 1028, 1035, 2674, 4.98, 45.71, -7.21, 4.98, 45.74, -7.26, 0.01, 104.07, -59.98);
insert into SHOT values (1032, 1028, 1036, 2674, 15.66, 71.07, -3.53, 15.65, 71.07, -3.52, 0.00, 278.30, 62.15);
insert into SHOT values (1033, 1036, 1037, 2674, 1.18, 342.91, -52.51, 1.18, 342.84, -52.87, 0.01, 170.09, -22.24);
insert into SHOT values (1034, 1036, 1038, 2674, 1.92, 339.87, -3.88, 1.91, 340.04, -3.91, 0.01, 128.06, -1.13);
insert into SHOT values (1035, 1036, 1039, 2674, 1.44, 152.72, 14.14, 1.45, 152.53, 13.95, 0.01, 128.41, -11.06);
insert into SHOT values (1036, 1036, 1040, 2674, 4.25, 82.16, 3.25, 4.26, 82.29, 3.23, 0.01, 159.02, -6.45);
insert into SHOT values (1037, 1036, 1041, 2674, 7.23, 270.14, 0.69, 7.22, 270.08, 0.63, 0.01, 144.53, -36.75);
insert into SHOT values (1038, 1036, 1042, 2674, 5.89, 225.92, -1.76, 5.89, 225.83, -1.85, 0.01, 121.41, -42.58);
insert into SHOT values (1039, 1043, 1044, 2674, 6.17, 106.64, -2.69, 6.18, 106.67, -2.69, 0.01, 129.90, -3.37);
insert into SHOT values (1040, 1036, 1044, 2674, 6.17, 106.64, -2.69, 6.18, 106.67, -2.69, 0.01, 129.90, -3.37);
insert into SHOT values (1041, 1044, 1045, 2674, 3.38, 253.21, 1.88, 3.37, 253.28, 1.87, 0.00, 352.02, -9.23);
insert into SHOT values (1042, 1044, 1046, 2674, 1.05, 244.82, -24.66, 1.06, 244.77, -24.58, 0.01, 237.19, -12.56);
insert into SHOT values (1043, 1044, 1047, 2674, 4.54, 168.45, 80.17, 4.54, 168.84, 80.17, 0.01, 268.92, -49.97);
insert into SHOT values (1044, 1044, 1048, 2674, 0.45, 94.60, 17.89, 0.45, 93.99, 17.99, 0.00, 3.65, 10.42);
insert into SHOT values (1045, 1044, 1049, 2674, 4.72, 321.58, 27.02, 4.71, 321.57, 27.00, 0.00, 154.81, -55.04);
insert into SHOT values (1046, 1044, 1050, 2674, 2.72, 293.81, 14.32, 2.72, 293.74, 14.28, 0.00, 207.97, -32.57);
insert into SHOT values (1047, 1044, 1051, 2674, 11.66, 192.79, 5.30, 11.67, 192.78, 5.26, 0.01, 164.53, -60.52);
insert into SHOT values (1048, 1044, 1052, 2674, 7.53, 219.42, -0.62, 7.52, 219.44, -0.69, 0.01, 0.02, -59.01);
insert into SHOT values (1049, 1044, 1053, 2674, 4.43, 181.72, 1.16, 4.43, 181.81, 1.16, 0.01, 286.85, 1.71);
insert into SHOT values (1050, 1051, 1054, 2674, 4.86, 51.00, -19.60, 4.85, 50.95, -19.51, 0.01, 290.84, 61.22);
insert into SHOT values (1051, 1051, 1055, 2674, 7.63, 106.58, 29.42, 7.62, 106.55, 29.47, 0.01, 306.59, 17.00);
insert into SHOT values (1052, 1051, 1056, 2674, 0.73, 306.94, -44.15, 0.73, 307.30, -43.44, 0.01, 345.44, 57.55);
insert into SHOT values (1053, 1051, 1057, 2674, 2.27, 49.77, -11.66, 2.27, 49.73, -11.67, 0.00, 11.75, -15.00);
insert into SHOT values (1054, 1051, 1058, 2674, 3.17, 60.58, 63.47, 3.17, 60.36, 63.51, 0.01, 318.85, 27.15);
insert into SHOT values (1055, 1051, 1059, 2674, 5.91, 29.39, -7.61, 5.91, 29.32, -7.58, 0.01, 290.48, 23.88);
insert into SHOT values (1056, 1051, 1060, 2674, 3.54, 329.10, -11.02, 3.55, 329.09, -10.88, 0.01, 325.96, 40.80);
insert into SHOT values (1057, 1051, 1061, 2674, 5.14, 59.71, -11.77, 5.14, 59.66, -11.79, 0.01, 270.25, -4.84);
insert into SHOT values (1058, 1051, 1062, 2674, 7.77, 197.96, 3.46, 7.76, 197.97, 3.47, 0.01, 10.00, 9.06);
insert into SHOT values (1059, 1051, 1063, 2674, 8.23, 154.20, 39.05, 8.23, 154.20, 39.10, 0.01, 339.94, 64.24);
insert into SHOT values (1060, 1051, 1064, 2674, 6.71, 184.82, 2.67, 6.71, 184.88, 2.73, 0.01, 286.97, 46.78);
insert into SHOT values (1061, 1062, 1065, 2674, 0.40, 271.69, -12.85, 0.40, 271.47, -12.99, 0.00, 187.11, -34.51);
insert into SHOT values (1062, 1062, 1066, 2674, 2.34, 140.86, -22.45, 2.34, 141.01, -22.38, 0.01, 206.78, 18.54);
insert into SHOT values (1063, 1062, 1067, 2674, 0.53, 309.05, -1.99, 0.53, 308.16, -2.14, 0.01, 251.97, -9.34);
insert into SHOT values (1064, 1062, 1068, 2674, 2.96, 305.55, 10.40, 2.96, 305.49, 10.51, 0.01, 175.30, 53.90);
insert into SHOT values (1065, 1062, 1069, 2674, 8.82, 235.50, 80.98, 8.83, 235.28, 80.96, 0.01, 180.15, 43.17);
insert into SHOT values (1066, 1062, 1070, 2674, 1.78, 273.75, -48.82, 1.79, 273.39, -48.58, 0.01, 233.77, 6.07);
insert into SHOT values (1067, 1062, 1071, 2674, 1.97, 75.88, -2.22, 1.96, 75.82, -2.05, 0.01, 283.27, 54.79);
insert into SHOT values (1068, 1062, 1072, 2674, 5.10, 10.60, -2.43, 5.10, 10.52, -2.36, 0.01, 289.48, 39.33);
insert into SHOT values (1069, 1062, 1073, 2674, 3.43, 339.27, -2.65, 3.43, 339.13, -2.67, 0.01, 244.68, -9.92);
insert into SHOT values (1070, 1062, 1074, 2674, 7.73, 255.70, 6.62, 7.74, 255.69, 6.60, 0.01, 249.45, -7.91);
insert into SHOT values (1071, 1062, 1075, 2674, 10.97, 239.95, 10.32, 10.97, 239.97, 10.35, 0.01, 309.65, 61.57);
insert into SHOT values (1072, 1062, 1076, 2674, 10.02, 236.23, 10.61, 10.03, 236.21, 10.63, 0.01, 204.00, 42.11);
insert into SHOT values (1073, 1062, 1077, 2674, 18.16, 241.97, 9.00, 18.16, 241.96, 9.00, 0.00, 182.50, -8.78);
insert into SHOT values (1074, 1077, 1078, 2674, 9.87, 227.82, 76.34, 9.88, 227.78, 76.32, 0.01, 207.33, 54.57);
insert into SHOT values (1075, 1077, 1079, 2674, 2.87, 270.47, 6.13, 2.88, 270.40, 6.19, 0.01, 242.35, 25.66);
insert into SHOT values (1076, 1077, 1080, 2674, 1.19, 163.53, 3.65, 1.19, 163.86, 3.86, 0.01, 260.32, 31.99);
insert into SHOT values (1077, 1077, 1081, 2674, 0.58, 321.80, -49.06, 0.58, 321.34, -48.87, 0.00, 280.13, -13.52);
insert into SHOT values (1078, 1077, 1082, 2674, 3.48, 201.48, -6.87, 3.49, 201.52, -6.76, 0.01, 228.11, 46.63);
insert into SHOT values (1079, 1077, 1083, 2674, 5.52, 173.35, -10.47, 5.52, 173.44, -10.44, 0.01, 254.00, 15.64);
insert into SHOT values (1080, 1083, 1084, 2674, 8.14, 287.66, 80.48, 8.14, 287.76, 80.50, 0.00, 68.36, -26.21);
insert into SHOT values (1081, 1083, 1085, 2674, 2.49, 265.01, -47.32, 2.49, 265.24, -47.35, 0.01, 7.63, -1.75);
insert into SHOT values (1082, 1083, 1086, 2674, 2.35, 286.03, 0.59, 2.34, 286.11, 0.49, 0.01, 56.12, -42.94);
insert into SHOT values (1083, 1083, 1087, 2674, 0.59, 159.11, 34.24, 0.59, 158.20, 34.25, 0.01, 58.18, -6.14);
insert into SHOT values (1084, 1083, 1088, 2674, 2.50, 9.00, 2.39, 2.50, 8.97, 2.29, 0.00, 335.06, -63.52);
insert into SHOT values (1085, 1083, 1089, 2674, 2.64, 320.42, 9.03, 2.64, 320.45, 8.94, 0.00, 346.83, -53.87);
insert into SHOT values (1086, 1083, 1090, 2674, 4.65, 212.27, -8.22, 4.64, 212.20, -8.17, 0.01, 111.30, 38.10);
insert into SHOT values (1087, 1083, 1091, 2674, 3.02, 239.05, -5.58, 3.01, 239.07, -5.53, 0.01, 53.13, 20.70);
insert into SHOT values (1088, 1083, 1092, 2674, 8.06, 228.21, -4.84, 8.05, 228.18, -4.84, 0.01, 79.25, -0.26);
insert into SHOT values (1089, 1092, 1093, 2674, 2.07, 283.08, -48.26, 2.08, 282.93, -48.21, 0.01, 243.84, -23.39);
insert into SHOT values (1090, 1092, 1094, 2674, 1.82, 289.67, 4.41, 1.82, 289.63, 4.41, 0.00, 267.62, 3.78);
insert into SHOT values (1091, 1092, 1095, 2674, 12.02, 268.94, 78.14, 12.02, 269.07, 78.14, 0.01, 359.39, -30.85);
insert into SHOT values (1092, 1092, 1096, 2674, 0.43, 80.42, -30.05, 0.43, 80.79, -30.41, 0.00, 150.16, -54.99);
insert into SHOT values (1093, 1092, 1097, 2674, 4.08, 61.68, -4.30, 4.08, 61.67, -4.36, 0.00, 12.67, -78.24);
insert into SHOT values (1094, 1092, 1098, 2674, 2.67, 48.86, 0.62, 2.67, 48.79, 0.64, 0.00, 272.81, 13.35);
insert into SHOT values (1095, 1092, 1099, 2674, 4.22, 186.57, 4.54, 4.22, 186.69, 4.48, 0.01, 270.82, -25.66);
insert into SHOT values (1096, 1092, 1100, 2674, 3.21, 163.16, 10.10, 3.21, 163.28, 10.04, 0.01, 265.45, -28.61);
insert into SHOT values (1097, 1092, 1101, 2674, 7.17, 175.15, 7.27, 7.17, 175.16, 7.29, 0.00, 296.93, 49.18);
insert into SHOT values (1098, 1101, 1102, 2674, 7.50, 120.60, 81.41, 7.50, 120.70, 81.44, 0.00, 275.79, 14.12);
insert into SHOT values (1099, 1101, 1103, 2674, 1.51, 106.92, -47.42, 1.52, 107.02, -47.54, 0.01, 181.75, -70.26);
insert into SHOT values (1100, 1101, 1104, 2674, 1.25, 88.06, 16.74, 1.24, 88.07, 16.82, 0.00, 264.09, 6.91);
insert into SHOT values (1101, 1101, 1105, 2674, 1.46, 248.31, 34.93, 1.46, 248.38, 35.13, 0.01, 48.08, 40.74);
insert into SHOT values (1102, 1101, 1106, 2674, 7.11, 121.83, 6.39, 7.11, 121.87, 6.38, 0.01, 243.79, -15.58);
insert into SHOT values (1103, 1101, 1107, 2674, 3.40, 153.44, 5.09, 3.39, 153.43, 5.08, 0.01, 336.75, -13.16);
insert into SHOT values (1104, 1101, 1108, 2674, 10.10, 138.95, 1.63, 10.10, 138.94, 1.65, 0.00, 357.50, 36.15);
insert into SHOT values (1105, 1108, 1109, 2674, 7.06, 195.20, 83.73, 7.06, 194.93, 83.69, 0.01, 157.53, -16.33);
insert into SHOT values (1106, 1108, 1110, 2674, 1.12, 143.31, 20.28, 1.11, 143.57, 20.00, 0.01, 278.02, -48.49);
insert into SHOT values (1107, 1108, 1111, 2674, 1.73, 256.62, 0.03, 1.73, 256.61, 0.00, 0.00, 245.76, -24.32);
insert into SHOT values (1108, 1108, 1112, 2674, 1.16, 142.40, 19.61, 1.17, 142.40, 19.55, 0.00, 142.30, 4.52);
insert into SHOT values (1109, 1108, 1113, 2674, 1.71, 215.85, -61.83, 1.71, 215.46, -61.78, 0.01, 157.41, -27.65);
insert into SHOT values (1110, 1108, 1114, 2674, 5.30, 311.22, 2.10, 5.30, 311.25, 2.06, 0.00, 63.11, -56.97);
insert into SHOT values (1111, 1108, 1115, 2674, 6.11, 334.13, 3.64, 6.11, 334.15, 3.56, 0.01, 69.80, -75.90);
insert into SHOT values (1112, 1108, 1116, 2674, 4.46, 196.20, 11.03, 4.46, 196.16, 10.97, 0.01, 156.69, -38.04);
insert into SHOT values (1113, 1108, 1117, 2674, 3.07, 166.70, 8.73, 3.07, 166.65, 8.63, 0.01, 105.77, -61.14);
insert into SHOT values (1114, 1108, 1118, 2674, 11.21, 156.78, 18.62, 11.20, 156.82, 18.58, 0.01, 255.92, -48.86);
insert into SHOT values (1115, 1118, 1119, 2674, 2.54, 347.27, -61.73, 2.54, 347.47, -61.85, 0.01, 129.48, -9.88);
insert into SHOT values (1116, 1118, 1120, 2674, 0.90, 4.89, 56.17, 0.90, 5.71, 56.18, 0.01, 101.57, -7.44);
insert into SHOT values (1117, 1118, 1121, 2674, 7.84, 13.93, 54.76, 7.85, 13.94, 54.79, 0.01, 69.98, 80.91);
insert into SHOT values (1118, 1118, 1122, 2674, 1.67, 29.84, -2.91, 1.66, 29.96, -2.76, 0.01, 158.73, 46.30);
insert into SHOT values (1119, 1118, 1123, 2674, 0.38, 263.22, 20.64, 0.38, 263.48, 21.67, 0.01, 35.66, 72.21);
insert into SHOT values (1120, 1118, 1124, 2674, 2.59, 316.34, -14.05, 2.59, 316.45, -14.08, 0.01, 93.83, -2.03);
insert into SHOT values (1121, 1118, 1125, 2674, 2.83, 353.73, -14.54, 2.83, 353.91, -14.55, 0.01, 78.02, -4.96);
insert into SHOT values (1122, 1118, 1126, 2674, 2.93, 99.93, 19.26, 2.94, 99.97, 19.29, 0.01, 119.07, 29.58);
insert into SHOT values (1123, 1118, 1127, 2674, 3.73, 80.99, 32.80, 3.73, 81.02, 32.77, 0.01, 98.46, 5.74);
insert into SHOT values (1124, 1118, 1128, 2674, 6.55, 90.09, 21.66, 6.55, 90.09, 21.67, 0.00, 105.53, 51.36);
insert into SHOT values (1125, 1128, 1129, 2674, 4.85, 216.93, 70.28, 4.85, 216.80, 70.30, 0.01, 124.29, 55.34);
insert into SHOT values (1126, 1128, 1130, 2674, 0.91, 312.13, -59.01, 0.91, 312.36, -59.46, 0.01, 119.16, -5.29);
insert into SHOT values (1127, 1128, 1131, 2674, 0.84, 158.67, -27.08, 0.84, 158.91, -26.86, 0.00, 202.53, 23.38);
insert into SHOT values (1128, 1128, 1132, 2674, 1.37, 11.67, -2.61, 1.37, 11.80, -2.51, 0.01, 47.67, 22.27);
insert into SHOT values (1129, 1128, 1133, 2674, 2.11, 102.86, -15.19, 2.11, 102.74, -15.09, 0.01, 62.39, 21.90);
insert into SHOT values (1130, 1128, 1134, 2674, 5.10, 50.50, -20.05, 5.10, 50.50, -20.05, 0.00, 55.63, -20.55);
insert into SHOT values (1131, 1134, 1135, 2674, 6.59, 287.58, 84.06, 6.60, 287.10, 84.08, 0.01, 178.78, 41.97);
insert into SHOT values (1132, 1134, 1136, 2674, 1.04, 215.06, -58.72, 1.04, 215.17, -58.84, 0.00, 356.03, -51.95);
insert into SHOT values (1133, 1134, 1137, 2674, 1.15, 311.95, 20.98, 1.14, 311.95, 21.11, 0.01, 132.39, 0.35);
insert into SHOT values (1134, 1134, 1138, 2674, 4.40, 207.46, 9.29, 4.40, 207.45, 9.29, 0.00, 129.78, 26.43);
insert into SHOT values (1135, 1134, 1139, 2674, 0.73, 155.96, 11.73, 0.73, 155.96, 11.90, 0.00, 152.70, 69.03);
insert into SHOT values (1136, 1134, 1140, 2674, 4.13, 59.57, -4.33, 4.14, 59.58, -4.29, 0.01, 70.83, 23.46);
insert into SHOT values (1137, 1134, 1141, 2674, 6.32, 68.62, -4.56, 6.32, 68.69, -4.54, 0.01, 125.70, 13.46);
insert into SHOT values (1138, 1134, 1142, 2674, 10.08, 59.62, -3.10, 10.09, 59.64, -3.07, 0.01, 88.66, 33.41);
insert into SHOT values (1139, 1142, 1143, 2674, 7.79, 213.46, 72.08, 7.79, 213.62, 72.04, 0.01, 275.05, -37.02);
insert into SHOT values (1140, 1142, 1144, 2674, 0.58, 9.97, 44.64, 0.57, 9.93, 44.57, 0.01, 192.98, -49.16);
insert into SHOT values (1141, 1142, 1145, 2674, 6.35, 78.96, 0.00, 6.35, 79.01, 0.00, 0.01, 214.92, 0.00);
insert into SHOT values (1142, 1142, 1146, 2674, 6.07, 92.89, 1.63, 6.06, 92.93, 1.61, 0.01, 241.89, -16.35);
insert into SHOT values (1143, 1142, 1147, 2674, 10.37, 87.48, 6.37, 10.36, 87.50, 6.37, 0.00, 199.74, 0.33);
insert into SHOT values (1144, 1147, 1148, 2674, 6.80, 315.95, 74.17, 6.80, 315.87, 74.18, 0.00, 193.45, -3.72);
insert into SHOT values (1145, 1147, 1149, 2674, 2.37, 306.41, -56.36, 2.37, 306.35, -56.26, 0.01, 291.39, -2.30);
insert into SHOT values (1146, 1147, 1150, 2674, 1.53, 328.05, 4.99, 1.54, 328.07, 4.85, 0.01, 333.67, -25.88);
insert into SHOT values (1147, 1147, 1151, 2674, 0.36, 218.21, 0.84, 0.36, 219.40, 0.00, 0.01, 291.13, -33.82);
insert into SHOT values (1148, 1147, 1152, 2674, 2.31, 18.92, 8.18, 2.31, 18.91, 7.98, 0.01, 214.50, -81.03);
insert into SHOT values (1149, 1147, 1153, 2674, 2.87, 66.03, 18.14, 2.87, 65.97, 18.08, 0.01, 298.01, -48.49);
insert into SHOT values (1150, 1147, 1154, 2674, 3.29, 34.73, 24.87, 3.28, 34.60, 24.88, 0.01, 274.33, -10.96);
insert into SHOT values (1151, 1147, 1155, 2674, 7.08, 36.52, 42.72, 7.08, 36.47, 42.72, 0.01, 262.38, -33.09);
insert into SHOT values (1152, 1155, 1156, 2674, 1.94, 129.97, 58.52, 1.94, 129.81, 58.39, 0.01, 88.55, -32.17);
insert into SHOT values (1153, 1155, 1157, 2674, 1.59, 117.12, -66.74, 1.59, 116.57, -66.79, 0.01, 357.79, 32.57);
insert into SHOT values (1154, 1155, 1158, 2674, 3.72, 122.34, 2.31, 3.72, 122.23, 2.31, 0.01, 17.25, 1.47);
insert into SHOT values (1155, 1155, 1159, 2674, 0.56, 13.14, -36.68, 0.56, 12.80, -37.00, 0.01, 293.80, -57.92);
insert into SHOT values (1156, 1155, 1160, 2674, 7.76, 66.49, 0.04, 7.77, 66.47, 0.07, 0.01, 46.20, 33.11);
insert into SHOT values (1157, 1160, 1161, 2674, 2.30, 161.90, 59.35, 2.29, 162.18, 59.16, 0.01, 217.86, -51.27);
insert into SHOT values (1158, 1160, 1162, 2674, 3.12, 136.73, -51.40, 3.12, 136.87, -51.43, 0.01, 237.42, -18.35);
insert into SHOT values (1159, 1160, 1163, 2674, 2.86, 164.50, 1.76, 2.85, 164.55, 1.61, 0.01, 267.08, -71.25);
insert into SHOT values (1160, 1160, 1164, 2674, 2.25, 82.22, 28.29, 2.24, 82.16, 28.18, 0.01, 284.32, -53.18);
insert into SHOT values (1161, 1160, 1165, 2674, 2.60, 153.17, -2.88, 2.60, 153.24, -3.08, 0.01, 281.02, -67.00);
insert into SHOT values (1162, 1160, 1166, 2674, 1.92, 109.39, -4.62, 1.92, 109.57, -4.79, 0.01, 235.02, -35.05);
insert into SHOT values (1163, 1160, 1167, 2674, 6.08, 180.36, 21.64, 6.08, 180.41, 21.63, 0.01, 234.02, -3.07);
insert into SHOT values (1164, 1160, 1168, 2674, 6.27, 114.61, -2.45, 6.27, 114.64, -2.47, 0.00, 237.98, -26.99);
insert into SHOT values (1165, 1160, 1169, 2674, 4.35, 143.62, -5.00, 4.35, 143.63, -5.01, 0.00, 287.12, -23.79);
insert into SHOT values (1166, 1160, 1170, 2674, 7.88, 125.10, 4.69, 7.88, 125.15, 4.66, 0.01, 232.76, -32.24);
insert into SHOT values (1167, 1170, 1171, 2674, 1.02, 195.69, 56.69, 1.03, 195.52, 56.91, 0.00, 49.16, 49.09);
insert into SHOT values (1168, 1170, 1172, 2674, 2.81, 200.07, -62.08, 2.82, 199.95, -62.09, 0.00, 137.83, -47.68);
insert into SHOT values (1169, 1170, 1173, 2674, 1.02, 43.29, -19.67, 1.02, 43.32, -19.46, 0.00, 76.10, 77.94);
insert into SHOT values (1170, 1170, 1174, 2674, 3.18, 215.51, 5.98, 3.17, 215.45, 5.97, 0.01, 57.52, -8.84);
insert into SHOT values (1171, 1170, 1175, 2674, 6.36, 200.26, 9.14, 6.36, 200.22, 9.14, 0.01, 62.75, -5.88);
insert into SHOT values (1172, 1170, 1176, 2674, 5.27, 132.90, 13.23, 5.27, 132.87, 13.27, 0.00, 8.64, 44.14);
insert into SHOT values (1173, 1170, 1177, 2674, 9.81, 158.46, -27.52, 9.81, 158.42, -27.51, 0.01, 44.64, 31.37);
insert into SHOT values (1174, 1177, 1178, 2674, 5.14, 59.74, 73.15, 5.13, 59.63, 73.19, 0.01, 267.85, -42.90);
insert into SHOT values (1175, 1177, 1179, 2674, 1.59, 45.44, -56.23, 1.59, 45.46, -56.19, 0.00, 58.66, 3.04);
insert into SHOT values (1176, 1177, 1180, 2674, 3.17, 74.15, 7.14, 3.17, 74.15, 7.06, 0.00, 234.39, -80.92);
insert into SHOT values (1177, 1177, 1181, 2674, 0.67, 304.33, 15.31, 0.67, 303.69, 14.68, 0.01, 235.01, -41.72);
insert into SHOT values (1178, 1177, 1182, 2674, 2.81, 318.04, 4.71, 2.81, 318.04, 4.70, 0.00, 324.10, -12.27);
insert into SHOT values (1179, 1177, 1183, 2674, 4.46, 346.79, 7.92, 4.45, 346.75, 7.88, 0.01, 191.98, -30.20);
insert into SHOT values (1180, 1177, 1184, 2674, 4.22, 129.64, 3.48, 4.22, 129.70, 3.40, 0.01, 254.08, -49.08);
insert into SHOT values (1181, 1177, 1185, 2674, 4.59, 174.15, 4.94, 4.59, 174.23, 4.87, 0.01, 223.83, -30.88);
insert into SHOT values (1182, 1177, 1186, 2674, 7.05, 161.35, 12.71, 7.05, 161.35, 12.69, 0.01, 165.77, -3.80);
insert into SHOT values (1183, 1186, 1187, 2674, 4.91, 137.77, 74.12, 4.91, 137.73, 74.17, 0.01, 327.71, -31.22);
insert into SHOT values (1184, 1186, 1188, 2674, 0.70, 271.14, 43.70, 0.70, 271.12, 43.26, 0.01, 267.84, -62.71);
insert into SHOT values (1185, 1186, 1189, 2674, 4.08, 71.95, 52.31, 4.07, 71.78, 52.23, 0.01, 4.51, -34.73);
insert into SHOT values (1186, 1186, 1190, 2674, 3.02, 271.17, 60.46, 3.01, 271.15, 60.37, 0.01, 258.01, -73.93);
insert into SHOT values (1187, 1186, 1191, 2674, 3.32, 147.61, -47.39, 3.32, 147.59, -47.58, 0.01, 333.67, -41.44);
insert into SHOT values (1188, 1186, 1192, 2674, 2.29, 11.93, -8.10, 2.30, 11.90, -8.24, 0.01, 3.77, -40.40);
insert into SHOT values (1189, 1186, 1193, 2674, 6.08, 333.78, -13.99, 6.09, 333.78, -13.97, 0.01, 335.96, 6.33);
insert into SHOT values (1190, 1186, 1194, 2674, 8.75, 152.34, -7.05, 8.75, 152.34, -7.09, 0.01, 325.83, -56.43);
insert into SHOT values (1191, 1194, 1195, 2674, 5.61, 80.58, 68.89, 5.61, 80.58, 68.91, 0.00, 255.89, 6.50);
insert into SHOT values (1192, 1194, 1196, 2674, 1.96, 311.53, -64.90, 1.95, 311.58, -64.91, 0.00, 114.75, 60.04);
insert into SHOT values (1193, 1194, 1197, 2674, 1.09, 23.04, 5.09, 1.09, 22.78, 5.27, 0.01, 291.90, 34.75);
insert into SHOT values (1194, 1194, 1198, 2674, 2.67, 331.62, -3.71, 2.68, 331.61, -3.64, 0.01, 327.24, 30.94);
insert into SHOT values (1195, 1194, 1199, 2674, 5.46, 311.76, -9.21, 5.46, 311.77, -9.17, 0.01, 120.84, 55.90);
insert into SHOT values (1196, 1194, 1200, 2674, 0.91, 200.92, -65.28, 0.90, 201.80, -65.31, 0.01, 309.58, 25.93);
insert into SHOT values (1197, 1194, 1201, 2674, 1.58, 80.17, -3.16, 1.58, 80.12, -2.91, 0.01, 292.15, 69.12);
insert into SHOT values (1198, 1194, 1202, 2674, 1.58, 80.00, -3.30, 1.58, 80.12, -3.27, 0.00, 187.84, 12.82);
insert into SHOT values (1199, 1202, 1203, 2674, 5.28, 193.92, 77.74, 5.28, 194.04, 77.83, 0.01, 355.80, 36.13);
insert into SHOT values (1200, 1202, 1204, 2674, 1.19, 231.74, -72.32, 1.19, 232.82, -72.14, 0.01, 303.63, 33.44);
insert into SHOT values (1201, 1202, 1205, 2674, 1.27, 195.80, 9.56, 1.27, 195.69, 9.49, 0.00, 119.27, -33.79);
insert into SHOT values (1202, 1202, 1206, 2674, 0.53, 95.97, 42.01, 0.53, 95.86, 42.56, 0.01, 293.28, 60.44);
insert into SHOT values (1203, 1202, 1207, 2674, 7.38, 153.62, 6.00, 7.37, 153.61, 5.99, 0.00, 20.19, -28.73);
insert into SHOT values (1204, 1207, 1208, 2674, 5.08, 27.34, 66.14, 5.08, 27.19, 66.13, 0.01, 309.79, 14.15);
insert into SHOT values (1205, 1207, 1209, 2674, 6.29, 12.26, 35.52, 6.28, 12.19, 35.51, 0.01, 281.04, -13.28);
insert into SHOT values (1206, 1207, 1210, 2674, 2.26, 150.27, 56.47, 2.26, 150.14, 56.48, 0.00, 25.44, -33.50);
insert into SHOT values (1207, 1207, 1211, 2674, 1.45, 48.24, -68.09, 1.44, 48.01, -68.12, 0.01, 264.34, 55.49);
insert into SHOT values (1208, 1207, 1212, 2674, 1.18, 5.36, -11.01, 1.19, 5.42, -10.69, 0.01, 18.52, 48.41);
insert into SHOT values (1209, 1207, 1213, 2674, 2.48, 286.40, -34.27, 2.48, 286.41, -34.09, 0.01, 288.04, 35.79);
insert into SHOT values (1210, 1207, 1214, 2674, 3.91, 325.87, -12.82, 3.91, 325.89, -12.70, 0.01, 343.68, 55.15);
insert into SHOT values (1211, 1207, 1215, 2674, 5.54, 77.80, 11.69, 5.54, 77.76, 11.77, 0.01, 313.42, 56.38);
insert into SHOT values (1212, 1207, 1216, 2674, 11.44, 66.20, 13.84, 11.44, 66.16, 13.86, 0.01, 316.78, 17.38);
insert into SHOT values (1213, 1216, 1217, 2674, 2.17, 221.48, 82.11, 2.17, 219.56, 82.10, 0.01, 134.66, 14.15);
insert into SHOT values (1214, 1216, 1218, 2674, 3.15, 158.87, 29.98, 3.16, 158.78, 30.01, 0.01, 100.34, 35.05);
insert into SHOT values (1215, 1216, 1219, 2674, 3.57, 329.21, 21.09, 3.57, 329.27, 21.19, 0.01, 123.39, 25.38);
insert into SHOT values (1216, 1216, 1220, 2674, 1.35, 246.41, -73.22, 1.35, 245.43, -73.39, 0.01, 119.33, 17.01);
insert into SHOT values (1217, 1216, 1221, 2674, 3.46, 51.61, -22.02, 3.46, 51.70, -22.04, 0.01, 155.13, -9.24);
insert into SHOT values (1218, 1216, 1222, 2674, 3.42, 66.26, -24.82, 3.43, 66.32, -24.83, 0.01, 108.74, -26.19);
insert into SHOT values (1219, 1216, 1223, 2674, 5.20, 73.25, 13.22, 5.20, 73.35, 13.23, 0.01, 175.64, 2.12);
insert into SHOT values (1220, 1223, 1224, 2674, 1.16, 294.87, -49.21, 1.16, 294.88, -49.16, 0.00, 304.43, 32.00);
insert into SHOT values (1221, 1223, 1225, 2674, 1.10, 354.88, 53.53, 1.10, 354.73, 53.43, 0.00, 268.40, -59.45);
insert into SHOT values (1222, 1223, 1226, 2674, 4.62, 345.78, 9.12, 4.62, 345.78, 9.10, 0.00, 347.78, -38.84);
insert into SHOT values (1223, 1223, 1227, 2674, 2.17, 153.03, 11.27, 2.17, 152.83, 11.18, 0.01, 20.54, -25.14);
insert into SHOT values (1224, 1223, 1228, 2674, 13.11, 54.60, 2.30, 13.11, 54.60, 2.32, 0.00, 271.95, 87.56);
insert into SHOT values (1225, 1228, 1229, 2674, 0.42, 197.39, -25.21, 0.42, 196.99, -25.56, 0.00, 61.88, -22.27);
insert into SHOT values (1226, 1228, 1230, 2674, 0.81, 148.62, 67.19, 0.81, 146.82, 67.50, 0.01, 31.11, -1.78);
insert into SHOT values (1227, 1228, 1231, 2674, 5.30, 164.30, 7.83, 5.30, 164.19, 7.81, 0.01, 39.67, -12.49);
insert into SHOT values (1228, 1228, 1232, 2674, 2.03, 355.74, 12.53, 2.03, 355.96, 12.50, 0.01, 68.60, -4.59);
insert into SHOT values (1229, 1228, 1233, 2674, 3.55, 58.88, -1.79, 3.56, 58.82, -1.93, 0.01, 32.72, -45.20);
insert into SHOT values (1230, 1228, 1234, 2674, 13.33, 77.53, 4.27, 13.33, 77.53, 4.26, 0.01, 83.32, -26.05);
insert into SHOT values (1231, 1228, 1235, 2674, 8.63, 85.02, -11.55, 8.64, 84.98, -11.55, 0.01, 26.00, -11.41);
insert into SURVEY values (2676, 55, 'connection', 'connection.Mountaineye', NULL);
 insert into CENTRELINE values (2677, 2676, NULL, NULL, NULL, 0.00, 0.00, 0.00);
 insert into SCRAPS values (2678, 2676, 'Highlinewalls', 1);
 insert into SCRAPS values (3015, 2676, 'ancientwalls', 1);
 insert into SCRAPS values (3862, 2676, 'fossiltrunkwalls', 1);
 insert into SCRAPS values (3880, 2676, 'superwalls', 1);
 insert into SCRAPS values (4025, 2676, 'bellywalls', 1);
 insert into MAPS values (4069, 2676, 'connection', NULL, 1, 1167.940, 54.460);
 insert into MAPITEMS values (4069, 4, 2678);
 insert into MAPITEMS values (4069, 4, 3015);
 insert into MAPITEMS values (4069, 4, 3862);
 insert into MAPITEMS values (4069, 4, 3880);
 insert into MAPITEMS values (4069, 4, 4025);
 insert into CENTRELINE values (4070, 2676, NULL, '2006-10-09', NULL, 1167.94, 0.00, 0.00);
 insert into SHOT values (1232, 1236, 1237, 4070, 0.00, 0.00, 0.00, 0.00, 90.00, 0.00, 0.00, 90.00, 0.00);
insert into SHOT values (1233, 1236, 1238, 4070, 9.43, 250.44, 0.64, 9.44, 250.43, 0.67, 0.01, 240.44, 31.60);
insert into SHOT values (1234, 1238, 1239, 4070, 4.14, 222.63, 59.55, 4.14, 222.68, 59.60, 0.01, 25.84, -28.18);
insert into SHOT values (1235, 1238, 1240, 4070, 0.00, 0.00, 0.00, 0.00, 90.00, 0.00, 0.00, 90.00, 0.00);
insert into SHOT values (1236, 1238, 1241, 4070, 1.03, 160.64, -0.24, 1.03, 160.68, 0.00, 0.00, 183.35, 64.74);
insert into SHOT values (1237, 1238, 1242, 4070, 1.26, 163.33, -84.53, 1.27, 160.02, -84.69, 0.01, 45.05, -12.88);
insert into SHOT values (1238, 1238, 1243, 4070, 5.98, 204.14, 85.95, 5.98, 204.10, 86.01, 0.01, 26.73, 39.14);
insert into SHOT values (1239, 1239, 1244, 4070, 0.00, 0.00, 0.00, 0.00, 90.00, 0.00, 0.00, 90.00, 0.00);
insert into SHOT values (1240, 1239, 1245, 4070, 7.59, 277.70, 36.38, 7.60, 277.71, 36.41, 0.01, 330.94, 80.99);
insert into SHOT values (1241, 1239, 1246, 4070, 0.00, 0.00, 0.00, 0.00, 90.00, 0.00, 0.00, 90.00, 0.00);
insert into SHOT values (1242, 1239, 1247, 4070, 1.26, 342.18, 1.82, 1.26, 342.00, 1.82, 0.00, 219.68, -2.10);
insert into SHOT values (1243, 1239, 1248, 4070, 4.57, 88.68, -87.67, 4.56, 90.00, -87.61, 0.01, 134.88, 40.74);
insert into SHOT values (1244, 1239, 1249, 4070, 5.44, 307.10, 74.05, 5.44, 307.10, 74.08, 0.00, 126.84, 61.32);
insert into SHOT values (1245, 1245, 1250, 4070, 0.00, 0.00, 0.00, 0.00, 90.00, 0.00, 0.00, 90.00, 0.00);
insert into SHOT values (1246, 1245, 1251, 4070, 2.44, 344.12, 1.94, 2.44, 344.02, 1.88, 0.01, 196.39, -18.94);
insert into SHOT values (1247, 1245, 1252, 4070, 3.86, 158.65, -0.71, 3.85, 158.70, -0.74, 0.00, 272.91, -33.55);
insert into SHOT values (1248, 1245, 1253, 4070, 1.58, 132.25, -86.49, 1.58, 135.00, -86.41, 0.01, 199.14, -10.61);
insert into SHOT values (1249, 1245, 1254, 4070, 3.88, 105.64, -39.69, 3.89, 105.71, -39.66, 0.01, 144.21, -8.16);
insert into SHOT values (1250, 1245, 1255, 4070, 4.25, 83.69, -39.42, 4.25, 83.70, -39.46, 0.00, 255.55, -20.21);
insert into SHOT values (1251, 1245, 1256, 4070, 10.39, 90.60, -3.20, 10.40, 90.61, -3.20, 0.00, 115.53, 3.88);
insert into SHOT values (1252, 1245, 1257, 4070, 11.54, 67.89, -2.59, 11.54, 67.93, -2.58, 0.01, 170.50, 9.35);
insert into SHOT values (1253, 1245, 1258, 4070, 27.54, 242.95, -0.58, 27.54, 242.93, -0.58, 0.01, 155.73, -8.42);
insert into SHOT values (1254, 1258, 1259, 4070, 8.15, 46.07, -0.65, 8.15, 46.04, -0.63, 0.00, 341.74, 30.70);
insert into SHOT values (1255, 1258, 1260, 4070, 7.09, 22.32, -1.69, 7.09, 22.30, -1.70, 0.00, 276.83, -14.66);
insert into SHOT values (1256, 1258, 1261, 4070, 5.29, 74.34, 3.75, 5.29, 74.28, 3.79, 0.01, 332.00, 34.63);
insert into SHOT values (1257, 1258, 1262, 4070, 8.44, 44.73, -4.38, 8.44, 44.71, -4.42, 0.01, 270.84, -53.89);
insert into SHOT values (1258, 1258, 1263, 4070, 1.14, 164.03, 8.58, 1.14, 163.98, 8.60, 0.00, 354.95, -2.75);
insert into SHOT values (1259, 1258, 1264, 4070, 4.68, 331.70, -3.33, 4.69, 331.68, -3.30, 0.01, 315.73, 21.43);
insert into SHOT values (1260, 1258, 1265, 4070, 1.02, 348.89, 53.12, 1.02, 348.69, 53.27, 0.00, 236.83, 55.14);
insert into SHOT values (1261, 1258, 1266, 4070, 2.55, 317.19, -31.27, 2.55, 317.23, -31.20, 0.00, 48.02, 66.67);
insert into SHOT values (1262, 1258, 1267, 4070, 15.32, 262.05, -0.55, 15.32, 262.04, -0.56, 0.00, 209.27, -57.97);
insert into SHOT values (1263, 1267, 1268, 4070, 5.56, 17.46, -2.69, 5.56, 17.39, -2.68, 0.01, 304.11, 6.93);
insert into SHOT values (1264, 1267, 1269, 4070, 0.53, 71.29, 50.02, 0.53, 71.03, 50.47, 0.01, 296.66, 65.04);
insert into SHOT values (1265, 1267, 1270, 4070, 0.75, 349.40, -43.39, 0.75, 349.51, -42.88, 0.01, 357.77, 19.10);
insert into SHOT values (1266, 1267, 1271, 4070, 1.41, 158.05, 10.55, 1.41, 157.89, 10.66, 0.01, 12.72, 13.76);
insert into SHOT values (1267, 1267, 1272, 4070, 11.40, 86.00, -3.88, 11.40, 85.97, -3.87, 0.01, 23.51, 11.68);
insert into SHOT values (1268, 1267, 1273, 4070, 8.37, 97.87, 0.27, 8.37, 97.83, 0.27, 0.01, 341.57, 4.84);
insert into SHOT values (1269, 1267, 1274, 4070, 9.09, 69.17, -2.87, 9.09, 69.17, -2.84, 0.01, 75.94, 78.55);
insert into SHOT values (1270, 1267, 1275, 4070, 18.07, 291.62, -1.08, 18.08, 291.62, -1.08, 0.00, 15.31, 24.28);
insert into SHOT values (1271, 1275, 1276, 4070, 4.13, 40.10, -0.90, 4.13, 40.09, -0.83, 0.01, 257.44, 76.03);
insert into SHOT values (1272, 1275, 1277, 4070, 1.98, 227.59, 27.63, 1.98, 227.77, 27.66, 0.01, 287.21, 22.74);
insert into SHOT values (1273, 1275, 1278, 4070, 0.89, 58.40, 59.51, 0.88, 57.72, 59.40, 0.01, 332.44, -26.25);
insert into SHOT values (1274, 1275, 1279, 4070, 0.58, 42.20, -20.29, 0.58, 41.28, -20.13, 0.01, 322.21, 7.26);
insert into SHOT values (1275, 1275, 1280, 4070, 11.72, 96.10, 0.80, 11.72, 96.08, 0.83, 0.01, 334.68, 47.38);
insert into SHOT values (1276, 1275, 1281, 4070, 9.02, 322.77, 2.79, 9.02, 322.80, 2.79, 0.01, 13.23, 8.47);
insert into SHOT values (1277, 1281, 1282, 4070, 3.18, 203.10, -3.51, 3.19, 203.10, -3.41, 0.01, 204.86, 33.42);
insert into SHOT values (1278, 1281, 1283, 4070, 1.44, 202.30, 19.03, 1.44, 202.43, 19.02, 0.00, 311.72, -9.11);
insert into SHOT values (1279, 1281, 1284, 4070, 1.49, 218.99, -39.15, 1.49, 219.05, -39.05, 0.01, 227.88, -18.46);
insert into SHOT values (1280, 1281, 1285, 4070, 0.95, 21.85, 6.06, 0.95, 21.69, 6.03, 0.00, 318.90, -7.57);
insert into SHOT values (1281, 1281, 1286, 4070, 12.80, 281.68, -1.96, 12.80, 281.68, -1.97, 0.00, 245.53, -77.91);
insert into SHOT values (1282, 1286, 1287, 4070, 3.17, 30.63, -0.39, 3.16, 30.62, -0.36, 0.00, 216.86, 20.28);
insert into SHOT values (1283, 1286, 1288, 4070, 0.44, 206.78, 31.30, 0.44, 206.57, 31.18, 0.01, 194.82, 23.35);
insert into SHOT values (1284, 1286, 1289, 4070, 2.08, 26.84, -21.02, 2.07, 26.70, -20.91, 0.01, 291.09, 41.52);
insert into SHOT values (1285, 1286, 1290, 4070, 1.95, 40.43, 25.88, 1.96, 40.39, 26.05, 0.01, 356.24, 75.85);
insert into SHOT values (1286, 1286, 1291, 4070, 3.75, 12.98, 0.90, 3.75, 12.96, 0.92, 0.00, 316.98, 37.02);
insert into SHOT values (1287, 1286, 1292, 4070, 5.22, 78.23, 0.54, 5.21, 78.26, 0.55, 0.01, 237.22, 6.61);
insert into SHOT values (1288, 1286, 1293, 4070, 9.97, 356.65, -0.36, 9.97, 356.61, -0.34, 0.01, 249.53, 18.47);
insert into SHOT values (1289, 1293, 1294, 4070, 1.07, 78.93, -5.12, 1.08, 78.69, -5.34, 0.01, 2.35, -42.02);
insert into SHOT values (1290, 1293, 1295, 4070, 4.26, 262.44, 16.62, 4.25, 262.39, 16.66, 0.01, 110.64, 8.91);
insert into SHOT values (1291, 1293, 1296, 4070, 2.00, 224.58, 36.97, 1.99, 224.24, 37.02, 0.01, 113.91, -2.18);
insert into SHOT values (1292, 1293, 1297, 4070, 1.61, 208.75, -28.06, 1.61, 208.55, -28.11, 0.01, 104.32, -8.50);
insert into SHOT values (1293, 1293, 1298, 4070, 4.78, 176.74, 11.10, 4.78, 176.70, 11.10, 0.00, 89.18, 5.37);
insert into SHOT values (1294, 1293, 1299, 4070, 7.69, 193.76, 6.17, 7.68, 193.71, 6.20, 0.01, 73.99, 26.46);
insert into SHOT values (1295, 1293, 1300, 4070, 13.18, 310.56, -1.97, 13.17, 310.56, -1.96, 0.01, 121.12, 30.79);
insert into SHOT values (1296, 1300, 1301, 4070, 0.50, 238.89, -7.36, 0.49, 239.24, -8.15, 0.01, 4.94, -60.92);
insert into SHOT values (1297, 1300, 1302, 4070, 3.06, 56.54, -0.97, 3.06, 56.47, -0.94, 0.00, 295.55, 21.66);
insert into SHOT values (1298, 1300, 1303, 4070, 1.74, 109.35, 40.81, 1.75, 108.98, 40.77, 0.01, 31.78, 1.35);
insert into SHOT values (1299, 1300, 1304, 4070, 1.67, 42.13, -22.88, 1.68, 41.85, -22.83, 0.01, 323.47, 6.33);
insert into SHOT values (1300, 1300, 1305, 4070, 11.72, 345.97, 3.44, 11.72, 345.95, 3.42, 0.01, 295.30, -33.10);
insert into SHOT values (1301, 1305, 1306, 4070, 0.60, 235.84, 80.76, 0.60, 237.99, 80.92, 0.00, 356.10, -28.34);
insert into SHOT values (1302, 1305, 1307, 4070, 1.59, 246.20, -69.01, 1.59, 246.14, -68.98, 0.00, 195.07, 44.65);
insert into SHOT values (1303, 1305, 1308, 4070, 1.86, 12.51, 13.31, 1.86, 12.73, 13.33, 0.01, 64.48, 12.64);
insert into SHOT values (1304, 1305, 1309, 4070, 0.84, 235.87, -0.96, 0.83, 235.74, -0.69, 0.01, 73.48, 32.93);
insert into SHOT values (1305, 1305, 1310, 4070, 4.25, 313.96, -2.71, 4.25, 314.05, -2.70, 0.01, 69.55, 8.06);
insert into SHOT values (1306, 1305, 1311, 4070, 6.73, 292.30, -14.16, 6.73, 292.36, -14.20, 0.01, 67.40, -20.51);
insert into SHOT values (1307, 1305, 1312, 4070, 14.31, 324.65, -1.90, 14.31, 324.68, -1.88, 0.01, 45.43, 33.56);
insert into SHOT values (1308, 1312, 1313, 4070, 1.08, 108.61, -2.33, 1.08, 108.94, -2.65, 0.01, 187.18, -44.34);
insert into SHOT values (1309, 1312, 1314, 4070, 1.13, 111.23, 76.91, 1.13, 112.62, 76.70, 0.01, 171.88, -19.66);
insert into SHOT values (1310, 1312, 1315, 4070, 1.45, 119.61, -69.51, 1.45, 119.60, -69.59, 0.00, 300.89, 3.56);
insert into SHOT values (1311, 1312, 1316, 4070, 0.24, 299.84, 26.67, 0.24, 297.76, 24.97, 0.01, 197.65, -47.22);
insert into SHOT values (1312, 1312, 1317, 4070, 1.49, 284.43, -3.54, 1.49, 284.41, -3.85, 0.01, 124.93, -79.48);
insert into SHOT values (1313, 1312, 1318, 4070, 17.05, 68.24, -0.71, 17.05, 68.24, -0.74, 0.01, 265.83, -65.95);
insert into SHOT values (1314, 1318, 1319, 4070, 0.94, 350.49, 1.44, 0.94, 350.84, 1.82, 0.01, 105.77, 44.68);
insert into SHOT values (1315, 1318, 1320, 4070, 0.74, 166.70, 5.89, 0.74, 166.72, 6.17, 0.00, 311.30, 84.72);
insert into SHOT values (1316, 1318, 1321, 4070, 0.72, 116.83, -79.38, 0.71, 116.57, -79.15, 0.01, 98.19, 71.20);
insert into SHOT values (1317, 1318, 1322, 4070, 1.91, 149.04, 73.16, 1.91, 148.86, 72.96, 0.01, 135.34, 7.31);
insert into SHOT values (1318, 1318, 1323, 4070, 4.03, 85.81, 23.85, 4.03, 85.80, 23.83, 0.01, 83.13, 16.30);
insert into SHOT values (1319, 1318, 1324, 4070, 10.58, 271.21, -4.02, 10.58, 271.19, -4.01, 0.00, 167.74, 29.34);
insert into SHOT values (1320, 1324, 1325, 4070, 0.98, 131.41, -8.09, 0.99, 131.68, -8.15, 0.01, 195.69, -15.01);
insert into SHOT values (1321, 1324, 1326, 4070, 4.39, 289.98, -3.47, 4.39, 290.01, -3.39, 0.01, 31.10, 71.39);
insert into SHOT values (1322, 1324, 1327, 4070, 2.58, 104.71, 73.26, 2.58, 104.78, 73.22, 0.00, 128.86, 28.44);
insert into SHOT values (1323, 1324, 1328, 4070, 0.47, 174.14, -77.87, 0.47, 174.29, -77.68, 0.00, 182.72, -15.69);
insert into SHOT values (1324, 1324, 1329, 4070, 1.68, 79.87, 5.87, 1.68, 80.03, 6.13, 0.01, 128.97, 52.62);
insert into SHOT values (1325, 1324, 1330, 4070, 7.13, 64.81, 8.24, 7.13, 64.85, 8.30, 0.01, 178.08, 53.62);
insert into SHOT values (1326, 1330, 1331, 4070, 0.74, 331.09, 1.59, 0.75, 331.39, 1.52, 0.01, 357.05, -4.10);
insert into SHOT values (1327, 1330, 1332, 4070, 0.95, 6.17, 77.37, 0.94, 8.13, 77.02, 0.01, 63.10, -30.31);
insert into SHOT values (1328, 1330, 1333, 4070, 1.54, 355.79, -78.93, 1.55, 356.19, -78.81, 0.01, 23.20, -39.70);
insert into SHOT values (1329, 1330, 1334, 4070, 17.47, 73.66, 1.30, 17.48, 73.65, 1.28, 0.01, 49.65, -38.78);
insert into SHOT values (1330, 1334, 1335, 4070, 0.91, 335.75, 3.25, 0.90, 335.71, 3.18, 0.01, 162.26, -15.36);
insert into SHOT values (1331, 1334, 1336, 4070, 0.95, 333.68, 67.63, 0.95, 333.43, 67.88, 0.00, 177.86, 32.89);
insert into SHOT values (1332, 1334, 1337, 4070, 2.28, 266.61, -32.74, 2.28, 266.72, -32.60, 0.01, 291.91, 9.53);
insert into SHOT values (1333, 1334, 1338, 4070, 2.02, 265.80, -9.22, 2.03, 265.71, -9.07, 0.01, 241.07, 30.85);
insert into SHOT values (1334, 1334, 1339, 4070, 17.34, 271.61, -2.83, 17.34, 271.62, -2.81, 0.01, 16.49, 59.46);
insert into SHOT values (1335, 1339, 1340, 4070, 0.70, 187.40, -1.24, 0.71, 187.33, -1.62, 0.01, 162.20, -65.93);
insert into SHOT values (1336, 1339, 1341, 4070, 2.95, 237.95, 5.36, 2.96, 238.04, 5.24, 0.01, 275.67, -39.47);
insert into SHOT values (1337, 1339, 1342, 4070, 1.97, 44.51, 24.58, 1.97, 44.32, 24.62, 0.01, 268.98, -7.50);
insert into SHOT values (1338, 1339, 1343, 4070, 1.51, 2.50, 3.49, 1.51, 2.28, 3.41, 0.01, 272.38, -20.07);
insert into SHOT values (1339, 1339, 1344, 4070, 1.27, 289.68, 75.32, 1.26, 287.88, 75.05, 0.01, 224.52, -22.50);
insert into SHOT values (1340, 1339, 1345, 4070, 1.28, 237.09, -78.95, 1.29, 236.31, -78.67, 0.01, 211.65, -30.50);
insert into SHOT values (1341, 1339, 1346, 4070, 1.69, 278.55, -2.23, 1.70, 278.46, -2.36, 0.01, 254.76, -32.89);
insert into SHOT values (1342, 1346, 1347, 4070, 2.17, 326.48, -33.29, 2.17, 326.49, -33.31, 0.01, 144.63, 27.01);
insert into SHOT values (1343, 1346, 1348, 4070, 2.17, 160.25, -29.05, 2.16, 160.22, -29.03, 0.00, 18.94, 42.57);
insert into SHOT values (1344, 1346, 1349, 4070, 1.62, 136.92, 62.82, 1.62, 136.64, 62.71, 0.01, 91.92, 7.31);
insert into SHOT values (1345, 1346, 1350, 4070, 1.68, 301.28, -72.52, 1.68, 301.16, -72.56, 0.00, 155.90, 15.40);
insert into SHOT values (1346, 1346, 1351, 4070, 5.92, 258.83, 7.27, 5.92, 258.80, 7.28, 0.00, 210.57, 19.66);
insert into SHOT values (1347, 1351, 1352, 4070, 0.64, 13.66, 60.11, 0.64, 14.47, 59.80, 0.01, 83.22, -39.64);
insert into SHOT values (1348, 1351, 1353, 4070, 1.05, 22.04, -65.17, 1.06, 22.52, -65.19, 0.01, 88.17, -46.84);
insert into SHOT values (1349, 1351, 1354, 4070, 3.35, 4.51, -10.52, 3.36, 4.52, -10.47, 0.01, 10.62, 23.42);
insert into SHOT values (1350, 1351, 1355, 4070, 7.77, 273.08, -11.44, 7.77, 273.09, -11.44, 0.01, 83.90, 12.85);
insert into SHOT values (1351, 1355, 1356, 4070, 2.60, 73.25, 49.79, 2.60, 73.40, 49.83, 0.00, 169.13, 25.93);
insert into SHOT values (1352, 1355, 1357, 4070, 0.72, 48.38, -55.27, 0.71, 48.01, -55.62, 0.01, 253.77, 0.81);
insert into SHOT values (1353, 1355, 1358, 4070, 0.38, 219.62, -7.12, 0.38, 219.61, -7.57, 0.00, 218.12, -54.44);
insert into SHOT values (1354, 1355, 1359, 4070, 3.36, 78.37, 8.85, 3.36, 78.35, 8.74, 0.01, 5.02, -80.39);
insert into SHOT values (1355, 1355, 1360, 4070, 4.47, 66.25, 18.20, 4.46, 66.22, 18.15, 0.01, 271.65, -44.69);
insert into SHOT values (1356, 1355, 1361, 4070, 3.05, 49.63, -6.70, 3.05, 49.69, -6.78, 0.01, 152.83, -53.06);
insert into SHOT values (1357, 1361, 1362, 4070, 3.38, 248.31, 2.08, 3.38, 248.45, 2.04, 0.01, 317.28, -15.69);
insert into SHOT values (1358, 1361, 1363, 4070, 0.59, 278.86, 32.38, 0.60, 279.09, 32.29, 0.01, 298.97, 22.32);
insert into SHOT values (1359, 1361, 1364, 4070, 1.18, 266.65, -41.74, 1.18, 266.75, -41.51, 0.01, 349.58, 76.34);
insert into SHOT values (1360, 1361, 1365, 4070, 7.15, 317.06, 0.65, 7.16, 317.04, 0.64, 0.01, 301.10, -6.22);
insert into SHOT values (1361, 1365, 1366, 4070, 1.27, 308.05, -8.50, 1.26, 308.16, -8.22, 0.01, 113.12, 39.90);
insert into SHOT values (1362, 1365, 1367, 4070, 2.06, 125.24, 7.96, 2.07, 125.24, 8.07, 0.00, 138.06, 80.11);
insert into SHOT values (1363, 1365, 1368, 4070, 2.07, 53.72, -65.39, 2.07, 53.92, -65.27, 0.01, 82.07, -14.41);
insert into SHOT values (1364, 1365, 1369, 4070, 1.33, 157.99, 61.50, 1.33, 157.86, 61.44, 0.00, 120.91, 7.25);
insert into SHOT values (1365, 1365, 1370, 4070, 2.90, 93.96, 3.69, 2.90, 93.96, 3.75, 0.01, 93.25, 35.35);
insert into SHOT values (1366, 1365, 1371, 4070, 1.91, 218.51, -8.00, 1.90, 218.33, -7.85, 0.01, 120.45, 40.98);
insert into SHOT values (1367, 1365, 1372, 4070, 9.54, 60.65, -5.20, 9.54, 60.68, -5.17, 0.01, 175.07, 37.67);
insert into SHOT values (1368, 1372, 1373, 4070, 1.06, 315.71, 4.87, 1.06, 316.15, 4.88, 0.01, 41.59, 1.86);
insert into SHOT values (1369, 1372, 1374, 4070, 3.52, 226.33, 20.06, 3.52, 226.35, 20.12, 0.00, 9.21, 60.86);
insert into SHOT values (1370, 1372, 1375, 4070, 2.50, 275.08, 85.25, 2.50, 275.71, 85.38, 0.01, 75.20, -20.33);
insert into SHOT values (1371, 1372, 1376, 4070, 21.27, 340.78, -81.08, 21.28, 340.91, -81.07, 0.01, 47.49, -28.34);
insert into SHOT values (1372, 1372, 1377, 4070, 21.15, 331.58, -81.30, 21.15, 331.68, -81.29, 0.01, 24.01, -11.61);
insert into SHOT values (1373, 1377, 1378, 4070, 3.52, 52.50, 9.95, 3.52, 52.50, 9.98, 0.00, 54.69, 38.65);
insert into SHOT values (1374, 1377, 1379, 4070, 6.94, 241.84, 15.88, 6.94, 241.82, 15.90, 0.00, 133.89, 43.35);
insert into SHOT values (1375, 1377, 1380, 4070, 22.50, 135.92, 81.72, 22.50, 135.87, 81.70, 0.01, 113.42, -12.38);
insert into SHOT values (1376, 1377, 1381, 4070, 0.35, 299.14, -53.28, 0.35, 299.05, -53.67, 0.00, 123.58, 18.81);
insert into SHOT values (1377, 1377, 1382, 4070, 5.41, 331.27, 17.83, 5.40, 331.29, 17.89, 0.01, 130.78, 38.38);
insert into SHOT values (1378, 1377, 1383, 4070, 4.45, 28.00, 25.42, 4.45, 28.03, 25.40, 0.00, 143.48, -38.35);
insert into SHOT values (1379, 1377, 1384, 4070, 5.40, 69.05, 22.07, 5.41, 69.07, 22.05, 0.00, 89.66, 3.09);
insert into SHOT values (1380, 1377, 1385, 4070, 4.83, 167.33, 30.29, 4.83, 167.26, 30.32, 0.01, 91.01, 33.62);
insert into SHOT values (1381, 1377, 1386, 4070, 6.59, 221.52, 28.16, 6.59, 221.51, 28.16, 0.00, 201.60, 33.46);
insert into SHOT values (1382, 1377, 1387, 4070, 13.82, 304.13, 33.87, 13.81, 304.12, 33.89, 0.01, 139.43, 5.59);
insert into SHOT values (1383, 1387, 1388, 4070, 1.76, 153.64, -0.29, 1.76, 153.73, -0.33, 0.00, 291.69, -15.12);
insert into SHOT values (1384, 1387, 1389, 4070, 16.96, 332.06, 12.21, 16.97, 332.06, 12.22, 0.01, 331.23, 23.11);
insert into SHOT values (1385, 1387, 1390, 4070, 7.82, 333.10, 52.04, 7.82, 333.06, 52.05, 0.00, 265.91, 46.34);
insert into SHOT values (1386, 1387, 1391, 4070, 3.18, 140.63, -48.32, 3.18, 140.58, -48.44, 0.01, 335.90, -14.81);
insert into SHOT values (1387, 1387, 1392, 4070, 6.83, 268.39, 2.19, 6.84, 268.41, 2.18, 0.01, 291.44, -12.46);
insert into SHOT values (1388, 1392, 1393, 4070, 12.72, 231.99, 17.28, 12.72, 231.99, 17.29, 0.00, 89.25, 68.38);
insert into SHOT values (1389, 1392, 1394, 4070, 11.55, 314.06, 13.51, 11.55, 314.06, 13.52, 0.00, 336.81, 62.98);
insert into SHOT values (1390, 1392, 1395, 4070, 6.30, 111.55, -6.45, 6.31, 111.53, -6.46, 0.01, 83.70, -22.35);
insert into SHOT values (1391, 1392, 1396, 4070, 10.60, 83.75, 0.25, 10.59, 83.77, 0.27, 0.01, 226.99, 35.10);
insert into SHOT values (1392, 1392, 1397, 4070, 19.25, 71.83, 1.92, 19.25, 71.83, 1.93, 0.01, 260.78, 61.17);
insert into SHOT values (1393, 1392, 1398, 4070, 6.86, 183.99, 5.36, 6.86, 183.95, 5.36, 0.01, 50.12, -7.47);
insert into SHOT values (1394, 1392, 1399, 4070, 25.31, 43.88, 14.63, 25.31, 43.89, 14.62, 0.01, 129.51, -32.76);
insert into SHOT values (1395, 1392, 1400, 4070, 27.35, 60.68, 11.36, 27.35, 60.68, 11.37, 0.00, 126.18, 71.45);
insert into SHOT values (1396, 1392, 1401, 4070, 22.51, 69.74, 3.95, 22.51, 69.73, 3.95, 0.00, 37.21, -7.55);
insert into SHOT values (1397, 1392, 1402, 4070, 9.27, 58.81, 0.14, 9.27, 58.81, 0.12, 0.01, 66.10, -29.66);
insert into SHOT values (1398, 1392, 1403, 4070, 14.79, 261.81, 17.62, 14.79, 261.80, 17.63, 0.00, 129.08, 44.85);
insert into SHOT values (1399, 1403, 1404, 4070, 3.29, 327.40, 0.98, 3.29, 327.42, 0.87, 0.01, 352.33, -64.31);
insert into SHOT values (1400, 1403, 1405, 4070, 5.68, 164.47, 2.77, 5.67, 164.44, 2.73, 0.01, 9.09, -35.47);
insert into SHOT values (1401, 1403, 1406, 4070, 0.38, 172.97, 58.18, 0.37, 173.99, 59.16, 0.01, 329.27, -2.30);
insert into SHOT values (1402, 1403, 1407, 4070, 1.97, 174.92, -26.50, 1.96, 175.10, -26.61, 0.01, 314.93, -6.55);
insert into SHOT values (1403, 1403, 1408, 4070, 18.57, 230.21, -2.55, 18.57, 230.23, -2.56, 0.01, 288.50, -32.15);
insert into SHOT values (1404, 1408, 1409, 4070, 2.89, 164.50, 15.26, 2.88, 164.37, 15.27, 0.01, 63.35, 3.49);
insert into SHOT values (1405, 1408, 1410, 4070, 5.18, 322.62, -0.13, 5.18, 322.69, -0.11, 0.01, 60.40, 15.87);
insert into SHOT values (1406, 1408, 1411, 4070, 1.71, 314.99, 53.97, 1.71, 315.00, 53.96, 0.00, 129.26, -58.77);
insert into SHOT values (1407, 1408, 1412, 4070, 3.65, 282.30, -33.14, 3.65, 282.30, -33.25, 0.01, 100.67, -18.69);
insert into SHOT values (1408, 1408, 1413, 4070, 30.37, 247.15, 2.91, 30.37, 247.15, 2.91, 0.00, 102.82, -29.44);
insert into SHOT values (1409, 1413, 1414, 4070, 4.27, 312.90, 9.85, 4.27, 312.98, 9.84, 0.01, 25.06, -5.99);
insert into SHOT values (1410, 1413, 1415, 4070, 0.90, 254.71, 87.84, 0.90, 251.57, 87.99, 0.00, 111.19, 12.36);
insert into SHOT values (1411, 1413, 1416, 4070, 4.18, 142.28, -5.57, 4.18, 142.22, -5.49, 0.01, 30.17, 53.13);
insert into SHOT values (1412, 1413, 1417, 4070, 1.65, 119.82, -80.77, 1.64, 119.48, -80.74, 0.00, 41.82, 66.33);
insert into SHOT values (1413, 1413, 1418, 4070, 23.49, 210.18, -28.63, 23.48, 210.17, -28.62, 0.01, 51.46, 39.58);
insert into SHOT values (1414, 1418, 1419, 4070, 6.08, 143.68, 6.43, 6.08, 143.76, 6.43, 0.01, 267.47, -6.59);
insert into SHOT values (1415, 1418, 1420, 4070, 8.43, 308.25, 24.33, 8.43, 308.18, 24.30, 0.01, 218.03, -25.49);
insert into SHOT values (1416, 1418, 1421, 4070, 8.00, 52.65, 83.01, 8.00, 52.54, 83.03, 0.00, 259.10, -30.99);
insert into SHOT values (1417, 1418, 1422, 4070, 0.42, 131.61, -79.16, 0.42, 135.00, -80.21, 0.01, 283.53, -2.84);
insert into SHOT values (1418, 1418, 1423, 4070, 6.05, 122.06, 9.16, 6.05, 122.15, 9.13, 0.01, 215.30, -22.26);
insert into SHOT values (1419, 1418, 1424, 4070, 6.46, 89.84, 21.88, 6.45, 89.90, 21.83, 0.01, 223.92, -41.05);
insert into SHOT values (1420, 1418, 1425, 4070, 16.91, 56.31, 27.24, 16.90, 56.29, 27.25, 0.01, 283.61, 10.10);
insert into SHOT values (1421, 1418, 1426, 4070, 22.72, 46.79, 27.04, 22.72, 46.78, 27.04, 0.00, 318.48, -11.92);
insert into SHOT values (1422, 1418, 1427, 4070, 25.21, 18.72, 22.79, 25.20, 18.70, 22.78, 0.01, 266.11, -26.86);
insert into SHOT values (1423, 1418, 1428, 4070, 22.26, 0.74, 19.43, 22.26, 0.74, 19.42, 0.01, 245.40, -75.93);
insert into SHOT values (1424, 1418, 1429, 4070, 18.15, 347.22, 23.80, 18.14, 347.19, 23.79, 0.01, 244.24, -24.77);
insert into SHOT values (1425, 1418, 1430, 4070, 14.29, 318.93, 32.65, 14.29, 318.91, 32.61, 0.01, 285.45, -39.40);
insert into SHOT values (1426, 1418, 1431, 4070, 8.86, 279.24, 11.88, 8.86, 279.22, 11.85, 0.01, 255.81, -26.23);
insert into SHOT values (1427, 1418, 1432, 4070, 7.61, 251.60, -23.60, 7.61, 251.62, -23.62, 0.01, 283.05, -43.35);
insert into SHOT values (1428, 1418, 1433, 4070, 5.57, 198.02, -32.08, 5.58, 198.13, -32.07, 0.01, 277.78, 2.32);
insert into SHOT values (1429, 1418, 1434, 4070, 10.48, 237.96, -27.06, 10.49, 237.99, -27.05, 0.01, 281.26, -13.32);
insert into SHOT values (1430, 1434, 1435, 4070, 6.93, 125.96, 1.69, 6.93, 125.96, 1.65, 0.00, 127.86, -66.94);
insert into SHOT values (1431, 1434, 1436, 4070, 4.15, 310.79, 6.58, 4.15, 310.77, 6.51, 0.01, 247.87, -70.15);
insert into SHOT values (1432, 1434, 1437, 4070, 1.05, 201.33, 80.00, 1.05, 199.44, 80.07, 0.01, 88.54, -43.02);
insert into SHOT values (1433, 1434, 1438, 4070, 1.49, 209.87, -54.14, 1.48, 209.50, -53.96, 0.01, 150.04, 28.40);
insert into SHOT values (1434, 1434, 1439, 4070, 16.82, 226.11, 3.83, 16.82, 226.09, 3.82, 0.01, 167.47, -21.85);
insert into SHOT values (1435, 1439, 1440, 4070, 7.86, 180.46, 1.19, 7.85, 180.44, 1.24, 0.01, 26.93, 45.07);
insert into SHOT values (1436, 1439, 1441, 4070, 3.67, 348.62, -2.27, 3.67, 348.69, -2.18, 0.01, 29.59, 37.86);
insert into SHOT values (1437, 1439, 1442, 4070, 1.23, 262.19, -84.49, 1.23, 265.24, -84.36, 0.01, 330.65, 2.79);
insert into SHOT values (1438, 1439, 1443, 4070, 4.35, 268.28, -33.42, 4.35, 268.26, -33.35, 0.01, 220.84, 77.01);
insert into SHOT values (1439, 1443, 1444, 4070, 2.50, 330.86, -4.13, 2.50, 330.97, -4.13, 0.01, 86.17, 2.13);
insert into SHOT values (1440, 1443, 1445, 4070, 0.87, 160.35, -55.02, 0.86, 159.72, -55.37, 0.01, 19.44, 2.52);
insert into SHOT values (1441, 1443, 1446, 4070, 1.02, 195.18, -87.81, 1.02, 198.43, -88.22, 0.01, 1.42, -19.98);
insert into SHOT values (1442, 1443, 1447, 4070, 0.41, 345.25, 57.00, 0.41, 347.20, 56.43, 0.01, 67.16, -35.57);
insert into SHOT values (1443, 1443, 1448, 4070, 4.55, 36.48, -4.26, 4.55, 36.49, -4.28, 0.01, 44.14, -18.99);
insert into SHOT values (1444, 1443, 1449, 4070, 20.54, 255.24, 1.68, 20.54, 255.24, 1.67, 0.01, 77.42, -21.28);
insert into SHOT values (1445, 1449, 1450, 4070, 1.47, 350.40, -11.32, 1.47, 350.41, -11.39, 0.00, 353.12, -33.79);
insert into SHOT values (1446, 1449, 1451, 4070, 3.58, 161.04, -2.82, 3.58, 161.06, -2.88, 0.00, 258.82, -74.04);
insert into SHOT values (1447, 1449, 1452, 4070, 1.62, 189.50, -84.79, 1.63, 192.09, -84.95, 0.01, 312.79, -31.23);
insert into SHOT values (1448, 1449, 1453, 4070, 1.96, 166.06, 24.10, 1.96, 166.12, 24.05, 0.00, 270.17, -45.95);
insert into SHOT values (1449, 1449, 1454, 4070, 10.45, 220.13, 8.30, 10.45, 220.17, 8.31, 0.01, 332.67, 7.78);
insert into SHOT values (1450, 1454, 1455, 4070, 7.64, 338.40, 0.04, 7.64, 338.41, 0.00, 0.01, 144.71, -51.28);
insert into SHOT values (1451, 1454, 1456, 4070, 0.91, 290.29, -78.99, 0.92, 290.56, -79.25, 0.01, 97.47, -46.78);
insert into SHOT values (1452, 1454, 1457, 4070, 1.22, 335.30, 71.09, 1.21, 335.43, 71.50, 0.01, 149.79, -2.29);
insert into SHOT values (1453, 1454, 1458, 4070, 37.30, 252.58, -20.90, 37.31, 252.57, -20.90, 0.01, 190.58, -22.70);
insert into SHOT values (1454, 1458, 1459, 4070, 22.60, 187.05, -16.36, 22.60, 187.05, -16.37, 0.01, 22.43, -30.77);
insert into SHOT values (1455, 1458, 1460, 4070, 34.45, 230.44, 19.79, 34.45, 230.45, 19.80, 0.01, 29.82, 26.03);
insert into SHOT values (1456, 1458, 1461, 4070, 49.50, 243.90, 20.52, 49.50, 243.90, 20.52, 0.00, 2.28, -9.61);
insert into SHOT values (1457, 1458, 1462, 4070, 51.35, 247.44, 20.83, 51.35, 247.44, 20.83, 0.01, 49.91, -12.95);
insert into SHOT values (1458, 1458, 1463, 4070, 15.75, 151.14, 3.00, 15.74, 151.14, 2.99, 0.01, 339.96, -34.91);
insert into SHOT values (1459, 1458, 1464, 4070, 17.86, 103.79, 5.66, 17.86, 103.77, 5.66, 0.01, 21.59, -10.58);
insert into SHOT values (1460, 1458, 1465, 4070, 23.78, 94.56, -9.39, 23.78, 94.55, -9.39, 0.01, 54.16, -5.80);
insert into SHOT values (1461, 1458, 1466, 4070, 30.39, 79.49, 16.85, 30.39, 79.48, 16.85, 0.01, 46.91, 13.45);
insert into SHOT values (1462, 1458, 1467, 4070, 14.40, 64.62, 7.04, 14.40, 64.60, 7.06, 0.01, 334.55, 46.28);
insert into SHOT values (1463, 1458, 1468, 4070, 9.89, 20.41, 14.80, 9.90, 20.42, 14.81, 0.01, 44.06, 23.70);
insert into SHOT values (1464, 1458, 1469, 4070, 6.49, 275.97, 5.44, 6.50, 276.04, 5.48, 0.01, 357.67, 29.70);
insert into SHOT values (1465, 1458, 1470, 4070, 13.23, 255.50, 2.25, 13.23, 255.50, 2.25, 0.00, 262.99, 15.58);
insert into SHOT values (1466, 1458, 1471, 4070, 17.85, 220.99, 71.64, 17.85, 221.03, 71.64, 0.01, 340.02, -34.40);
insert into SHOT values (1467, 1458, 1472, 4070, 19.34, 211.60, -10.73, 19.33, 211.59, -10.73, 0.01, 56.79, 5.29);
insert into SHOT values (1468, 1472, 1473, 4070, 14.18, 50.69, 4.61, 14.17, 50.69, 4.61, 0.01, 234.49, 1.60);
insert into SHOT values (1469, 1472, 1474, 4070, 9.56, 153.79, -26.24, 9.56, 153.85, -26.25, 0.01, 236.89, -13.76);
insert into SHOT values (1470, 1472, 1475, 4070, 11.98, 345.47, 8.99, 11.98, 345.46, 8.98, 0.00, 256.43, -30.64);
insert into SHOT values (1471, 1472, 1476, 4070, 3.94, 88.01, -69.94, 3.94, 87.88, -69.94, 0.00, 336.80, 40.72);
insert into SHOT values (1472, 1472, 1477, 4070, 21.37, 59.25, 84.33, 21.37, 59.18, 84.34, 0.01, 274.11, 18.25);
insert into SHOT values (1473, 1472, 1478, 4070, 25.16, 90.32, -25.03, 25.15, 90.33, -25.03, 0.01, 229.45, 38.67);
insert into SHOT values (1474, 1472, 1479, 4070, 25.04, 106.81, -25.58, 25.03, 106.81, -25.59, 0.01, 276.91, 1.77);
insert into SHOT values (1475, 1472, 1480, 4070, 29.21, 290.41, 25.15, 29.21, 290.41, 25.14, 0.00, 279.15, -41.80);
insert into SHOT values (1476, 1480, 1481, 4070, 0.59, 15.12, 3.25, 0.59, 14.74, 3.88, 0.01, 316.26, 55.83);
insert into SHOT values (1477, 1480, 1482, 4070, 15.53, 181.75, 19.96, 15.53, 181.77, 19.96, 0.00, 261.75, -13.63);
insert into SHOT values (1478, 1480, 1483, 4070, 10.12, 194.32, 79.01, 10.13, 194.40, 79.01, 0.00, 267.11, 44.63);
insert into SHOT values (1479, 1480, 1484, 4070, 2.41, 188.96, -32.95, 2.41, 189.09, -32.89, 0.01, 232.95, -2.35);
insert into SHOT values (1480, 1480, 1485, 4070, 13.56, 233.30, 33.98, 13.56, 233.31, 33.98, 0.00, 276.36, 10.38);
insert into SHOT values (1481, 1485, 1486, 4070, 6.88, 165.18, 11.82, 6.88, 165.20, 11.83, 0.01, 194.78, 19.97);
insert into SHOT values (1482, 1485, 1487, 4070, 7.76, 0.58, 7.32, 7.76, 0.60, 7.33, 0.00, 99.13, 20.67);
insert into SHOT values (1483, 1485, 1488, 4070, 2.06, 17.97, 39.34, 2.06, 17.98, 39.53, 0.01, 195.25, 44.05);
insert into SHOT values (1484, 1485, 1489, 4070, 1.49, 342.26, -75.12, 1.49, 343.01, -75.35, 0.01, 123.94, 0.25);
insert into SHOT values (1485, 1485, 1490, 4070, 12.90, 322.31, 6.34, 12.90, 322.29, 6.37, 0.01, 201.29, 46.49);
insert into SHOT values (1486, 1490, 1491, 4070, 2.37, 38.41, -2.40, 2.38, 38.51, -2.41, 0.01, 68.69, -4.70);
insert into SHOT values (1487, 1490, 1492, 4070, 2.93, 216.93, -1.49, 2.93, 216.95, -1.57, 0.00, 354.24, -70.24);
insert into SHOT values (1488, 1490, 1493, 4070, 1.17, 245.22, -81.50, 1.17, 244.98, -81.88, 0.01, 70.50, -20.97);
insert into SHOT values (1489, 1490, 1494, 4070, 20.37, 302.01, -1.13, 20.37, 302.02, -1.15, 0.01, 4.80, -63.54);
insert into SHOT values (1490, 1494, 1495, 4070, 3.27, 223.67, 5.64, 3.26, 223.63, 5.63, 0.00, 77.38, -12.57);
insert into SHOT values (1491, 1494, 1496, 4070, 0.28, 347.21, 83.84, 0.28, 0.00, 83.88, 0.01, 80.32, 40.06);
insert into SHOT values (1492, 1494, 1497, 4070, 0.38, 138.85, -84.68, 0.37, 135.00, -83.46, 0.01, 117.49, 39.17);
insert into SHOT values (1493, 1494, 1498, 4070, 5.63, 42.03, 3.18, 5.62, 42.04, 3.26, 0.01, 205.89, 65.18);
insert into SHOT values (1494, 1494, 1499, 4070, 15.31, 104.04, -0.51, 15.32, 104.05, -0.49, 0.01, 132.29, 37.76);
insert into SHOT values (1495, 1494, 1500, 4070, 12.98, 136.46, 0.76, 12.98, 136.47, 0.79, 0.01, 159.66, 62.25);
insert into SHOT values (1496, 1494, 1501, 4070, 4.37, 277.93, 15.46, 4.37, 277.92, 15.53, 0.01, 124.08, 69.25);
insert into SHOT values (1497, 1501, 1502, 4070, 7.29, 323.05, -3.69, 7.29, 323.05, -3.70, 0.00, 140.63, -12.95);
insert into SHOT values (1498, 1501, 1503, 4070, 3.15, 153.68, -4.54, 3.16, 153.60, -4.54, 0.01, 107.17, -3.17);
insert into SHOT values (1499, 1501, 1504, 4070, 1.05, 311.74, -70.05, 1.05, 311.63, -69.95, 0.01, 301.37, -52.66);
insert into SHOT values (1500, 1501, 1505, 4070, 15.76, 234.98, -5.93, 15.75, 234.98, -5.94, 0.01, 53.11, -12.50);
insert into SHOT values (1501, 1505, 1506, 4070, 5.92, 288.64, -3.25, 5.92, 288.56, -3.20, 0.01, 196.34, 32.68);
insert into SHOT values (1502, 1505, 1507, 4070, 7.05, 113.03, 0.82, 7.04, 113.07, 0.81, 0.01, 248.13, -7.12);
insert into SHOT values (1503, 1505, 1508, 4070, 2.29, 85.73, 88.85, 2.29, 90.00, 89.00, 0.01, 239.37, 27.29);
insert into SHOT values (1504, 1505, 1509, 4070, 1.43, 359.22, -74.16, 1.43, 358.53, -74.21, 0.01, 266.52, -42.49);
insert into SHOT values (1505, 1505, 1510, 4070, 19.09, 210.63, 4.07, 19.10, 210.64, 4.08, 0.01, 246.13, 31.73);
insert into SHOT values (1506, 1510, 1511, 4070, 0.97, 271.13, 51.11, 0.97, 270.94, 50.87, 0.01, 209.26, -65.27);
insert into SHOT values (1507, 1510, 1512, 4070, 0.92, 142.49, 86.88, 0.92, 143.13, 86.89, 0.00, 245.66, 32.48);
insert into SHOT values (1508, 1510, 1513, 4070, 13.89, 97.64, 2.03, 13.89, 97.66, 2.02, 0.01, 126.87, -12.09);
insert into SHOT values (1509, 1510, 1514, 4070, 1.54, 127.89, -59.43, 1.54, 127.75, -59.48, 0.01, 81.66, -64.81);
insert into SHOT values (1510, 1510, 1515, 4070, 25.07, 145.57, 2.04, 25.07, 145.56, 2.03, 0.01, 67.02, -19.18);
insert into SHOT values (1511, 1515, 1516, 4070, 5.89, 61.20, -12.85, 5.89, 61.25, -12.86, 0.01, 198.64, -0.57);
insert into SHOT values (1512, 1515, 1517, 4070, 7.10, 252.10, -28.78, 7.10, 252.03, -28.79, 0.01, 190.72, -23.09);
insert into SHOT values (1513, 1515, 1518, 4070, 1.82, 169.23, -84.34, 1.82, 170.54, -84.24, 0.01, 224.03, 12.47);
insert into SHOT values (1514, 1515, 1519, 4070, 17.31, 318.83, -3.66, 17.31, 318.83, -3.68, 0.01, 272.48, -74.93);
insert into SHOT values (1515, 1515, 1520, 4070, 11.02, 172.14, -11.36, 11.02, 172.18, -11.36, 0.01, 267.50, 0.41);
insert into SHOT values (1516, 1520, 1521, 4070, 4.99, 31.68, 21.08, 4.99, 31.74, 21.03, 0.01, 115.68, -42.06);
insert into SHOT values (1517, 1520, 1522, 4070, 9.27, 245.09, 3.21, 9.27, 245.07, 3.22, 0.01, 103.06, 8.96);
insert into SHOT values (1518, 1520, 1523, 4070, 1.44, 134.14, -18.90, 1.44, 134.11, -19.00, 0.00, 20.37, -72.92);
insert into SHOT values (1519, 1520, 1524, 4070, 0.81, 159.17, -71.32, 0.80, 159.44, -71.36, 0.00, 300.11, 53.14);
insert into SHOT values (1520, 1520, 1525, 4070, 3.16, 351.15, 48.16, 3.15, 351.25, 48.15, 0.00, 92.28, -17.87);
insert into SHOT values (1521, 1520, 1526, 4070, 9.52, 272.59, 15.05, 9.52, 272.56, 15.05, 0.01, 188.23, -7.37);
insert into SHOT values (1522, 1520, 1527, 4070, 8.94, 310.40, 15.30, 8.94, 310.39, 15.30, 0.00, 188.87, -3.42);
insert into SHOT values (1523, 1520, 1528, 4070, 22.23, 210.96, 0.16, 22.23, 210.94, 0.15, 0.01, 134.73, -12.89);
insert into SHOT values (1524, 1528, 1529, 4070, 6.13, 97.40, -16.74, 6.13, 97.34, -16.78, 0.01, 326.98, -24.64);
insert into SHOT values (1525, 1528, 1530, 4070, 4.30, 275.93, -2.41, 4.31, 276.00, -2.40, 0.01, 308.75, 4.43);
insert into SHOT values (1526, 1528, 1531, 4070, 2.26, 117.24, -45.44, 2.25, 117.22, -45.64, 0.01, 301.58, -16.48);
insert into SHOT values (1527, 1528, 1532, 4070, 8.86, 56.40, -10.66, 8.86, 56.38, -10.67, 0.00, 2.34, -26.94);
insert into SHOT values (1528, 1528, 1533, 4070, 9.00, 2.43, -3.53, 9.00, 2.42, -3.50, 0.00, 335.35, 61.19);
insert into SHOT values (1529, 1528, 1534, 4070, 1.88, 358.31, 84.62, 1.88, 356.82, 84.49, 0.01, 308.41, -15.66);
insert into SHOT values (1530, 1528, 1535, 4070, 11.90, 169.48, 0.31, 11.89, 169.48, 0.29, 0.01, 342.91, -31.35);
insert into SHOT values (1531, 1535, 1536, 4070, 6.81, 267.04, -2.29, 6.80, 266.97, -2.27, 0.01, 158.21, 12.19);
insert into SHOT values (1532, 1535, 1537, 4070, 3.69, 64.35, 5.91, 3.69, 64.48, 5.92, 0.01, 177.43, -0.30);
insert into SHOT values (1533, 1535, 1538, 4070, 2.33, 132.31, 73.41, 2.34, 132.56, 73.46, 0.01, 238.34, 53.37);
insert into SHOT values (1534, 1535, 1539, 4070, 1.01, 277.06, -83.88, 1.01, 275.19, -83.70, 0.01, 219.57, 62.59);
insert into SHOT values (1535, 1535, 1540, 4070, 7.72, 54.64, 18.05, 7.72, 54.71, 18.11, 0.01, 170.32, 36.38);
insert into SHOT values (1536, 1535, 1541, 4070, 6.46, 262.59, -0.70, 6.47, 262.53, -0.62, 0.01, 206.82, 49.56);
insert into SHOT values (1537, 1535, 1542, 4070, 9.86, 216.57, 7.52, 9.86, 216.55, 7.52, 0.00, 160.38, 4.23);
insert into SHOT values (1538, 1535, 1543, 4070, 11.97, 195.69, 0.08, 11.97, 195.71, 0.10, 0.01, 271.76, 39.38);
insert into SHOT values (1539, 1543, 1544, 4070, 12.35, 66.01, 13.00, 12.35, 66.03, 13.00, 0.01, 128.10, 14.60);
insert into SHOT values (1540, 1543, 1545, 4070, 1.58, 227.82, 21.32, 1.58, 227.75, 21.16, 0.01, 206.00, -32.69);
insert into SHOT values (1541, 1543, 1546, 4070, 0.71, 19.10, 86.41, 0.71, 26.57, 86.40, 0.01, 108.38, 37.05);
insert into SHOT values (1542, 1543, 1547, 4070, 14.01, 115.93, -1.05, 14.01, 115.94, -1.06, 0.00, 199.27, -44.31);
insert into SHOT values (1543, 1547, 1548, 4070, 1.94, 235.38, 2.33, 1.94, 235.32, 2.37, 0.00, 145.85, 34.99);
insert into SHOT values (1544, 1547, 1549, 4070, 7.60, 61.41, 5.30, 7.60, 61.44, 5.36, 0.01, 86.32, 43.70);
insert into SHOT values (1545, 1547, 1550, 4070, 1.03, 47.41, 69.76, 1.04, 48.37, 69.57, 0.01, 102.72, 13.23);
insert into SHOT values (1546, 1547, 1551, 4070, 2.15, 340.68, -26.78, 2.14, 340.81, -26.61, 0.01, 95.62, 60.13);
insert into SHOT values (1547, 1547, 1552, 4070, 6.30, 134.54, 5.99, 6.30, 134.48, 6.01, 0.01, 74.36, 22.42);
insert into SHOT values (1548, 1552, 1553, 4070, 5.85, 74.75, -4.30, 5.85, 74.80, -4.31, 0.00, 156.86, -16.02);
insert into SHOT values (1549, 1552, 1554, 4070, 4.63, 242.18, -0.68, 4.63, 242.22, -0.62, 0.01, 267.73, 34.35);
insert into SHOT values (1550, 1552, 1555, 4070, 0.57, 157.85, -83.59, 0.56, 161.57, -83.56, 0.01, 253.59, 52.89);
insert into SHOT values (1551, 1552, 1556, 4070, 1.82, 44.90, 83.29, 1.81, 45.00, 83.28, 0.00, 143.67, -83.99);
insert into SHOT values (1552, 1552, 1557, 4070, 9.50, 62.53, 10.22, 9.50, 62.53, 10.25, 0.01, 242.66, 37.32);
insert into SHOT values (1553, 1552, 1558, 4070, 9.94, 144.59, -0.27, 9.94, 144.58, -0.29, 0.00, 68.60, -68.26);
insert into SHOT values (1554, 1558, 1559, 4070, 2.32, 134.83, 4.06, 2.33, 135.00, 4.19, 0.01, 193.89, 35.25);
insert into SHOT values (1555, 1558, 1560, 4070, 2.65, 266.67, 5.13, 2.66, 266.53, 5.18, 0.01, 189.62, 22.34);
insert into SHOT values (1556, 1558, 1561, 4070, 4.08, 208.42, 43.28, 4.09, 208.46, 43.22, 0.01, 224.09, 1.25);
insert into SHOT values (1557, 1558, 1562, 4070, 1.29, 352.72, -68.90, 1.29, 352.57, -68.86, 0.01, 205.00, 72.41);
insert into SHOT values (1558, 1472, 1563, 4070, 0.00, 0.00, 0.00, 0.00, 90.00, 0.00, 0.00, 90.00, 0.00);
insert into SHOT values (1559, 1472, 1564, 4070, 17.16, 111.87, -26.36, 17.16, 111.88, -26.36, 0.00, 227.79, 13.52);
insert into SHOT values (1560, 1564, 1565, 4070, 7.49, 97.85, -20.87, 7.49, 97.89, -20.89, 0.01, 216.04, -18.37);
insert into SHOT values (1561, 1564, 1566, 4070, 5.62, 26.15, -20.32, 5.62, 26.13, -20.31, 0.00, 242.22, 29.02);
insert into SHOT values (1562, 1564, 1567, 4070, 1.41, 3.39, 74.15, 1.41, 3.01, 74.37, 0.01, 212.06, 34.65);
insert into SHOT values (1563, 1564, 1568, 4070, 1.39, 238.12, -85.89, 1.39, 240.95, -85.76, 0.01, 297.00, -14.92);
insert into SHOT values (1564, 1564, 1569, 4070, 9.29, 33.79, -22.45, 9.29, 33.75, -22.46, 0.01, 310.82, -19.40);
insert into SHOT values (1565, 1569, 1570, 4070, 1.71, 60.99, 10.91, 1.71, 61.14, 10.79, 0.01, 147.51, -37.35);
insert into SHOT values (1566, 1569, 1571, 4070, 8.56, 162.03, 5.86, 8.56, 162.01, 5.90, 0.01, 119.98, 57.16);
insert into SHOT values (1567, 1569, 1572, 4070, 3.98, 141.09, 53.13, 3.98, 141.12, 53.08, 0.00, 168.27, -53.93);
insert into SHOT values (1568, 1569, 1573, 4070, 7.54, 115.63, -43.17, 7.54, 115.63, -43.17, 0.00, 123.83, -30.63);
insert into SHOT values (1569, 1569, 1574, 4070, 34.88, 123.93, 0.67, 34.88, 123.93, 0.67, 0.01, 134.02, 22.15);
insert into SHOT values (1570, 1574, 1575, 4070, 18.85, 312.12, -3.53, 18.85, 312.13, -3.53, 0.00, 40.81, 5.23);
insert into SHOT values (1571, 1574, 1576, 4070, 7.24, 277.50, -6.75, 7.24, 277.51, -6.74, 0.00, 12.11, 42.61);
insert into SHOT values (1572, 1574, 1577, 4070, 3.86, 278.25, 29.55, 3.86, 278.23, 29.53, 0.00, 137.74, -51.55);
insert into SHOT values (1573, 1574, 1578, 4070, 9.67, 283.44, -31.48, 9.67, 283.46, -31.48, 0.00, 42.66, 10.71);
insert into SHOT values (1574, 1574, 1579, 4070, 8.09, 348.09, -3.53, 8.09, 348.06, -3.54, 0.00, 241.96, -25.46);
insert into SHOT values (1575, 1574, 1580, 4070, 9.88, 192.52, -4.09, 9.88, 192.54, -4.12, 0.01, 293.06, -54.50);
insert into SHOT values (1576, 1574, 1581, 4070, 11.36, 228.15, -4.53, 11.37, 228.15, -4.54, 0.00, 218.88, -46.45);
insert into SHOT values (1577, 1574, 1582, 4070, 62.91, 200.98, 1.16, 62.90, 200.98, 1.16, 0.01, 335.96, -41.27);
insert into SHOT values (1578, 1582, 1583, 4070, 3.27, 314.70, 20.88, 3.27, 314.73, 20.96, 0.00, 82.88, 60.57);
insert into SHOT values (1579, 1583, 1584, 4070, 12.35, 63.63, -5.39, 12.34, 63.62, -5.39, 0.01, 256.60, 1.50);
insert into SHOT values (1580, 1583, 1585, 4070, 5.22, 121.79, -9.60, 5.23, 121.84, -9.58, 0.01, 170.28, 12.70);
insert into SHOT values (1581, 1583, 1586, 4070, 2.45, 106.69, 9.63, 2.45, 106.86, 9.64, 0.01, 187.07, 5.19);
insert into SHOT values (1582, 1583, 1587, 4070, 2.57, 102.41, -31.98, 2.57, 102.44, -31.94, 0.00, 133.23, 13.66);
insert into SHOT values (1583, 1583, 1588, 4070, 13.90, 23.85, -25.45, 13.89, 23.85, -25.46, 0.01, 211.01, 9.33);
insert into SHOT values (1584, 1583, 1589, 4070, 21.36, 46.36, -7.21, 21.35, 46.36, -7.21, 0.00, 243.79, 4.40);
insert into SHOT values (1585, 1583, 1590, 4070, 19.77, 278.79, -18.50, 19.77, 278.77, -18.49, 0.01, 225.54, 18.35);
insert into SHOT values (1586, 1583, 1591, 4070, 21.41, 242.17, -4.95, 21.41, 242.16, -4.96, 0.00, 173.51, -39.79);
insert into SHOT values (1587, 1583, 1592, 4070, 20.24, 222.92, -0.88, 20.24, 222.92, -0.88, 0.00, 133.38, 42.71);
insert into SHOT values (1588, 1583, 1593, 4070, 11.40, 189.32, 1.74, 11.41, 189.34, 1.71, 0.01, 246.57, -55.24);
insert into SHOT values (1589, 1583, 1594, 4070, 23.13, 259.19, -11.24, 23.14, 259.18, -11.24, 0.01, 233.63, -10.87);
insert into SHOT values (1590, 1583, 1595, 4070, 11.24, 228.82, 0.64, 11.24, 228.82, 0.61, 0.01, 238.03, -50.78);
insert into SHOT values (1591, 1595, 1596, 4070, 19.10, 263.55, -0.36, 19.10, 263.54, -0.36, 0.01, 215.05, -0.05);
insert into SHOT values (1592, 1595, 1597, 4070, 10.91, 101.22, 2.73, 10.92, 101.21, 2.73, 0.01, 76.40, 1.20);
insert into SHOT values (1593, 1595, 1598, 4070, 0.38, 96.06, 29.72, 0.38, 96.91, 29.75, 0.00, 188.85, 1.43);
insert into SHOT values (1594, 1595, 1599, 4070, 11.44, 207.22, -36.96, 11.44, 207.21, -36.93, 0.01, 104.51, 79.42);
insert into SHOT values (1595, 1595, 1600, 4070, 9.93, 220.87, -9.27, 9.94, 220.82, -9.27, 0.01, 138.42, 1.69);
insert into SHOT values (1596, 1595, 1601, 4070, 8.47, 132.67, 0.81, 8.48, 132.71, 0.81, 0.01, 186.97, 1.69);
insert into SHOT values (1597, 1595, 1602, 4070, 13.46, 354.94, -21.78, 13.46, 354.95, -21.76, 0.00, 78.54, 58.48);
insert into SHOT values (1598, 1595, 1603, 4070, 21.36, 210.25, -1.18, 21.36, 210.25, -1.18, 0.00, 214.98, -2.44);
insert into SHOT values (1599, 1595, 1604, 4070, 19.97, 163.66, -8.29, 19.97, 163.66, -8.26, 0.01, 76.19, 81.80);
insert into SHOT values (1600, 1595, 1605, 4070, 25.02, 187.40, -3.04, 25.02, 187.40, -3.02, 0.01, 201.37, 44.97);
insert into SHOT values (1601, 1605, 1606, 4070, 13.88, 115.44, -6.76, 13.88, 115.43, -6.78, 0.01, 72.96, -63.03);
insert into SHOT values (1602, 1605, 1607, 4070, 7.60, 151.58, 9.25, 7.61, 151.52, 9.23, 0.01, 91.65, -13.96);
insert into SHOT values (1603, 1605, 1608, 4070, 7.82, 75.54, -9.50, 7.82, 75.51, -9.49, 0.01, 30.18, 5.77);
insert into SHOT values (1604, 1605, 1609, 4070, 22.97, 23.92, 7.22, 22.97, 23.92, 7.20, 0.01, 32.16, -53.81);
insert into SHOT values (1605, 1605, 1610, 4070, 33.39, 21.60, 2.81, 33.39, 21.60, 2.80, 0.01, 44.17, -51.07);
insert into SHOT values (1606, 1605, 1611, 4070, 13.86, 47.75, -5.69, 13.87, 47.73, -5.71, 0.01, 17.49, -34.90);
insert into SHOT values (1607, 1605, 1612, 4070, 17.30, 316.29, 26.15, 17.30, 316.30, 26.13, 0.01, 356.12, -30.85);
insert into SHOT values (1608, 1605, 1613, 4070, 16.66, 352.51, 5.58, 16.66, 352.51, 5.58, 0.00, 16.53, 5.64);
insert into SHOT values (1609, 1605, 1614, 4070, 17.15, 251.42, 31.07, 17.15, 251.42, 31.07, 0.00, 85.38, -6.09);
insert into SHOT values (1610, 1605, 1615, 4070, 9.29, 231.31, 22.96, 9.29, 231.36, 22.94, 0.01, 357.75, -30.03);
insert into SHOT values (1611, 1605, 1616, 4070, 22.38, 350.59, 59.87, 22.38, 350.63, 59.85, 0.01, 34.82, -13.78);
insert into SHOT values (1612, 1605, 1617, 4070, 12.60, 166.31, 4.63, 12.60, 166.27, 4.60, 0.01, 74.82, -41.57);
insert into SHOT values (1613, 1605, 1618, 4070, 9.46, 189.94, 4.23, 9.46, 189.89, 4.25, 0.01, 62.65, 11.79);
insert into SHOT values (1614, 1605, 1619, 4070, 13.88, 157.24, 6.69, 13.87, 157.19, 6.67, 0.01, 40.42, -28.47);
insert into SHOT values (1615, 1605, 1620, 4070, 10.52, 214.45, 11.73, 10.51, 214.43, 11.74, 0.01, 63.91, 12.17);
insert into SHOT values (1616, 1620, 1621, 4070, 5.54, 284.13, 6.60, 5.54, 284.19, 6.53, 0.01, 347.90, -48.51);
insert into SHOT values (1617, 1620, 1622, 4070, 0.53, 328.31, 32.97, 0.53, 327.72, 32.83, 0.01, 264.48, -0.65);
insert into SHOT values (1618, 1620, 1623, 4070, 1.66, 243.13, -83.85, 1.67, 243.43, -83.85, 0.01, 288.59, -81.13);
insert into SHOT values (1619, 1620, 1624, 4070, 2.60, 155.69, -49.11, 2.60, 155.70, -49.20, 0.01, 320.44, -83.31);
insert into SHOT values (1620, 1620, 1625, 4070, 6.67, 236.49, 0.39, 6.67, 236.50, 0.34, 0.01, 36.06, -56.83);
insert into SHOT values (1621, 1620, 1626, 4070, 5.19, 216.91, -16.84, 5.19, 216.89, -16.92, 0.01, 67.62, -66.83);
insert into SHOT values (1622, 1620, 1627, 4070, 13.93, 253.03, -1.54, 13.93, 253.05, -1.56, 0.01, 355.01, -50.61);
insert into SHOT values (1623, 1627, 1628, 4070, 5.34, 108.50, -5.76, 5.34, 108.54, -5.69, 0.01, 218.00, 59.97);
insert into SHOT values (1624, 1627, 1629, 4070, 4.90, 50.41, 15.08, 4.89, 50.41, 15.16, 0.01, 229.42, 28.89);
insert into SHOT values (1625, 1627, 1630, 4070, 2.78, 258.90, -16.92, 2.78, 258.94, -16.94, 0.00, 330.90, -29.64);
insert into SHOT values (1626, 1627, 1631, 4070, 2.12, 345.64, 70.53, 2.12, 345.17, 70.62, 0.01, 228.83, 18.71);
insert into SHOT values (1627, 1627, 1632, 4070, 1.07, 240.73, -60.74, 1.07, 240.52, -60.40, 0.01, 214.98, 54.37);
insert into SHOT values (1628, 1627, 1633, 4070, 0.62, 198.67, 5.60, 0.63, 198.73, 5.50, 0.00, 215.91, -23.54);
insert into SHOT values (1629, 1627, 1634, 4070, 0.77, 32.31, 23.03, 0.77, 32.35, 22.90, 0.00, 42.83, -18.34);
insert into SHOT values (1630, 1630, 1635, 4070, 0.00, 0.00, 0.00, 0.00, 90.00, 0.00, 0.00, 90.00, 0.00);
insert into SHOT values (1631, 1630, 1636, 4070, 1.36, 162.71, 0.59, 1.36, 162.90, 0.84, 0.01, 226.26, 50.47);
insert into SHOT values (1632, 1630, 1637, 4070, 1.73, 346.14, 81.86, 1.74, 345.38, 82.13, 0.01, 188.42, 28.18);
insert into SHOT values (1633, 1630, 1638, 4070, 0.78, 181.72, -35.55, 0.78, 181.79, -35.10, 0.01, 192.59, 48.38);
insert into SHOT values (1634, 1630, 1639, 4070, 16.50, 220.87, -0.68, 16.50, 220.85, -0.66, 0.01, 153.56, 37.80);
insert into SHOT values (1635, 1639, 1640, 4070, 0.19, 149.47, 72.47, 0.19, 158.20, 73.34, 0.01, 260.23, 10.91);
insert into SHOT values (1636, 1639, 1641, 4070, 0.13, 328.43, -69.55, 0.14, 323.13, -68.96, 0.01, 274.12, -43.42);
insert into SHOT values (1637, 1639, 1642, 4070, 7.00, 60.17, -1.33, 7.00, 60.17, -1.39, 0.01, 94.46, -83.69);
insert into SHOT values (1638, 1639, 1643, 4070, 0.76, 300.37, -19.41, 0.76, 300.14, -19.93, 0.01, 212.91, -68.93);
insert into SHOT values (1639, 1643, 1644, 4070, 1.01, 12.35, 8.56, 1.01, 12.09, 8.51, 0.01, 333.11, -0.29);
insert into SHOT values (1640, 1643, 1645, 4070, 0.60, 317.30, 1.28, 0.61, 317.66, 1.88, 0.01, 350.44, 42.79);
insert into SHOT values (1641, 1643, 1646, 4070, 0.52, 192.15, 6.60, 0.52, 192.41, 6.68, 0.00, 297.43, 16.19);
insert into SHOT values (1642, 1643, 1647, 4070, 3.17, 262.76, 6.99, 3.17, 262.87, 7.07, 0.01, 354.39, 35.28);
insert into SHOT values (1643, 1647, 1648, 4070, 0.39, 175.61, -87.28, 0.38, 180.00, -86.99, 0.01, 218.10, 63.60);
insert into SHOT values (1644, 1647, 1649, 4070, 0.72, 193.11, -2.62, 0.73, 193.47, -2.35, 0.01, 223.20, 18.67);
insert into SHOT values (1645, 1647, 1650, 4070, 1.10, 334.17, -9.53, 1.09, 334.15, -9.48, 0.00, 165.68, 32.09);
insert into SHOT values (1646, 1647, 1651, 4070, 0.84, 266.52, -21.45, 0.84, 266.33, -21.63, 0.01, 230.32, -44.64);
insert into SHOT values (1647, 1651, 1652, 4070, 0.29, 359.10, -64.22, 0.29, 0.00, -63.43, 0.01, 22.46, -7.35);
insert into SHOT values (1648, 1651, 1653, 4070, 0.39, 185.53, -7.40, 0.39, 186.01, -7.46, 0.00, 303.42, -2.47);
insert into SHOT values (1649, 1651, 1654, 4070, 0.78, 353.98, -9.87, 0.78, 353.99, -9.65, 0.00, 171.41, 47.16);
insert into SHOT values (1650, 1651, 1655, 4070, 1.43, 290.62, 2.70, 1.42, 290.60, 2.82, 0.01, 115.86, 31.39);
insert into SHOT values (1651, 1655, 1656, 4070, 0.18, 113.59, 78.44, 0.18, 108.43, 80.04, 0.01, 325.43, 34.13);
insert into SHOT values (1652, 1655, 1657, 4070, 0.31, 203.49, 18.99, 0.30, 204.78, 19.25, 0.01, 331.13, -1.58);
insert into SHOT values (1653, 1655, 1658, 4070, 1.02, 30.19, -1.88, 1.03, 29.81, -1.68, 0.01, 326.29, 25.42);
insert into SHOT values (1654, 1655, 1659, 4070, 1.35, 305.41, 40.82, 1.35, 305.08, 40.61, 0.01, 255.05, -18.04);
insert into SHOT values (1655, 1659, 1660, 4070, 4.91, 1.19, 8.62, 4.92, 1.30, 8.66, 0.01, 47.38, 19.29);
insert into SHOT values (1656, 1659, 1661, 4070, 1.11, 327.32, 58.52, 1.11, 327.68, 58.60, 0.01, 38.86, 52.84);
insert into SHOT values (1657, 1659, 1662, 4070, 0.59, 11.49, -76.18, 0.59, 12.09, -75.90, 0.00, 36.83, -15.27);
insert into SHOT values (1658, 1659, 1663, 4070, 0.71, 177.41, -18.86, 0.71, 176.58, -18.92, 0.01, 62.27, 4.31);
insert into SHOT values (1659, 1659, 1664, 4070, 6.95, 301.20, 8.86, 6.95, 301.24, 8.86, 0.01, 79.90, -7.95);
insert into SHOT values (1660, 1659, 1665, 4070, 25.76, 227.27, 1.59, 25.75, 227.27, 1.60, 0.01, 62.60, 43.10);
insert into SHOT values (1661, 1665, 1666, 4070, 6.64, 139.66, 9.71, 6.64, 139.65, 9.71, 0.00, 103.16, -1.65);
insert into SHOT values (1662, 1665, 1667, 4070, 1.50, 147.09, 32.70, 1.50, 147.32, 32.75, 0.01, 241.48, 13.99);
insert into SHOT values (1663, 1665, 1668, 4070, 3.61, 179.90, -32.90, 3.61, 180.00, -32.90, 0.01, 280.95, 9.07);
insert into SHOT values (1664, 1665, 1669, 4070, 9.88, 69.03, -4.40, 9.88, 69.01, -4.41, 0.01, 18.86, -22.63);
insert into SHOT values (1665, 1665, 1670, 4070, 18.02, 200.42, -0.01, 18.02, 200.43, 0.00, 0.00, 256.89, 55.08);
insert into SHOT values (1666, 1670, 1671, 4070, 2.55, 275.50, 37.60, 2.55, 275.68, 37.50, 0.01, 9.26, -42.34);
insert into SHOT values (1667, 1670, 1672, 4070, 1.27, 255.93, -77.78, 1.28, 257.01, -77.95, 0.01, 17.59, -33.46);
insert into SHOT values (1668, 1670, 1673, 4070, 2.11, 150.95, -42.69, 2.11, 150.95, -43.00, 0.01, 332.03, -54.89);
insert into SHOT values (1669, 1670, 1674, 4070, 8.90, 51.99, -4.52, 8.90, 52.01, -4.58, 0.01, 113.03, -72.37);
insert into SHOT values (1670, 1670, 1675, 4070, 18.01, 43.17, 1.74, 18.01, 43.18, 1.72, 0.01, 65.94, -49.87);
insert into SHOT values (1671, 1670, 1676, 4070, 17.83, 21.10, 0.34, 17.84, 21.10, 0.32, 0.01, 14.55, -40.10);
insert into SHOT values (1672, 1670, 1677, 4070, 15.18, 0.18, -4.42, 15.19, 0.19, -4.42, 0.00, 37.16, 0.45);
insert into SHOT values (1673, 1670, 1678, 4070, 16.19, 342.15, -0.04, 16.19, 342.16, -0.07, 0.01, 118.34, -68.84);
insert into SHOT values (1674, 1670, 1679, 4070, 21.67, 331.57, 9.09, 21.67, 331.57, 9.08, 0.00, 275.46, -70.77);
insert into SHOT values (1675, 1670, 1680, 4070, 6.41, 313.06, 9.31, 6.41, 313.08, 9.25, 0.01, 102.93, -62.02);
insert into SHOT values (1676, 1670, 1681, 4070, 18.82, 314.58, 10.61, 18.83, 314.58, 10.59, 0.01, 343.87, -66.50);
insert into SHOT values (1677, 1670, 1682, 4070, 8.22, 253.93, -3.73, 8.22, 253.93, -3.77, 0.01, 74.19, -44.54);
insert into SHOT values (1678, 1670, 1683, 4070, 7.79, 226.30, -5.82, 7.79, 226.31, -5.82, 0.00, 31.41, -2.31);
insert into SHOT values (1679, 1670, 1684, 4070, 11.76, 295.55, 12.28, 11.76, 295.56, 12.27, 0.00, 357.21, -34.46);
insert into SHOT values (1680, 1670, 1685, 4070, 2.04, 143.25, -41.85, 2.05, 143.28, -41.99, 0.01, 169.18, -77.31);
insert into SHOT values (1681, 1670, 1686, 4070, 9.71, 234.86, -1.92, 9.70, 234.87, -1.95, 0.01, 37.42, -48.27);
insert into SHOT values (1682, 1686, 1687, 4070, 2.02, 124.84, -33.89, 2.03, 124.82, -33.91, 0.01, 118.73, -40.48);
insert into SHOT values (1683, 1686, 1688, 4070, 0.95, 117.54, -83.63, 0.96, 119.05, -83.81, 0.00, 253.50, -36.38);
insert into SHOT values (1684, 1686, 1689, 4070, 0.30, 318.87, 38.92, 0.30, 320.19, 39.04, 0.01, 48.24, 9.45);
insert into SHOT values (1685, 1686, 1690, 4070, 2.43, 314.49, -8.98, 2.43, 314.49, -9.01, 0.00, 127.76, -43.70);
insert into SHOT values (1686, 1686, 1691, 4070, 6.49, 220.83, -3.50, 6.49, 220.80, -3.54, 0.01, 89.90, -44.03);
insert into SHOT values (1687, 1691, 1692, 4070, 0.50, 58.83, 86.26, 0.51, 45.00, 86.83, 0.01, 290.16, 39.24);
insert into SHOT values (1688, 1691, 1693, 4070, 2.21, 123.91, -10.76, 2.21, 123.91, -10.70, 0.00, 304.89, 82.70);
insert into SHOT values (1689, 1691, 1694, 4070, 2.76, 311.12, -2.43, 2.76, 311.03, -2.28, 0.01, 205.01, 57.32);
insert into SHOT values (1690, 1691, 1695, 4070, 9.08, 209.57, 8.11, 9.08, 209.59, 8.10, 0.01, 240.82, -9.05);
insert into SHOT values (1691, 1695, 1696, 4070, 10.01, 264.73, 6.40, 10.00, 264.75, 6.43, 0.01, 37.34, 46.59);
insert into SHOT values (1692, 1695, 1697, 4070, 12.90, 255.99, 6.11, 12.90, 256.02, 6.14, 0.01, 333.10, 46.44);
insert into SHOT values (1693, 1695, 1698, 4070, 13.66, 216.67, 26.72, 13.66, 216.70, 26.76, 0.01, 333.09, 47.69);
insert into SHOT values (1694, 1695, 1699, 4070, 12.43, 247.04, 72.87, 12.43, 247.01, 72.87, 0.00, 164.96, 57.26);
insert into SHOT values (1695, 1695, 1700, 4070, 0.86, 223.84, -78.62, 0.86, 225.00, -78.58, 0.01, 327.10, 63.29);
insert into SHOT values (1696, 1695, 1701, 4070, 16.20, 271.23, 50.81, 16.20, 271.23, 50.83, 0.01, 85.76, 52.85);
insert into SHOT values (1697, 1695, 1702, 4070, 17.44, 280.13, 48.02, 17.44, 280.12, 48.04, 0.01, 117.28, 56.14);
insert into SHOT values (1698, 1695, 1703, 4070, 18.81, 288.31, 37.80, 18.81, 288.31, 37.80, 0.00, 23.89, 56.94);
insert into SHOT values (1699, 1695, 1704, 4070, 15.28, 307.29, 40.59, 15.28, 307.29, 40.59, 0.00, 326.21, 26.78);
insert into SHOT values (1700, 1695, 1705, 4070, 3.61, 352.26, 9.50, 3.61, 352.26, 9.56, 0.00, 346.15, 64.36);
insert into SHOT values (1701, 1695, 1706, 4070, 2.51, 63.40, 2.34, 2.51, 63.23, 2.51, 0.01, 325.47, 44.81);
insert into SHOT values (1702, 1695, 1707, 4070, 5.00, 316.20, 23.72, 5.00, 316.15, 23.82, 0.01, 214.73, 66.26);
insert into SHOT values (1703, 1695, 1708, 4070, 7.21, 151.90, 20.51, 7.21, 151.92, 20.53, 0.00, 207.95, 54.36);
insert into SHOT values (1704, 1695, 1709, 4070, 19.25, 160.76, 21.49, 19.25, 160.77, 21.51, 0.01, 320.18, 53.07);
insert into SHOT values (1705, 1709, 1710, 4070, 10.33, 264.40, 4.51, 10.33, 264.37, 4.50, 0.01, 148.91, -25.30);
insert into SHOT values (1706, 1709, 1711, 4070, 3.84, 262.44, -50.65, 3.84, 262.44, -50.70, 0.00, 86.04, -41.99);
insert into SHOT values (1707, 1709, 1712, 4070, 5.25, 268.69, 63.15, 5.25, 268.55, 63.13, 0.01, 196.06, 4.26);
insert into SHOT values (1708, 1709, 1713, 4070, 13.74, 209.05, -0.35, 13.74, 209.05, -0.38, 0.01, 187.50, -69.45);
insert into SHOT values (1709, 1709, 1714, 4070, 13.73, 231.26, 1.08, 13.72, 231.24, 1.09, 0.01, 104.83, 13.58);
insert into SHOT values (1710, 1709, 1715, 4070, 22.59, 222.85, -2.17, 22.59, 222.85, -2.18, 0.01, 199.08, -48.89);
insert into SHOT values (1711, 1715, 1716, 4070, 1.72, 132.26, -2.48, 1.71, 132.16, -2.34, 0.01, 6.94, 49.87);
insert into SHOT values (1712, 1715, 1717, 4070, 3.98, 315.02, -4.45, 3.98, 315.10, -4.47, 0.01, 18.34, -13.31);
insert into SHOT values (1713, 1715, 1718, 4070, 2.02, 311.13, -53.18, 2.01, 311.32, -53.04, 0.01, 355.81, 28.19);
insert into SHOT values (1714, 1715, 1719, 4070, 23.47, 235.91, 0.73, 23.46, 235.91, 0.73, 0.01, 54.58, 10.26);
insert into SHOT values (1715, 1719, 1720, 4070, 0.72, 159.65, -1.93, 0.72, 159.81, -1.58, 0.00, 226.04, 62.66);
insert into SHOT values (1716, 1719, 1721, 4070, 2.55, 11.33, -33.90, 2.55, 11.47, -33.91, 0.01, 135.78, 15.18);
insert into SHOT values (1717, 1719, 1722, 4070, 1.78, 341.75, 44.72, 1.79, 341.57, 44.89, 0.01, 218.04, 43.77);
insert into SHOT values (1718, 1719, 1723, 4070, 6.22, 349.87, 4.43, 6.22, 349.87, 4.43, 0.01, 171.12, -5.09);
insert into SHOT values (1719, 1719, 1724, 4070, 11.95, 303.44, 8.69, 11.95, 303.43, 8.71, 0.00, 265.07, 67.28);
insert into SHOT values (1720, 1719, 1725, 4070, 10.76, 67.26, -6.06, 10.76, 67.29, -6.03, 0.01, 163.00, 43.22);
insert into SHOT values (1721, 1719, 1726, 4070, 24.05, 284.98, 8.39, 24.05, 284.98, 8.39, 0.00, 75.49, 27.48);
insert into SHOT values (1722, 1726, 1727, 4070, 2.44, 185.02, 1.69, 2.44, 185.17, 1.64, 0.01, 283.80, -17.01);
insert into SHOT values (1723, 1726, 1728, 4070, 2.11, 353.17, 73.63, 2.12, 353.23, 73.69, 0.00, 151.55, 43.38);
insert into SHOT values (1724, 1726, 1729, 4070, 3.97, 344.76, -74.05, 3.97, 344.56, -74.08, 0.00, 218.90, 12.15);
insert into SHOT values (1725, 1726, 1730, 4070, 15.60, 14.36, 3.08, 15.60, 14.35, 3.09, 0.01, 235.37, 19.65);
insert into SHOT values (1726, 1726, 1731, 4070, 8.29, 109.97, -2.10, 8.29, 109.97, -2.07, 0.00, 355.35, 79.40);
insert into SHOT values (1727, 1726, 1732, 4070, 9.34, 85.24, -3.05, 9.34, 85.26, -3.07, 0.01, 214.57, -34.38);
insert into SHOT values (1728, 1726, 1733, 4070, 12.20, 301.26, 16.23, 12.21, 301.25, 16.22, 0.00, 261.16, -14.86);
insert into SHOT values (1729, 1726, 1734, 4070, 4.70, 257.63, 2.73, 4.70, 257.59, 2.68, 0.01, 235.77, -22.96);
insert into SHOT values (1730, 1733, 1735, 4070, 0.00, 0.00, 0.00, 0.00, 90.00, 0.00, 0.00, 90.00, 0.00);
insert into SHOT values (1731, 1733, 1736, 4070, 4.20, 225.98, -33.19, 4.20, 226.04, -33.20, 0.00, 289.47, -26.26);
insert into SHOT values (1732, 1733, 1737, 4070, 3.54, 14.03, 46.77, 3.54, 14.09, 46.80, 0.00, 96.87, 46.99);
insert into SHOT values (1733, 1733, 1738, 4070, 16.64, 52.82, -6.33, 16.64, 52.84, -6.31, 0.01, 156.43, 39.96);
insert into SHOT values (1734, 1733, 1739, 4070, 2.44, 139.25, -80.56, 2.44, 140.01, -80.47, 0.01, 193.53, -0.72);
insert into SHOT values (1735, 1733, 1740, 4070, 9.15, 16.23, 12.56, 9.15, 16.26, 12.57, 0.01, 135.44, 4.31);
insert into SHOT values (1736, 1733, 1741, 4070, 4.68, 283.58, 21.28, 4.68, 283.53, 21.30, 0.00, 181.43, 15.32);
insert into SHOT values (1737, 1741, 1742, 4070, 1.32, 244.12, -46.07, 1.32, 244.00, -46.16, 0.01, 83.73, 25.64);
insert into SHOT values (1738, 1741, 1743, 4070, 1.05, 15.93, 45.35, 1.06, 15.52, 45.10, 0.01, 333.62, -3.93);
insert into SHOT values (1739, 1741, 1744, 4070, 3.15, 17.32, 10.21, 3.15, 17.44, 10.23, 0.01, 110.94, 9.51);
insert into SHOT values (1740, 1741, 1745, 4070, 5.75, 290.88, -12.42, 5.76, 290.95, -12.44, 0.01, 10.14, -17.81);
insert into SHOT values (1741, 1745, 1746, 4070, 3.71, 293.03, -6.88, 3.71, 293.01, -6.81, 0.01, 126.50, 49.35);
insert into SHOT values (1742, 1745, 1747, 4070, 2.06, 95.41, 2.67, 2.06, 95.57, 2.78, 0.01, 212.90, 30.07);
insert into SHOT values (1743, 1745, 1748, 4070, 1.76, 301.35, -88.59, 1.75, 296.57, -88.54, 0.01, 231.33, 54.02);
insert into SHOT values (1744, 1745, 1749, 4070, 1.69, 23.60, -11.72, 1.68, 23.61, -11.66, 0.01, 200.93, 27.78);
insert into SHOT values (1745, 1745, 1750, 4070, 2.32, 197.82, -24.42, 2.33, 197.84, -24.34, 0.01, 203.99, 7.60);
insert into SHOT values (1746, 1745, 1751, 4070, 4.69, 203.74, -23.43, 4.69, 203.71, -23.38, 0.01, 90.08, 61.88);
insert into SHOT values (1747, 1751, 1752, 4070, 0.77, 140.31, 2.76, 0.77, 140.29, 2.24, 0.01, 132.02, -74.96);
insert into SHOT values (1748, 1751, 1753, 4070, 1.82, 298.54, 43.53, 1.81, 298.12, 43.54, 0.01, 200.41, -4.39);
insert into SHOT values (1749, 1751, 1754, 4070, 1.29, 234.26, 73.87, 1.29, 234.09, 73.89, 0.00, 126.68, 35.11);
insert into SHOT values (1750, 1751, 1755, 4070, 4.09, 230.40, 10.66, 4.10, 230.34, 10.55, 0.01, 179.56, -53.43);
insert into SHOT values (1751, 1755, 1756, 4070, 0.81, 155.94, 74.92, 0.82, 157.17, 75.37, 0.01, 293.87, 46.46);
insert into SHOT values (1752, 1755, 1757, 4070, 0.71, 301.02, 53.04, 0.71, 300.74, 52.94, 0.00, 270.09, 32.71);
insert into SHOT values (1753, 1755, 1758, 4070, 1.04, 125.61, -0.68, 1.05, 125.67, -0.55, 0.00, 149.16, 43.56);
insert into SHOT values (1754, 1755, 1759, 4070, 2.57, 51.75, 50.47, 2.58, 51.45, 50.56, 0.01, 311.04, 28.26);
insert into SHOT values (1755, 1759, 1760, 4070, 10.04, 260.11, 35.11, 10.03, 260.10, 35.13, 0.01, 89.16, -15.39);
insert into SHOT values (1756, 1759, 1761, 4070, 2.93, 320.17, 33.23, 2.93, 320.13, 33.32, 0.01, 205.51, 71.21);
insert into SHOT values (1757, 1759, 1762, 4070, 0.55, 327.77, 57.30, 0.56, 327.38, 57.73, 0.00, 186.84, 49.93);
insert into SHOT values (1758, 1759, 1763, 4070, 0.89, 132.65, -88.90, 0.89, 135.00, -88.18, 0.01, 138.59, 4.26);
insert into SHOT values (1759, 1760, 1764, 4070, 0.00, 0.00, 0.00, 0.00, 90.00, 0.00, 0.00, 90.00, 0.00);
insert into SHOT values (1760, 1760, 1765, 4070, 1.96, 149.77, -5.31, 1.96, 149.89, -5.26, 0.01, 203.92, 14.23);
insert into SHOT values (1761, 1760, 1766, 4070, 9.37, 278.41, 63.20, 9.38, 278.28, 63.17, 0.01, 227.58, 13.49);
insert into SHOT values (1762, 1760, 1767, 4070, 1.05, 94.10, -77.97, 1.05, 95.19, -77.89, 0.00, 171.03, 22.91);
insert into SHOT values (1763, 1760, 1768, 4070, 9.62, 245.12, 20.11, 9.62, 245.14, 20.11, 0.01, 268.09, 25.23);
insert into SHOT values (1764, 1768, 1769, 4070, 4.13, 162.33, -3.03, 4.13, 162.36, -3.05, 0.00, 196.24, -29.00);
insert into SHOT values (1765, 1768, 1770, 4070, 6.07, 125.71, -56.26, 6.07, 125.72, -56.25, 0.01, 129.35, -44.74);
insert into SHOT values (1766, 1768, 1771, 4070, 5.85, 284.82, 72.55, 5.85, 284.59, 72.62, 0.01, 142.86, -17.98);
insert into SHOT values (1767, 1768, 1772, 4070, 7.07, 253.44, -0.14, 7.06, 253.39, -0.16, 0.01, 154.47, -22.16);
insert into MAPS values (4072, 55, 'Mountaineye', NULL, 1, 8501.392, 74.030);
 insert into MAPITEMS values (4072, 4, 4077);
 insert into MAPITEMS values (4072, 4, 4078);
 insert into MAPITEMS values (4072, 4, 4079);
 insert into MAPITEMS values (4072, 4, 4080);
 insert into MAPITEMS values (4072, 4, 4081);
 insert into MAPITEMS values (4072, 4, 4082);
 insert into MAPITEMS values (4072, 4, 4083);
 insert into MAPITEMS values (4072, 4, 4084);
 insert into MAPITEMS values (4072, 4, 4085);
 insert into MAPITEMS values (4072, 4, 4086);
 insert into MAPITEMS values (4072, 4, 4087);
 insert into CENTRELINE values (4075, 55, NULL, NULL, NULL, 0.00, 0.00, 0.00);
 insert into SCRAPS values (0, 0, '', 1);
 insert into MAPS values (4077, 0, '', NULL, 1, 631.621, 15.380);
 insert into MAPITEMS values (4077, 4, 0);
 insert into SCRAPS values (0, 0, '', 1);
 insert into MAPS values (4078, 0, '', NULL, 1, 1179.008, 10.690);
 insert into MAPITEMS values (4078, 4, 0);
 insert into SCRAPS values (0, 0, '', 1);
 insert into MAPS values (4079, 0, '', NULL, 1, 1642.594, 36.720);
 insert into MAPITEMS values (4079, 4, 0);
 insert into SCRAPS values (0, 0, '', 1);
 insert into MAPS values (4080, 0, '', NULL, 1, 1622.937, 56.740);
 insert into MAPITEMS values (4080, 4, 0);
 insert into SCRAPS values (0, 0, '', 1);
 insert into MAPS values (4081, 0, '', NULL, 1, 1222.697, 11.600);
 insert into MAPITEMS values (4081, 4, 0);
 insert into SCRAPS values (0, 0, '', 1);
 insert into MAPS values (4082, 0, '', NULL, 1, 121.534, 1.110);
 insert into MAPITEMS values (4082, 4, 0);
 insert into SCRAPS values (0, 0, '', 1);
 insert into MAPS values (4083, 0, '', NULL, 1, 35.484, 1.070);
 insert into MAPITEMS values (4083, 4, 0);
 insert into SCRAPS values (0, 0, '', 1);
 insert into MAPS values (4084, 0, '', NULL, 1, 112.683, 4.340);
 insert into MAPITEMS values (4084, 4, 0);
 insert into SCRAPS values (0, 0, '', 1);
 insert into MAPS values (4085, 0, '', NULL, 1, 144.701, 4.210);
 insert into MAPITEMS values (4085, 4, 0);
 insert into SCRAPS values (0, 0, '', 1);
 insert into MAPS values (4086, 0, '', NULL, 1, 620.193, 27.850);
 insert into MAPITEMS values (4086, 4, 0);
 insert into SCRAPS values (0, 0, '', 1);
 insert into MAPS values (4087, 0, '', NULL, 1, 1167.940, 54.460);
 insert into MAPITEMS values (4087, 4, 0);
 insert into STATION values (1, '1.0', 57, 0.00, 0.00, 0.00);
insert into STATION values (2, '-', 57, 0.00, 0.00, 0.00);
insert into STATION values (3, '-', 57, 0.68, -3.21, -0.06);
insert into STATION values (4, '-', 57, 0.66, 0.78, 0.00);
insert into STATION values (5, '-', 57, 2.18, -1.04, -0.34);
insert into STATION values (6, '-', 57, -0.17, -1.04, 4.79);
insert into STATION values (7, '-', 57, 0.09, -0.09, -0.51);
insert into STATION values (8, '1.1', 57, 2.87, -2.65, -2.15);
insert into STATION values (9, '-', 57, 2.64, -2.32, -0.81);
insert into STATION values (10, '-', 57, 4.36, 0.70, -2.06);
insert into STATION values (11, '-', 57, 2.96, -4.07, -2.45);
insert into STATION values (12, '-', 57, 2.78, -2.61, -2.91);
insert into STATION values (13, '-', 57, 9.87, 5.57, -4.66);
insert into STATION values (14, '1.2', 57, 10.49, -5.83, -6.61);
insert into STATION values (15, '-', 57, 14.40, -2.36, -4.67);
insert into STATION values (16, '-', 57, 13.50, 1.68, -4.14);
insert into STATION values (17, '-', 57, 9.51, -5.17, -0.73);
insert into STATION values (18, '-', 57, 7.56, -8.89, -4.56);
insert into STATION values (19, '101.1', 57, 10.58, 0.85, -5.69);
insert into STATION values (20, '-', 57, 10.49, -5.83, -6.61);
insert into STATION values (21, '1.3', 57, 13.97, -13.27, -6.49);
insert into STATION values (22, '-', 57, 19.52, -9.63, -5.79);
insert into STATION values (23, '-', 57, 16.60, -15.79, -5.75);
insert into STATION values (24, '-', 57, 11.01, -17.21, -5.52);
insert into STATION values (25, '-', 57, 10.75, -14.03, -5.36);
insert into STATION values (26, '102.1', 57, 9.51, -16.16, -5.33);
insert into STATION values (27, '-', 57, 7.05, -18.49, -4.27);
insert into STATION values (28, '-', 57, 11.12, -18.95, -5.10);
insert into STATION values (29, '-', 57, 8.12, -14.84, -5.32);
insert into STATION values (30, '-', 57, 9.13, -16.75, -2.96);
insert into STATION values (31, '-', 57, 13.97, -13.27, -6.49);
insert into STATION values (32, '-', 57, 16.00, -13.43, -0.94);
insert into STATION values (33, '-', 57, 22.35, -15.69, 0.18);
insert into STATION values (34, '1.4', 57, 33.19, -15.95, 0.89);
insert into STATION values (35, '-', 57, 33.16, -15.88, 3.78);
insert into STATION values (36, '-', 57, 33.19, -15.86, -0.13);
insert into STATION values (37, '-', 57, 19.06, -18.58, -4.57);
insert into STATION values (38, '-', 57, 20.74, -10.68, -4.56);
insert into STATION values (39, '-', 57, 34.04, -9.20, 0.31);
insert into STATION values (40, '-', 57, 36.64, -19.46, 0.92);
insert into STATION values (41, '-', 57, 27.83, -26.69, -5.07);
insert into STATION values (42, '-', 57, 13.82, -24.44, -1.88);
insert into STATION values (43, '-', 57, 20.41, -25.24, -3.88);
insert into STATION values (44, '1.5', 57, 33.99, -27.28, -4.33);
insert into STATION values (45, '-', 57, 33.85, -27.37, -3.18);
insert into STATION values (46, '-', 57, 33.89, -26.99, -5.59);
insert into STATION values (47, '-', 57, 28.94, -30.38, -4.25);
insert into STATION values (48, '-', 57, 34.69, -26.99, -4.14);
insert into STATION values (49, '-', 57, 36.64, -21.57, -3.70);
insert into STATION values (50, '-', 57, 36.44, -33.45, -4.25);
insert into STATION values (51, '-', 57, 44.49, -21.81, -3.33);
insert into STATION values (52, '1.6', 57, 32.80, -38.20, -1.61);
insert into STATION values (53, '-', 57, 34.06, -38.75, 4.79);
insert into STATION values (54, '-', 57, 32.59, -37.52, -3.99);
insert into STATION values (55, '-', 57, 28.43, -36.77, -1.42);
insert into STATION values (56, '-', 57, 34.66, -38.37, -1.30);
insert into STATION values (57, '-', 57, 39.19, -36.87, -4.76);
insert into STATION values (58, '-', 57, 37.61, -34.47, -4.90);
insert into STATION values (59, '1.7', 57, 34.41, -39.07, -0.07);
insert into STATION values (60, '-', 57, 34.77, -39.42, 5.00);
insert into STATION values (61, '-', 57, 33.33, -40.20, -1.77);
insert into STATION values (62, '-', 57, 34.81, -42.33, 0.40);
insert into STATION values (63, '-', 57, 34.38, -37.09, -0.05);
insert into STATION values (64, '-', 57, 33.75, -42.60, -0.03);
insert into STATION values (65, '-', 57, 35.83, -41.76, 1.30);
insert into STATION values (66, '-', 57, 37.33, -44.23, 4.40);
insert into STATION values (67, '-', 57, 29.21, -40.94, 0.46);
insert into STATION values (68, '-', 57, 35.65, -33.95, 2.94);
insert into STATION values (69, '1.8', 57, 45.74, -43.16, 4.96);
insert into STATION values (70, '-', 57, 45.78, -43.11, 4.32);
insert into STATION values (71, '-', 57, 44.64, -31.26, 4.37);
insert into STATION values (72, '-', 57, 38.92, -44.94, 4.66);
insert into STATION values (73, '-', 57, 42.04, -35.77, -2.14);
insert into STATION values (74, '-', 57, 38.99, -37.54, -2.48);
insert into STATION values (75, '1.9', 57, 48.47, -40.60, 4.63);
insert into STATION values (76, '-', 57, 48.48, -40.62, 4.40);
insert into STATION values (77, '-', 57, 48.44, -40.55, 5.16);
insert into STATION values (78, '-', 57, 46.91, -44.68, 4.57);
insert into STATION values (79, '-', 57, 54.72, -31.43, 4.32);
insert into STATION values (80, '1.10', 57, 54.10, -40.69, 4.57);
insert into STATION values (81, '-', 57, 56.19, -42.19, -0.06);
insert into STATION values (82, '-', 57, 54.16, -40.70, 4.96);
insert into STATION values (83, '-', 57, 63.72, -32.57, 4.56);
insert into STATION values (84, '-', 57, 54.44, -47.28, 3.75);
insert into STATION values (85, '1.11', 57, 66.40, -42.62, 1.90);
insert into STATION values (86, '-', 57, 65.99, -42.45, 4.48);
insert into STATION values (87, '-', 57, 66.24, -42.52, 0.67);
insert into STATION values (88, '-', 57, 60.41, -33.77, 4.96);
insert into STATION values (89, '-', 57, 59.34, -42.81, -1.62);
insert into STATION values (90, '1.12', 57, 73.39, -35.31, 1.51);
insert into STATION values (91, '-', 57, 72.96, -38.85, -1.08);
insert into STATION values (92, '-', 57, 73.01, -36.12, 4.88);
insert into STATION values (93, '-', 57, 74.43, -42.68, 0.98);
insert into STATION values (94, '-', 57, 65.60, -30.82, 4.34);
insert into STATION values (95, '1.13', 57, 73.53, -33.44, 1.94);
insert into STATION values (96, '-', 57, 69.72, -26.79, 3.49);
insert into STATION values (97, '-', 57, 75.61, -21.88, 4.61);
insert into STATION values (98, '-', 57, 83.16, -20.64, 3.96);
insert into STATION values (99, '-', 57, 94.74, -22.00, 5.01);
insert into STATION values (100, '-', 57, 99.11, -23.59, 5.33);
insert into STATION values (101, '-', 57, 96.78, -31.84, 3.07);
insert into STATION values (102, '-', 57, 88.98, -38.99, 2.82);
insert into STATION values (103, '-', 57, 86.04, -40.66, 2.88);
insert into STATION values (104, '-', 57, 79.16, -41.15, 2.77);
insert into STATION values (105, '-', 57, 75.56, -42.85, 2.91);
insert into STATION values (106, '1.14', 57, 70.80, -42.18, 0.38);
insert into STATION values (107, '-', 57, 70.98, -42.17, 2.92);
insert into STATION values (108, '-', 57, 70.77, -42.27, -1.50);
insert into STATION values (109, '-', 57, 69.39, -36.58, 1.00);
insert into STATION values (110, '-', 57, 70.68, -43.30, 0.42);
insert into STATION values (111, '1.15', 57, 68.90, -43.39, -2.43);
insert into STATION values (112, '-', 57, 68.95, -43.31, -1.53);
insert into STATION values (113, '-', 57, 69.06, -43.55, -2.78);
insert into STATION values (114, '-', 57, 68.68, -43.00, -2.42);
insert into STATION values (115, '-', 57, 69.73, -45.07, -1.65);
insert into STATION values (116, '1.16', 57, 67.01, -45.68, -1.63);
insert into STATION values (117, '-', 57, 67.07, -45.68, -1.40);
insert into STATION values (118, '-', 57, 66.92, -45.66, -2.27);
insert into STATION values (119, '-', 57, 67.29, -46.41, -1.62);
insert into STATION values (120, '-', 57, 65.48, -44.44, -2.13);
insert into STATION values (121, '1.17', 57, 57.11, -50.69, -2.59);
insert into STATION values (122, '-', 57, 47.22, -55.71, -3.55);
insert into STATION values (123, '-', 57, 57.08, -50.76, -1.96);
insert into STATION values (124, '-', 57, 56.20, -49.71, -3.42);
insert into STATION values (125, '-', 57, 57.70, -51.54, -2.33);
insert into STATION values (126, '-', 57, 55.40, -48.49, -2.51);
insert into STATION values (127, '1.18', 57, 44.59, -60.11, -2.09);
insert into STATION values (128, '-', 57, 44.61, -60.08, -1.62);
insert into STATION values (129, '-', 57, 46.29, -60.80, -3.20);
insert into STATION values (130, '-', 57, 44.04, -59.40, -1.87);
insert into STATION values (131, '-', 57, 47.74, -60.79, -2.48);
insert into STATION values (132, '1.19', 57, 47.34, -63.48, -2.51);
insert into STATION values (133, '-', 57, 47.33, -63.51, -2.33);
insert into STATION values (134, '-', 57, 47.27, -63.49, -3.45);
insert into STATION values (135, '-', 57, 48.25, -63.24, -2.51);
insert into STATION values (136, '-', 57, 44.93, -63.27, -2.40);
insert into STATION values (137, '-', 57, 49.39, -64.96, -3.08);
insert into STATION values (138, '-', 57, 47.74, -66.36, -3.28);
insert into STATION values (139, '1.20', 57, 40.52, -67.67, -2.40);
insert into STATION values (140, '-', 57, 40.52, -67.73, -2.67);
insert into STATION values (141, '-', 57, 40.64, -67.70, -1.72);
insert into STATION values (142, '-', 57, 41.83, -69.30, -1.84);
insert into STATION values (143, '-', 57, 38.93, -66.23, -1.71);
insert into STATION values (144, '1.21', 57, 38.09, -78.83, -1.58);
insert into STATION values (145, '-', 57, 42.16, -69.05, -1.85);
insert into STATION values (146, '-', 57, 40.59, -67.25, -2.16);
insert into STATION values (147, '-', 57, 38.09, -78.83, -1.58);
insert into STATION values (148, '-', 57, 34.15, -75.03, -1.50);
insert into STATION values (149, '-', 57, 38.70, -79.71, -1.60);
insert into STATION values (150, '-', 57, 36.34, -78.14, -2.83);
insert into STATION values (151, '-', 57, 38.51, -79.70, -4.67);
insert into STATION values (152, '1.22', 57, 24.96, -82.34, -2.04);
insert into STATION values (153, '-', 57, 24.95, -82.32, -1.53);
insert into STATION values (154, '-', 57, 25.11, -83.98, -2.96);
insert into STATION values (155, '-', 57, 26.91, -85.38, -2.13);
insert into STATION values (156, '-', 57, 24.17, -79.99, -1.88);
insert into STATION values (157, '-', 57, 29.75, -77.26, -1.73);
insert into STATION values (158, '1.23', 57, 23.55, -88.87, -1.71);
insert into STATION values (159, '-', 57, 23.65, -88.37, -3.07);
insert into STATION values (160, '-', 57, 23.49, -88.84, -1.44);
insert into STATION values (161, '-', 57, 30.11, -88.01, -2.14);
insert into STATION values (162, '-', 57, 21.06, -90.55, -1.52);
insert into STATION values (163, '-', 57, 14.38, -88.67, -1.61);
insert into STATION values (164, '-', 57, 15.09, -83.66, -3.68);
insert into STATION values (165, '-', 57, 16.97, -82.09, -3.77);
insert into STATION values (166, '1.24', 57, 26.97, -92.58, -1.17);
insert into STATION values (167, '-', 57, 26.72, -92.41, -2.44);
insert into STATION values (168, '-', 57, 27.61, -91.79, 3.56);
insert into STATION values (169, '-', 57, 27.29, -93.01, -1.38);
insert into STATION values (170, '-', 57, 26.12, -91.21, -1.14);
insert into STATION values (171, '-', 57, 24.07, -93.77, -1.65);
insert into STATION values (172, '1.25', 57, 29.94, -88.84, 0.85);
insert into STATION values (173, '-', 57, 31.76, -90.74, 1.33);
insert into STATION values (174, '-', 57, 29.50, -87.86, 0.69);
insert into STATION values (175, '-', 57, 30.54, -89.16, 3.36);
insert into STATION values (176, '-', 57, 29.68, -88.34, -2.53);
insert into STATION values (177, '1.26', 57, 40.78, -83.63, 0.64);
insert into STATION values (178, '-', 57, 40.92, -83.89, 2.14);
insert into STATION values (179, '-', 57, 39.57, -83.48, -1.95);
insert into STATION values (180, '-', 57, 41.20, -84.31, 0.42);
insert into STATION values (181, '-', 57, 39.68, -82.47, -0.16);
insert into STATION values (182, '1.27', 57, 51.01, -79.44, -0.25);
insert into STATION values (183, '-', 57, 51.61, -78.77, 3.07);
insert into STATION values (184, '-', 57, 50.94, -78.49, -2.23);
insert into STATION values (185, '-', 57, 51.40, -80.57, 0.93);
insert into STATION values (186, '-', 57, 50.62, -77.06, -0.23);
insert into STATION values (187, '-', 57, 52.43, -73.27, -4.35);
insert into STATION values (188, '1.28', 57, 61.22, -73.36, -0.42);
insert into STATION values (189, '-', 57, 61.43, -73.60, 2.20);
insert into STATION values (190, '-', 57, 60.60, -72.33, -2.86);
insert into STATION values (191, '-', 57, 60.41, -70.97, -0.21);
insert into STATION values (192, '-', 57, 62.04, -74.37, 0.62);
insert into STATION values (193, '-', 57, 57.26, -74.23, -1.20);
insert into STATION values (194, '1.29', 57, 76.78, -63.25, -0.94);
insert into STATION values (195, '-', 57, 76.91, -63.01, 3.68);
insert into STATION values (196, '-', 57, 76.59, -62.52, -2.43);
insert into STATION values (197, '-', 57, 77.00, -63.80, -0.47);
insert into STATION values (198, '-', 57, 68.18, -68.66, -0.88);
insert into STATION values (199, '-', 57, 75.79, -61.88, -1.21);
insert into STATION values (200, '-', 57, 75.76, -59.06, 1.65);
insert into STATION values (201, '1.30', 57, 84.87, -56.52, -0.23);
insert into STATION values (202, '-', 57, 85.26, -56.84, 1.86);
insert into STATION values (203, '-', 57, 86.18, -56.75, -2.26);
insert into STATION values (204, '-', 57, 85.65, -58.58, -0.43);
insert into STATION values (205, '-', 57, 85.03, -55.64, 1.36);
insert into STATION values (206, '1.31', 57, 89.33, -55.49, -0.78);
insert into STATION values (207, '-', 57, 88.15, -58.08, -2.36);
insert into STATION values (208, '-', 57, 89.39, -54.89, -0.68);
insert into STATION values (209, '-', 57, 87.95, -57.53, -1.05);
insert into STATION values (210, '-', 57, 89.82, -58.55, -1.28);
insert into STATION values (211, '1.32', 57, 86.47, -66.41, -0.40);
insert into STATION values (212, '-', 57, 86.36, -66.21, 1.54);
insert into STATION values (213, '-', 57, 85.22, -67.62, -5.24);
insert into STATION values (214, '-', 57, 86.73, -66.58, -0.39);
insert into STATION values (215, '-', 57, 84.44, -65.57, -0.16);
insert into STATION values (216, '-', 57, 85.84, -66.27, -1.48);
insert into STATION values (217, '1.33', 57, 82.43, -75.84, -0.30);
insert into STATION values (218, '-', 57, 83.00, -76.06, 3.59);
insert into STATION values (219, '-', 57, 83.44, -75.83, -1.52);
insert into STATION values (220, '-', 57, 81.97, -75.47, -0.21);
insert into STATION values (221, '-', 57, 84.99, -76.23, -0.55);
insert into STATION values (222, '-', 57, 85.20, -79.23, -0.46);
insert into STATION values (223, '-', 57, 88.29, -79.81, -0.62);
insert into STATION values (224, '1.34', 57, 91.29, -79.97, -0.03);
insert into STATION values (225, '-', 57, 90.75, -80.53, 3.88);
insert into STATION values (226, '-', 57, 90.96, -80.05, -1.51);
insert into STATION values (227, '-', 57, 89.22, -80.38, -0.27);
insert into STATION values (228, '1.35', 57, 91.04, -92.58, 0.17);
insert into STATION values (229, '-', 57, 90.84, -92.86, 3.83);
insert into STATION values (230, '-', 57, 91.02, -92.49, -1.41);
insert into STATION values (231, '-', 57, 91.77, -92.46, -0.39);
insert into STATION values (232, '-', 57, 88.90, -93.11, 0.25);
insert into STATION values (233, '1.36', 57, 92.71, -98.66, 0.32);
insert into STATION values (234, '-', 57, 93.50, -98.38, 3.07);
insert into STATION values (235, '-', 57, 92.60, -98.27, -1.60);
insert into STATION values (236, '-', 57, 92.17, -98.68, -0.33);
insert into STATION values (237, '-', 57, 94.83, -98.01, 0.25);
insert into STATION values (238, '-', 57, 93.20, -101.22, -2.97);
insert into STATION values (239, '1.37', 57, 95.31, -105.78, 0.12);
insert into STATION values (240, '-', 57, 95.39, -105.86, 2.67);
insert into STATION values (241, '-', 57, 95.74, -105.53, -1.48);
insert into STATION values (242, '-', 57, 94.85, -105.99, 0.00);
insert into STATION values (243, '-', 57, 97.15, -104.40, 0.10);
insert into STATION values (244, '1.38', 57, 101.69, -108.89, 0.02);
insert into STATION values (245, '-', 57, 101.10, -109.68, 2.73);
insert into STATION values (246, '-', 57, 100.17, -109.60, -1.61);
insert into STATION values (247, '-', 57, 102.06, -108.50, 0.01);
insert into STATION values (248, '-', 57, 99.25, -109.83, -0.14);
insert into STATION values (249, '1.39', 57, 99.32, -118.67, 0.27);
insert into STATION values (250, '-', 57, 99.48, -118.06, 3.01);
insert into STATION values (251, '-', 57, 99.57, -117.98, -1.69);
insert into STATION values (252, '-', 57, 100.74, -115.16, 0.31);
insert into STATION values (253, '-', 57, 100.86, -119.90, 0.00);
insert into STATION values (254, '-', 57, 97.08, -117.53, 0.53);
insert into STATION values (255, '1.40', 57, 95.91, -127.99, 0.55);
insert into STATION values (256, '-', 57, 96.51, -127.65, 2.92);
insert into STATION values (257, '-', 57, 96.54, -127.41, -1.28);
insert into STATION values (258, '-', 57, 95.29, -128.25, 0.03);
insert into STATION values (259, '-', 57, 97.93, -126.59, 0.14);
insert into STATION values (260, '-', 57, 97.76, -125.25, -0.01);
insert into STATION values (261, '-', 57, 98.98, -128.07, 0.29);
insert into STATION values (262, '1.41', 57, 100.09, -128.54, 0.45);
insert into STATION values (263, '-', 57, 100.04, -130.28, 4.38);
insert into STATION values (264, '-', 57, 100.30, -129.04, -1.25);
insert into STATION values (265, '-', 57, 100.19, -130.84, 0.38);
insert into STATION values (266, '-', 57, 100.03, -127.95, 0.03);
insert into STATION values (267, '1.42', 57, 110.85, -124.70, 0.65);
insert into STATION values (268, '-', 57, 111.18, -125.23, 2.97);
insert into STATION values (269, '-', 57, 111.11, -125.28, -0.98);
insert into STATION values (270, '-', 57, 110.55, -124.23, 0.49);
insert into STATION values (271, '-', 57, 111.70, -126.22, 0.56);
insert into STATION values (272, '-', 57, 106.91, -126.79, 0.43);
insert into STATION values (273, '1.43', 57, 115.35, -122.89, 0.94);
insert into STATION values (274, '-', 57, 114.90, -122.30, 2.34);
insert into STATION values (275, '-', 57, 115.35, -122.97, -1.02);
insert into STATION values (276, '-', 57, 114.37, -121.39, 0.60);
insert into STATION values (277, '-', 57, 115.54, -123.15, 0.92);
insert into STATION values (278, '-', 57, 114.64, -120.03, -3.35);
insert into STATION values (279, '103.2', 57, -0.02, -1.10, 3.70);
insert into STATION values (280, '103.1', 57, -5.58, 4.27, 3.64);
insert into STATION values (281, '103.0', 57, -7.54, 7.51, 5.27);
insert into STATION values (282, '-', 57, -5.59, 4.26, 3.65);
insert into STATION values (283, '-', 57, -6.84, 7.90, 5.36);
insert into STATION values (284, '-', 57, -8.20, 7.23, 5.12);
insert into STATION values (285, '-', 57, -7.51, 7.74, 6.06);
insert into STATION values (286, '-', 57, -7.53, 7.43, 5.00);
insert into STATION values (287, '-', 57, -8.22, 5.25, 4.20);
insert into STATION values (288, '-', 57, -6.77, 4.86, 4.31);
insert into STATION values (289, '-', 57, -5.06, 7.14, 4.99);
insert into STATION values (290, '-', 57, -5.33, 5.91, 4.23);
insert into STATION values (291, '-', 57, -5.34, 4.53, 4.75);
insert into STATION values (292, '-', 57, -5.32, 4.40, 3.18);
insert into STATION values (293, '-', 57, -5.05, 4.34, 3.70);
insert into STATION values (294, '-', 57, -5.59, 3.98, 3.60);
insert into STATION values (295, '-', 57, -5.55, 3.05, 3.71);
insert into STATION values (296, '-', 57, -5.10, 3.89, 3.67);
insert into STATION values (297, '-', 57, -4.75, 2.90, 3.53);
insert into STATION values (298, '-', 57, -4.03, 2.54, 3.71);
insert into STATION values (299, '-', 57, -3.75, 2.19, 3.21);
insert into STATION values (300, '-', 57, 1.89, 0.19, 2.98);
insert into STATION values (301, '-', 57, -0.16, -0.82, 4.72);
insert into STATION values (302, '-', 57, -0.18, 0.29, 3.36);
insert into STATION values (303, '-', 57, -1.52, 1.00, 3.58);
insert into STATION values (304, '-', 57, -2.15, -1.38, 4.10);
insert into STATION values (305, '-', 57, -3.53, 1.94, 4.30);
insert into STATION values (306, '-', 57, -2.94, 0.56, 4.00);
insert into STATION values (307, '-', 57, -3.35, 2.52, 3.56);
insert into STATION values (308, '-', 57, -3.25, 1.86, 3.66);
insert into STATION values (309, '-', 57, -0.86, -0.80, 2.54);
insert into STATION values (310, '-', 57, 1.44, 0.71, -0.07);
insert into STATION values (311, '-', 57, -0.11, 1.36, 0.03);
insert into STATION values (312, '-', 57, 0.46, -0.02, -0.57);
insert into STATION values (313, '-', 57, 0.41, -0.26, 3.57);
insert into STATION values (314, '-', 57, -0.94, -0.06, 0.72);
insert into STATION values (315, '-', 57, 0.15, -1.96, 0.48);
insert into STATION values (316, '104.1', 57, 33.77, -43.15, 4.20);
insert into STATION values (317, '-', 57, 33.88, -43.21, 4.17);
insert into STATION values (318, '-', 57, 33.70, -42.77, 5.55);
insert into STATION values (319, '-', 57, 32.86, -41.52, -1.43);
insert into STATION values (320, '-', 57, 29.90, -41.61, 4.83);
insert into STATION values (321, '-', 57, 39.66, -45.97, 4.96);
insert into STATION values (322, '-', 57, 36.17, -47.18, 4.96);
insert into STATION values (323, '104.2', 57, 29.35, -44.89, 5.09);
insert into STATION values (324, '-', 57, 29.72, -45.25, 5.72);
insert into STATION values (325, '-', 57, 29.18, -45.11, 4.56);
insert into STATION values (326, '-', 57, 28.72, -41.90, 4.68);
insert into STATION values (327, '-', 57, 23.55, -53.59, 5.06);
insert into STATION values (328, '104.3', 57, 17.23, -46.67, 4.47);
insert into STATION values (329, '-', 57, 17.36, -47.11, 5.11);
insert into STATION values (330, '-', 57, 17.61, -46.97, 3.94);
insert into STATION values (331, '-', 57, 19.80, -52.73, 5.57);
insert into STATION values (332, '-', 57, 17.20, -46.50, 4.08);
insert into STATION values (333, '-', 57, 20.22, -45.22, 4.41);
insert into STATION values (334, '104.4', 57, 8.11, -54.14, 4.69);
insert into STATION values (335, '-', 57, 8.69, -53.85, 5.80);
insert into STATION values (336, '-', 57, 8.35, -54.07, 4.44);
insert into STATION values (337, '-', 57, 8.55, -51.22, 5.27);
insert into STATION values (338, '-', 57, 11.86, -49.62, 5.02);
insert into STATION values (339, '-', 57, 6.23, -54.37, 5.09);
insert into STATION values (340, '-', 57, 1.67, -55.03, 6.03);
insert into STATION values (341, '-', 57, 12.90, -61.44, 4.22);
insert into STATION values (342, '104.5', 57, 1.52, -60.46, 4.97);
insert into STATION values (343, '-', 57, 1.49, -60.49, 5.64);
insert into STATION values (344, '-', 57, 2.21, -61.05, 4.45);
insert into STATION values (345, '-', 57, -2.49, -56.70, 4.82);
insert into STATION values (346, '-', 57, -5.85, -61.68, 5.54);
insert into STATION values (347, '-', 57, 2.95, -68.67, 4.16);
insert into STATION values (348, '-', 57, 11.68, -62.77, 4.43);
insert into STATION values (349, '-', 57, 6.84, -56.72, 4.35);
insert into STATION values (350, '104.6', 57, -16.44, -74.59, 5.30);
insert into STATION values (351, '-', 57, -18.10, -68.04, 3.92);
insert into STATION values (352, '-', 57, -8.57, -66.34, 5.00);
insert into STATION values (353, '-', 57, -10.34, -73.41, 4.84);
insert into STATION values (354, '-', 57, -16.15, -74.60, 5.48);
insert into STATION values (355, '-', 57, -16.27, -74.12, 4.84);
insert into STATION values (356, '-', 57, -14.09, -78.66, 5.24);
insert into STATION values (357, '104.7', 57, -17.95, -76.04, 6.13);
insert into STATION values (358, '-', 57, -18.03, -76.20, 6.40);
insert into STATION values (359, '-', 57, -17.74, -76.41, 5.50);
insert into STATION values (360, '-', 57, -17.76, -76.49, 5.80);
insert into STATION values (361, '-', 57, -18.08, -75.77, 6.05);
insert into STATION values (362, '104.8', 57, -27.20, -75.06, 6.55);
insert into STATION values (363, '-', 57, -26.78, -70.22, 6.68);
insert into STATION values (364, '-', 57, -21.49, -71.06, 6.13);
insert into STATION values (365, '-', 57, -23.52, -82.12, 6.77);
insert into STATION values (366, '-', 57, -20.99, -81.29, 6.71);
insert into STATION values (367, '-', 57, -28.33, -82.42, 6.53);
insert into STATION values (368, '-', 57, -27.18, -75.15, 6.74);
insert into STATION values (369, '-', 57, -24.94, -76.02, 6.35);
insert into STATION values (370, '-', 57, -40.39, -85.23, 6.13);
insert into STATION values (371, '-', 57, -32.16, -70.69, 6.72);
insert into STATION values (372, '104.9', 57, -45.74, -79.86, 6.48);
insert into STATION values (373, '-', 57, -45.33, -79.64, 7.19);
insert into STATION values (374, '-', 57, -45.62, -75.78, 6.68);
insert into STATION values (375, '-', 57, -41.35, -73.03, 6.60);
insert into STATION values (376, '-', 57, -40.88, -85.53, 6.27);
insert into STATION values (377, '-', 57, -40.78, -80.39, 4.27);
insert into STATION values (378, '-', 57, -50.08, -76.25, 7.25);
insert into STATION values (379, '-', 57, -50.66, -85.39, 7.54);
insert into STATION values (380, '104.10', 57, -52.70, -78.83, 8.77);
insert into STATION values (381, '-', 57, -52.72, -79.00, 8.99);
insert into STATION values (382, '-', 57, -50.15, -81.03, 6.38);
insert into STATION values (383, '-', 57, -44.35, -83.22, 7.74);
insert into STATION values (384, '-', 57, -46.44, -77.76, 7.48);
insert into STATION values (385, '-', 57, -52.68, -78.24, 8.77);
insert into STATION values (386, '-', 57, -53.10, -85.49, 8.40);
insert into STATION values (387, '-', 57, -56.97, -82.04, 8.79);
insert into STATION values (388, '-', 57, 1.52, -60.46, 4.97);
insert into STATION values (389, '104.11', 57, -2.80, -68.43, 4.45);
insert into STATION values (390, '-', 57, -3.42, -70.53, 4.08);
insert into STATION values (391, '-', 57, -5.49, -67.68, 4.23);
insert into STATION values (392, '104.12', 57, -19.13, -73.38, 4.96);
insert into STATION values (393, '105.0', 57, 45.74, 6.84, 4.96);
insert into STATION values (394, '106.0', 57, 47.34, -63.48, -2.50);
insert into STATION values (395, '-', 57, 49.97, -65.49, -3.02);
insert into STATION values (396, '-', 57, 47.58, -65.54, -3.01);
insert into STATION values (397, '-', 57, 48.96, -67.36, -3.24);
insert into STATION values (398, '-', 57, 50.30, -68.43, -3.35);
insert into STATION values (399, '106.1', 57, 52.07, -69.62, -3.41);
insert into STATION values (400, '-', 57, 53.32, -66.41, -2.94);
insert into STATION values (401, '-', 57, 50.22, -65.52, -2.97);
insert into STATION values (402, '-', 57, 50.58, -69.19, -3.24);
insert into STATION values (403, '-', 57, 51.33, -69.74, -3.32);
insert into STATION values (404, '106.2', 57, 51.66, -70.76, -3.55);
insert into STATION values (405, '-', 57, 51.85, -70.78, -3.12);
insert into STATION values (406, '-', 57, 51.94, -70.50, -4.23);
insert into STATION values (407, '-', 57, 52.21, -70.91, -3.53);
insert into STATION values (408, '-', 57, 52.10, -70.31, -3.59);
insert into STATION values (409, '106.3', 57, 53.27, -70.58, -3.46);
insert into STATION values (410, '-', 57, 53.37, -70.17, -3.45);
insert into STATION values (411, '-', 57, 52.99, -70.10, -3.41);
insert into STATION values (412, '-', 57, 53.22, -71.08, -4.07);
insert into STATION values (413, '-', 57, 53.11, -70.81, -3.13);
insert into STATION values (414, '-', 57, 52.79, -70.80, -3.57);
insert into STATION values (415, '106.4', 57, 53.22, -72.80, -3.44);
insert into STATION values (416, '-', 57, 53.01, -72.71, -4.40);
insert into STATION values (417, '-', 57, 53.37, -72.92, -2.96);
insert into STATION values (418, '-', 57, 53.75, -72.31, -3.49);
insert into STATION values (419, '-', 57, 53.60, -73.12, -3.51);
insert into STATION values (420, '-', 57, 53.96, -72.77, -3.52);
insert into STATION values (421, '-', 57, 53.29, -71.46, -3.55);
insert into STATION values (422, '106.5', 57, 52.05, -78.57, -5.69);
insert into STATION values (423, '-', 57, 52.05, -78.57, -5.69);
insert into STATION values (424, '-', 57, 52.51, -79.34, -5.59);
insert into STATION values (425, '-', 57, 52.42, -73.72, -4.27);
insert into STATION values (426, '-', 57, 53.11, -74.69, -4.36);
insert into STATION values (427, '-', 57, 54.07, -76.26, -4.92);
insert into STATION values (428, '-', 57, 55.34, -77.64, -5.20);
insert into STATION values (429, '-', 57, 42.05, -83.38, -5.20);
insert into STATION values (430, '-', 57, 50.09, -75.34, -3.94);
insert into STATION values (431, '1.42', 412, 110.85, -124.70, 0.65);
insert into STATION values (432, '1.43', 412, 115.35, -122.89, 0.94);
insert into STATION values (433, '1.44', 412, 117.66, -119.15, 1.11);
insert into STATION values (434, '1.45', 412, 124.94, -119.48, 1.02);
insert into STATION values (435, '1.46', 412, 130.13, -113.14, 0.59);
insert into STATION values (436, '1.47', 412, 138.71, -103.46, 0.82);
insert into STATION values (437, '1.48', 412, 144.50, -107.32, 1.06);
insert into STATION values (438, '1.49', 412, 148.39, -116.54, 0.81);
insert into STATION values (439, '1.50', 412, 152.84, -115.14, 1.03);
insert into STATION values (440, '1.51', 412, 164.85, -117.62, 0.79);
insert into STATION values (441, '1.52', 412, 169.67, -119.02, 0.75);
insert into STATION values (442, '1.53', 412, 174.89, -125.97, 0.78);
insert into STATION values (443, '1.54', 412, 156.78, -138.12, 1.74);
insert into STATION values (444, '1.55', 412, 159.29, -150.34, 2.06);
insert into STATION values (445, '1.56', 412, 146.38, -157.87, 1.97);
insert into STATION values (446, '1.57', 412, 145.21, -168.36, 1.69);
insert into STATION values (447, '1.58', 412, 147.19, -181.01, 2.62);
insert into STATION values (448, '2.0', 412, 174.89, -125.97, 0.78);
insert into STATION values (449, '2.1', 412, 188.71, -108.83, 2.13);
insert into STATION values (450, '2.2', 412, 216.06, -104.78, 1.05);
insert into STATION values (451, '2.3', 412, 243.88, -98.62, 1.71);
insert into STATION values (452, '2.4', 412, 251.90, -103.01, 2.15);
insert into STATION values (453, '2.5', 412, 261.28, -122.76, 2.22);
insert into STATION values (454, '2.6', 412, 285.99, -97.04, 1.57);
insert into STATION values (455, '2.7', 412, 300.44, -85.38, 0.99);
insert into STATION values (456, '2.8', 412, 320.41, -71.69, 2.90);
insert into STATION values (457, '2.9', 412, 325.70, -75.26, 1.83);
insert into STATION values (458, '2.10', 412, 336.85, -80.47, 1.39);
insert into STATION values (459, '2.11', 412, 351.85, -73.96, 3.52);
insert into STATION values (460, '2.12', 412, 367.51, -71.88, 1.10);
insert into STATION values (461, '2.13', 412, 381.43, -60.57, 1.94);
insert into STATION values (462, '2.14', 412, 384.34, -57.10, 3.95);
insert into STATION values (463, '2.15', 412, 399.31, -34.31, 2.70);
insert into STATION values (464, '2.16', 412, 403.78, -21.99, 3.38);
insert into STATION values (465, '2.17', 412, 407.09, -11.58, 2.78);
insert into STATION values (466, '2.18', 412, 406.23, 2.62, 1.47);
insert into STATION values (467, '2.19', 412, 405.36, 19.08, 0.94);
insert into STATION values (468, '2.20', 412, 418.32, 41.42, 0.68);
insert into STATION values (469, '2.21', 412, 422.72, 56.26, -1.21);
insert into STATION values (470, '2.22', 412, 434.60, 66.45, 1.58);
insert into STATION values (471, '2.23', 412, 435.90, 81.91, 2.66);
insert into STATION values (472, '2.24', 412, 439.44, 87.74, -1.15);
insert into STATION values (473, '2.25', 412, 439.43, 95.48, -2.89);
insert into STATION values (474, '2.26', 412, 442.21, 98.65, -1.81);
insert into STATION values (475, '2.27', 412, 441.32, 100.05, -0.65);
insert into STATION values (476, '2.28', 412, 446.10, 103.55, 1.90);
insert into STATION values (477, '2.29', 412, 449.01, 106.08, 2.10);
insert into STATION values (478, '2.30', 412, 452.01, 113.60, 0.15);
insert into STATION values (479, '2.31', 412, 458.48, 125.83, -0.10);
insert into STATION values (480, '2.32', 412, 460.18, 132.16, -2.17);
insert into STATION values (481, '2.33', 412, 463.55, 140.32, -2.43);
insert into STATION values (482, '2.34', 412, 466.61, 147.13, -2.74);
insert into STATION values (483, '2.35', 412, 469.54, 150.08, -2.30);
insert into STATION values (484, '2.36', 412, 470.98, 156.45, -1.30);
insert into STATION values (485, '2.37', 412, 477.27, 169.04, -1.10);
insert into STATION values (486, '2.38', 412, 486.68, 185.50, -3.01);
insert into STATION values (487, '2.39', 412, 493.26, 194.94, -2.12);
insert into STATION values (488, '2.40', 412, 498.76, 203.01, -2.49);
insert into STATION values (489, '2.41', 412, 501.76, 208.43, -2.65);
insert into STATION values (490, '2.42', 412, 508.13, 214.54, -2.64);
insert into STATION values (491, '2.43', 412, 510.34, 221.24, -2.44);
insert into STATION values (492, '2.44', 412, 519.84, 227.03, -2.47);
insert into STATION values (493, '2.45', 412, 524.27, 230.55, -3.85);
insert into STATION values (494, '2.46', 412, 533.25, 240.19, -3.01);
insert into STATION values (495, '2.47', 412, 537.29, 241.44, -3.50);
insert into STATION values (496, '2.48', 412, 539.03, 247.77, -3.37);
insert into STATION values (497, '2.49', 412, 542.23, 254.38, -2.93);
insert into STATION values (498, '2.50', 412, 550.46, 263.41, -1.67);
insert into STATION values (499, '2.51', 412, 553.55, 278.89, -0.44);
insert into STATION values (500, '2.52', 412, 555.69, 283.48, -3.09);
insert into STATION values (501, '2.53', 412, 591.04, 301.51, -5.24);
insert into STATION values (502, '2.54', 412, 609.01, 321.77, -5.70);
insert into STATION values (503, '2.55', 412, 636.09, 331.90, -5.89);
insert into STATION values (504, '2.56', 412, 657.60, 333.38, -5.93);
insert into STATION values (505, '2.57', 412, 682.55, 326.05, -6.11);
insert into STATION values (506, '2.58', 412, 717.15, 317.94, -6.74);
insert into STATION values (507, '2.59', 412, 745.45, 326.55, -6.35);
insert into STATION values (508, '2.60', 412, 777.44, 327.74, -5.60);
insert into STATION values (509, '2.61', 412, 809.75, 349.43, -6.41);
insert into STATION values (510, '2.62', 412, 826.48, 379.20, -4.84);
insert into STATION values (511, '2.63', 412, 842.27, 394.72, -6.01);
insert into STATION values (512, '2.64', 412, 862.59, 400.06, -3.96);
insert into STATION values (513, '2.64', 597, 862.59, 400.06, -3.96);
insert into STATION values (514, '2.65', 597, 871.03, 428.35, -5.93);
insert into STATION values (515, '2.66', 597, 865.65, 447.56, -6.76);
insert into STATION values (516, '2.67', 597, 884.64, 458.78, -6.24);
insert into STATION values (517, '2.68', 597, 910.25, 456.74, -6.60);
insert into STATION values (518, '2.69', 597, 932.07, 452.33, -6.25);
insert into STATION values (519, '2.70', 597, 943.40, 419.16, -2.42);
insert into STATION values (520, '2.71', 597, 969.31, 432.54, -5.58);
insert into STATION values (521, '2.72', 597, 997.41, 444.95, -7.04);
insert into STATION values (522, '2.73', 597, 1016.29, 463.95, -4.84);
insert into STATION values (523, '2.74', 597, 1038.30, 474.94, -0.29);
insert into STATION values (524, '2.75', 597, 1062.16, 489.73, 1.24);
insert into STATION values (525, '2.76', 597, 1092.00, 479.59, -5.81);
insert into STATION values (526, '2.77', 597, 1126.88, 495.03, -3.14);
insert into STATION values (527, '2.78', 597, 1133.39, 519.33, -0.60);
insert into STATION values (528, '2.79', 597, 1154.61, 527.23, -8.84);
insert into STATION values (529, '2.80', 597, 1175.96, 564.42, 14.14);
insert into STATION values (530, '2.81', 597, 1192.70, 566.04, 25.59);
insert into STATION values (531, '2.82', 597, 1195.86, 565.87, 26.75);
insert into STATION values (532, '2.83', 597, 1211.19, 580.57, 25.42);
insert into STATION values (533, '2.84', 597, 1215.96, 588.09, 22.44);
insert into STATION values (534, '2.85', 597, 1219.42, 596.14, 17.27);
insert into STATION values (535, '2.86', 597, 1225.64, 593.91, 15.28);
insert into STATION values (536, '2.87', 597, 1233.22, 601.83, 7.03);
insert into STATION values (537, '2.88', 597, 1247.39, 612.96, 5.71);
insert into STATION values (538, '2.89', 597, 1241.51, 624.19, 2.00);
insert into STATION values (539, '2.90', 597, 1239.36, 642.42, -3.34);
insert into STATION values (540, '2.91', 597, 1255.71, 658.06, -3.42);
insert into STATION values (541, '2.92', 597, 1268.50, 646.81, -3.86);
insert into STATION values (542, '2.93', 597, 1282.80, 657.18, -3.94);
insert into STATION values (543, '2.94', 597, 1297.84, 646.00, 2.34);
insert into STATION values (544, '2.95', 597, 1322.58, 659.49, -0.62);
insert into STATION values (545, '201.1', 597, 1254.64, 609.53, 4.77);
insert into STATION values (546, '202.1', 597, 1268.33, 594.13, 3.85);
insert into STATION values (547, '201.2', 597, 1304.23, 609.34, 3.12);
insert into STATION values (548, '201.3', 597, 1306.20, 631.57, 3.78);
insert into STATION values (549, '2.96', 597, 1335.01, 674.22, -5.15);
insert into STATION values (550, '2.97', 597, 1357.49, 666.82, 1.16);
insert into STATION values (551, '2.98', 597, 1365.04, 658.33, 4.50);
insert into STATION values (552, '2.99', 597, 1414.12, 644.01, 21.17);
insert into STATION values (553, '3.0', 597, 1357.49, 666.82, 1.16);
insert into STATION values (554, '205.0', 597, 1255.71, 558.06, -3.42);
insert into STATION values (555, '3.1', 597, 1355.89, 660.39, -1.14);
insert into STATION values (556, '3.2', 597, 1365.64, 652.01, -1.79);
insert into STATION values (557, '3.3', 597, 1385.31, 638.57, -2.13);
insert into STATION values (558, '3.4', 597, 1374.52, 634.12, -2.71);
insert into STATION values (559, '3.5', 597, 1395.33, 613.24, -1.97);
insert into STATION values (560, '3.6', 597, 1406.56, 602.50, -3.15);
insert into STATION values (561, '3.7', 597, 1413.88, 608.24, -2.37);
insert into STATION values (562, '3.8', 597, 1421.58, 597.92, -0.30);
insert into STATION values (563, '3.9', 597, 1427.83, 591.32, -1.66);
insert into STATION values (564, '3.10', 597, 1448.50, 566.33, -3.28);
insert into STATION values (565, '203.1', 597, 1329.42, 668.36, -9.97);
insert into STATION values (566, '204.1', 597, 1290.02, 667.34, -5.30);
insert into STATION values (567, '204.2', 597, 1287.43, 667.66, -3.92);
insert into STATION values (568, '4.1', 597, 1134.19, 542.26, 5.23);
insert into STATION values (569, '4.2', 597, 1117.44, 545.83, 8.31);
insert into STATION values (570, '4.3', 597, 1113.31, 569.02, 9.50);
insert into STATION values (571, '4.4', 597, 1098.97, 593.29, 10.82);
insert into STATION values (572, '4.5', 597, 1068.39, 610.44, 7.39);
insert into STATION values (573, '4.6', 597, 1045.17, 614.73, 7.62);
insert into STATION values (574, '4.7', 597, 1005.60, 611.84, 7.44);
insert into STATION values (575, '4.8', 597, 981.62, 614.03, 7.63);
insert into STATION values (576, '4.9', 597, 983.29, 579.80, 7.52);
insert into STATION values (577, '4.10', 597, 970.71, 574.65, 7.22);
insert into STATION values (578, '4.11', 597, 957.23, 575.29, 7.09);
insert into STATION values (579, '4.12', 597, 947.38, 565.92, 7.03);
insert into STATION values (580, '4.13', 597, 942.19, 554.47, 6.55);
insert into STATION values (581, '4.14', 597, 934.98, 546.68, 6.41);
insert into STATION values (582, '4.15', 597, 925.73, 532.58, 7.09);
insert into STATION values (583, '4.16', 597, 922.06, 520.85, 6.71);
insert into STATION values (584, '4.17', 597, 911.74, 515.04, 7.33);
insert into STATION values (585, '4.18', 597, 903.87, 504.33, 6.35);
insert into STATION values (586, '4.19', 597, 903.45, 501.41, 6.13);
insert into STATION values (587, '3.10', 1086, 1448.50, 566.33, -3.28);
insert into STATION values (588, '3.11', 1086, 1461.42, 568.44, -4.03);
insert into STATION values (589, '3.12', 1086, 1461.08, 568.57, -6.38);
insert into STATION values (590, '3.13', 1086, 1463.48, 566.48, -6.68);
insert into STATION values (591, '3.14', 1086, 1464.63, 566.78, -6.74);
insert into STATION values (592, '3.15', 1086, 1466.77, 565.58, -6.73);
insert into STATION values (593, '3.16', 1086, 1466.95, 565.57, -6.75);
insert into STATION values (594, '3.17', 1086, 1470.58, 564.60, -6.95);
insert into STATION values (595, '3.18', 1086, 1471.51, 563.05, -7.14);
insert into STATION values (596, '3.19', 1086, 1473.32, 563.62, -7.07);
insert into STATION values (597, '3.20', 1086, 1477.72, 561.74, -7.38);
insert into STATION values (598, '3.21', 1086, 1480.87, 563.18, -6.92);
insert into STATION values (599, '3.22', 1086, 1482.70, 561.72, -9.20);
insert into STATION values (600, '3.23', 1086, 1486.01, 560.19, -10.08);
insert into STATION values (601, '3.24', 1086, 1485.47, 559.06, -9.94);
insert into STATION values (602, '3.25', 1086, 1488.67, 556.97, -10.02);
insert into STATION values (603, '3.26', 1086, 1490.98, 553.28, -9.94);
insert into STATION values (604, '3.27', 1086, 1493.24, 546.48, -10.52);
insert into STATION values (605, '3.28', 1086, 1494.47, 540.77, -10.81);
insert into STATION values (606, '3.29', 1086, 1497.06, 536.75, -10.51);
insert into STATION values (607, '3.30', 1086, 1501.76, 529.38, -10.20);
insert into STATION values (608, '3.31', 1086, 1498.93, 524.35, -10.39);
insert into STATION values (609, '3.32', 1086, 1498.86, 510.01, -10.37);
insert into STATION values (610, '3.33', 1086, 1501.16, 504.45, -10.25);
insert into STATION values (611, '3.34', 1086, 1506.71, 500.66, -10.53);
insert into STATION values (612, '3.35', 1086, 1507.89, 497.71, -10.65);
insert into STATION values (613, '3.36', 1086, 1511.92, 492.51, -10.44);
insert into STATION values (614, '3.37', 1086, 1520.30, 484.23, -11.03);
insert into STATION values (615, '3.38', 1086, 1529.45, 490.20, -10.52);
insert into STATION values (616, '3.39', 1086, 1530.65, 502.05, -10.55);
insert into STATION values (617, '3.40', 1086, 1534.64, 509.27, -10.62);
insert into STATION values (618, '3.41', 1086, 1535.49, 516.53, -10.54);
insert into STATION values (619, '3.42', 1086, 1542.74, 525.06, -10.48);
insert into STATION values (620, '3.43', 1086, 1539.05, 542.81, -9.52);
insert into STATION values (621, '3.44', 1086, 1547.81, 547.21, -9.65);
insert into STATION values (622, '3.45', 1086, 1548.67, 555.56, -9.35);
insert into STATION values (623, '3.46', 1086, 1551.66, 559.72, -9.13);
insert into STATION values (624, '3.47', 1086, 1552.53, 561.95, -9.76);
insert into STATION values (625, '3.48', 1086, 1555.79, 566.46, -10.06);
insert into STATION values (626, '3.49', 1086, 1559.94, 565.17, -8.49);
insert into STATION values (627, '3.50', 1086, 1560.22, 573.49, -8.08);
insert into STATION values (628, '3.51', 1086, 1571.75, 583.79, -8.08);
insert into STATION values (629, '3.52', 1086, 1572.26, 588.35, -8.07);
insert into STATION values (630, '3.53', 1086, 1582.61, 596.07, -7.96);
insert into STATION values (631, '3.54', 1086, 1592.53, 596.93, -9.73);
insert into STATION values (632, '3.55', 1086, 1607.02, 598.78, -9.10);
insert into STATION values (633, '3.56', 1086, 1612.87, 613.19, -8.33);
insert into STATION values (634, '3.57', 1086, 1634.34, 619.29, -8.82);
insert into STATION values (635, '3.58', 1086, 1636.17, 629.48, -8.02);
insert into STATION values (636, '3.59', 1086, 1634.98, 642.48, -7.69);
insert into STATION values (637, '3.60', 1086, 1633.67, 655.45, -7.33);
insert into STATION values (638, '3.61', 1086, 1629.71, 658.68, -7.38);
insert into STATION values (639, '3.62', 1086, 1636.73, 669.30, -8.06);
insert into STATION values (640, '3.63', 1086, 1632.30, 678.82, -8.30);
insert into STATION values (641, '3.64', 1086, 1636.75, 692.37, -7.76);
insert into STATION values (642, '3.65', 1086, 1640.62, 710.66, -7.97);
insert into STATION values (643, '3.66', 1086, 1657.22, 721.65, -7.48);
insert into STATION values (644, '3.67', 1086, 1657.86, 732.92, -7.35);
insert into STATION values (645, '3.68', 1086, 1647.04, 744.09, -7.82);
insert into STATION values (646, '3.69', 1086, 1651.50, 762.73, -6.96);
insert into STATION values (647, '3.70', 1086, 1642.13, 782.14, -6.87);
insert into STATION values (648, '3.71', 1086, 1651.71, 786.95, -7.16);
insert into STATION values (649, '3.72', 1086, 1651.27, 800.84, -7.23);
insert into STATION values (650, '3.73', 1086, 1646.62, 808.74, -7.19);
insert into STATION values (651, '3.74', 1086, 1644.16, 813.67, -7.29);
insert into STATION values (652, '3.75', 1086, 1642.70, 820.78, -7.42);
insert into STATION values (653, '3.76', 1086, 1643.76, 823.39, -6.38);
insert into STATION values (654, '3.77', 1086, 1641.99, 826.19, -6.33);
insert into STATION values (655, '3.78', 1086, 1641.89, 827.89, -6.11);
insert into STATION values (656, '3.79', 1086, 1642.11, 833.71, -7.29);
insert into STATION values (657, '3.80', 1086, 1641.28, 842.40, -7.41);
insert into STATION values (658, '3.81', 1086, 1636.95, 857.84, -6.59);
insert into STATION values (659, '3.82', 1086, 1627.66, 877.88, -5.56);
insert into STATION values (660, '3.83', 1086, 1629.84, 895.35, -6.02);
insert into STATION values (661, '3.84', 1086, 1623.28, 902.01, -4.95);
insert into STATION values (662, '3.85', 1086, 1633.64, 910.59, -6.21);
insert into STATION values (663, '3.86', 1086, 1647.55, 919.72, -7.54);
insert into STATION values (664, '3.87', 1086, 1662.15, 937.46, -6.63);
insert into STATION values (665, '3.88', 1086, 1663.46, 948.87, -4.45);
insert into STATION values (666, '3.89', 1086, 1671.62, 953.55, -4.57);
insert into STATION values (667, '3.90', 1086, 1678.05, 989.58, -3.78);
insert into STATION values (668, '3.91', 1086, 1683.11, 989.73, -3.90);
insert into STATION values (669, '3.92', 1086, 1697.95, 996.53, -7.88);
insert into STATION values (670, '3.93', 1086, 1710.89, 1017.55, -9.76);
insert into STATION values (671, '3.94', 1086, 1712.99, 1034.17, -10.69);
insert into STATION values (672, '3.95', 1086, 1729.15, 1039.08, -10.47);
insert into STATION values (673, '3.96', 1086, 1741.67, 1049.60, -10.29);
insert into STATION values (674, '3.97', 1086, 1749.48, 1065.68, -10.46);
insert into STATION values (675, '3.98', 1086, 1765.11, 1074.96, -10.18);
insert into STATION values (676, '3.99', 1086, 1768.29, 1081.71, -10.15);
insert into STATION values (677, '3.100', 1086, 1778.90, 1087.28, -9.05);
insert into STATION values (678, '3.101', 1086, 1785.89, 1094.00, -10.80);
insert into STATION values (679, '3.102', 1086, 1796.66, 1096.56, -5.26);
insert into STATION values (680, '3.103', 1086, 1794.54, 1108.01, 0.36);
insert into STATION values (681, '3.104', 1086, 1799.76, 1116.91, 0.44);
insert into STATION values (682, '5.1', 1086, 1750.91, 1077.61, 0.25);
insert into STATION values (683, '5.2', 1086, 1739.49, 1094.39, 2.69);
insert into STATION values (684, '3.105', 1086, 1815.85, 1104.32, 0.35);
insert into STATION values (685, '3.106', 1086, 1856.38, 1124.20, 2.07);
insert into STATION values (686, '3.107', 1086, 1863.48, 1165.17, 2.07);
insert into STATION values (687, '3.108', 1086, 1881.87, 1196.18, 2.49);
insert into STATION values (688, '3.109', 1086, 1888.95, 1231.78, 1.97);
insert into STATION values (689, '3.110', 1086, 1914.47, 1264.22, 18.92);
insert into STATION values (690, '3.111', 1086, 1933.52, 1283.74, 23.86);
insert into STATION values (691, '3.112', 1086, 1936.49, 1294.04, 24.00);
insert into STATION values (692, '3.113', 1086, 1939.86, 1303.06, 29.94);
insert into STATION values (693, '3.114', 1086, 1951.00, 1322.85, 44.11);
insert into STATION values (694, '3.115', 1086, 1957.67, 1315.66, 45.71);
insert into STATION values (695, '301.0', 1086, 1642.13, 782.14, -6.87);
insert into STATION values (696, '301.1', 1086, 1638.66, 775.52, -6.02);
insert into STATION values (697, '301.2', 1086, 1619.09, 778.80, -1.82);
insert into STATION values (698, '301.3', 1086, 1591.77, 761.38, -1.31);
insert into STATION values (699, '301.4', 1086, 1558.26, 753.55, 3.32);
insert into STATION values (700, '301.5', 1086, 1516.85, 741.99, -1.15);
insert into STATION values (701, '301.6', 1086, 1518.15, 732.76, -0.46);
insert into STATION values (702, '301.7', 1086, 1514.75, 707.33, 7.11);
insert into STATION values (703, '1.58', 1335, 147.19, -181.01, 2.62);
insert into STATION values (704, '1.59', 1335, 135.01, -194.75, 0.79);
insert into STATION values (705, '1.60', 1335, 131.52, -213.82, 2.42);
insert into STATION values (706, '1.61', 1335, 115.01, -218.07, 2.30);
insert into STATION values (707, '1.62', 1335, 111.21, -232.40, 2.76);
insert into STATION values (708, '1.63', 1335, 102.72, -256.87, 1.17);
insert into STATION values (709, '1.64', 1335, 94.60, -273.36, 3.09);
insert into STATION values (710, '1.65', 1335, 84.28, -293.29, 2.23);
insert into STATION values (711, '1.66', 1335, 72.16, -302.13, 2.67);
insert into STATION values (712, '1.67', 1335, 60.00, -337.48, 2.57);
insert into STATION values (713, '1.68', 1335, 38.39, -370.15, 2.57);
insert into STATION values (714, '1.69', 1335, 59.96, -398.45, 3.07);
insert into STATION values (715, '1.70', 1335, 50.68, -421.88, 1.98);
insert into STATION values (716, '1.71', 1335, 33.32, -430.83, 3.45);
insert into STATION values (717, '1.72', 1335, 28.19, -447.20, 2.30);
insert into STATION values (718, '1.73', 1335, 5.73, -488.25, 3.03);
insert into STATION values (719, '1.74', 1335, -5.76, -509.06, 2.32);
insert into STATION values (720, '1.75', 1335, 3.22, -528.61, 3.24);
insert into STATION values (721, '1.76', 1335, -1.48, -558.13, 2.38);
insert into STATION values (722, '1.77', 1335, -16.75, -583.99, 3.52);
insert into STATION values (723, '1.78', 1335, -28.54, -600.03, 3.07);
insert into STATION values (724, '1.79', 1335, -46.98, -598.28, 3.42);
insert into STATION values (725, '1.80', 1335, -47.68, -609.20, 3.08);
insert into STATION values (726, '1.81', 1335, -63.48, -618.74, 4.02);
insert into STATION values (727, '1.82', 1335, -49.54, -643.22, 3.47);
insert into STATION values (728, '1.83', 1335, -56.13, -666.03, 7.61);
insert into STATION values (729, '1.84', 1335, -72.08, -658.92, 7.24);
insert into STATION values (730, '1.85', 1335, -81.89, -677.67, 8.51);
insert into STATION values (731, '1.86', 1335, -80.96, -688.39, 12.39);
insert into STATION values (732, '1.87', 1335, -59.12, -698.21, 10.76);
insert into STATION values (733, '1.88', 1335, -59.00, -711.00, 7.34);
insert into STATION values (734, '1.89', 1335, -68.37, -720.06, 6.42);
insert into STATION values (735, '1.90', 1335, -81.55, -721.79, 8.03);
insert into STATION values (736, '1.91', 1335, -89.00, -735.73, 7.88);
insert into STATION values (737, '1.92', 1335, -96.41, -764.83, 8.00);
insert into STATION values (738, '1.93', 1335, -106.25, -783.01, 7.47);
insert into STATION values (739, '1.94', 1335, -117.04, -796.87, 7.66);
insert into STATION values (740, '1.95', 1335, -127.82, -804.37, 7.89);
insert into STATION values (741, '1.96', 1335, -133.69, -828.82, 7.38);
insert into STATION values (742, '1.97', 1335, -134.88, -850.42, 7.44);
insert into STATION values (743, '1.98', 1335, -149.31, -872.80, 7.64);
insert into STATION values (744, '1.99', 1335, -161.18, -889.23, 9.45);
insert into STATION values (745, '1.100', 1335, -170.08, -906.12, 9.45);
insert into STATION values (746, '1.101', 1335, -185.25, -927.01, 7.11);
insert into STATION values (747, '1.102', 1335, -183.45, -950.66, 7.68);
insert into STATION values (748, '1.103', 1335, -199.26, -975.42, 8.51);
insert into STATION values (749, '1.104', 1335, -218.76, -999.48, 7.83);
insert into STATION values (750, '1.105', 1335, -229.44, -1014.37, 7.08);
insert into STATION values (751, '1.106', 1335, -229.74, -1031.38, 6.04);
insert into STATION values (752, '1.107', 1335, -216.72, -1044.23, 6.84);
insert into STATION values (753, '1.108', 1335, -222.18, -1050.44, 7.84);
insert into STATION values (754, '1.109', 1335, -221.33, -1056.19, 5.88);
insert into STATION values (755, '1.110', 1335, -221.26, -1067.28, 5.87);
insert into STATION values (756, '1.111', 1335, -224.29, -1075.49, 6.40);
insert into STATION values (757, '1.112', 1335, -222.33, -1083.39, 6.44);
insert into STATION values (758, '1.113', 1335, -236.79, -1092.33, 6.44);
insert into STATION values (759, '1.114', 1335, -232.77, -1101.45, 6.90);
insert into STATION values (760, '1.115', 1335, -245.97, -1112.09, 6.32);
insert into STATION values (761, '1.116', 1335, -250.28, -1130.56, 5.79);
insert into STATION values (762, '1.117', 1335, -248.81, -1151.90, 6.56);
insert into STATION values (763, '1.118', 1335, -252.84, -1161.15, 8.60);
insert into STATION values (764, '105.0', 1986, 45.74, -43.16, 4.96);
insert into STATION values (765, '105.1', 1986, 40.34, -32.89, 4.95);
insert into STATION values (766, '105.2', 1986, 38.30, -28.40, 4.83);
insert into STATION values (767, '105.3', 1986, 43.74, -20.68, 4.91);
insert into STATION values (768, '105.4', 1986, 42.19, -15.86, 4.45);
insert into STATION values (769, '105.5', 1986, 45.90, -11.12, 5.56);
insert into STATION values (770, '105.6', 1986, 61.77, -4.63, 5.17);
insert into STATION values (771, '105.7', 1986, 65.51, 3.48, 5.30);
insert into STATION values (772, '105.8', 1986, 79.15, 10.26, 4.74);
insert into STATION values (773, '105.9', 1986, 83.01, 14.00, 5.14);
insert into STATION values (774, '105.10', 1986, 89.62, 30.12, 5.54);
insert into STATION values (775, '105.11', 1986, 97.60, 31.31, 5.31);
insert into STATION values (776, '105.12', 1986, 104.44, 41.34, 5.05);
insert into STATION values (777, '205.1', 2208, 1255.71, 558.06, -3.42);
insert into STATION values (778, '205.2', 2208, 1260.72, 557.67, -3.61);
insert into STATION values (779, '205.3', 2208, 1249.81, 537.97, -3.11);
insert into STATION values (780, '205.4', 2208, 1256.57, 533.95, -4.18);
insert into STATION values (781, '204.0', 2243, 1329.42, 668.36, -9.97);
insert into STATION values (782, '204.3', 2243, 1328.93, 671.99, -11.84);
insert into STATION values (783, '204.4', 2243, 1323.85, 675.24, -11.12);
insert into STATION values (784, '204.5', 2243, 1311.02, 674.04, -11.58);
insert into STATION values (785, '204.6', 2243, 1289.41, 663.36, -11.32);
insert into STATION values (786, '204.7', 2243, 1292.83, 655.56, -12.17);
insert into STATION values (787, '206.1', 2243, 1328.73, 679.07, -12.12);
insert into STATION values (788, '206.2', 2243, 1326.77, 686.79, -14.31);
insert into STATION values (789, '206.3', 2243, 1320.68, 694.66, -10.99);
insert into STATION values (790, '206.4', 2243, 1314.15, 694.80, -12.23);
insert into STATION values (791, '206.5', 2243, 1312.96, 697.90, -12.84);
insert into STATION values (792, '206.6', 2243, 1309.17, 699.09, -13.21);
insert into STATION values (793, '206.7', 2243, 1309.57, 701.90, -13.21);
insert into STATION values (794, '206.8', 2243, 1304.47, 701.20, -13.23);
insert into STATION values (795, '206.9', 2243, 1305.78, 710.20, -13.20);
insert into STATION values (796, '203.2', 2355, 1329.42, 668.36, -9.97);
insert into STATION values (797, '203.3', 2355, 1337.12, 679.00, -10.52);
insert into STATION values (798, '203.4', 2355, 1330.47, 686.30, -11.25);
insert into STATION values (799, '203.5', 2355, 1338.12, 694.53, -10.24);
insert into STATION values (800, '203.6', 2355, 1343.66, 702.04, -10.48);
insert into STATION values (801, '203.7', 2355, 1345.47, 697.36, -9.61);
insert into STATION values (802, '203.8', 2355, 1351.36, 699.58, -8.23);
insert into STATION values (803, '203.9', 2355, 1360.18, 711.83, -7.67);
insert into STATION values (804, '203.10', 2355, 1373.30, 713.15, -7.95);
insert into STATION values (805, '203.11', 2355, 1388.67, 725.53, -7.51);
insert into STATION values (806, '203.12', 2355, 1396.66, 724.56, -9.20);
insert into STATION values (807, '203.13', 2355, 1395.25, 732.86, -9.54);
insert into STATION values (808, '203.14', 2355, 1388.14, 738.32, -11.72);
insert into STATION values (809, '203.15', 2355, 1394.10, 744.15, -11.10);
insert into STATION values (810, '203.16', 2355, 1392.74, 751.24, -10.99);
insert into STATION values (811, '6.0', 2579, 2551.91, 1552.88, 59.37);
insert into STATION values (812, '-', 2579, 2551.91, 1552.88, 59.37);
insert into STATION values (813, '-', 2579, 2551.32, 1553.91, 59.53);
insert into STATION values (814, '-', 2579, 2551.86, 1552.97, 59.87);
insert into STATION values (815, '-', 2579, 2551.87, 1552.88, 59.05);
insert into STATION values (816, '-', 2579, 2554.83, 1548.61, 59.49);
insert into STATION values (817, '6.1', 2579, 2543.44, 1550.37, 59.72);
insert into STATION values (818, '-', 2579, 2542.34, 1552.79, 59.65);
insert into STATION values (819, '-', 2579, 2543.32, 1550.60, 60.02);
insert into STATION values (820, '-', 2579, 2543.19, 1550.19, 58.70);
insert into STATION values (821, '-', 2579, 2545.94, 1548.50, 59.74);
insert into STATION values (822, '6.2', 2579, 2528.67, 1545.49, 59.01);
insert into STATION values (823, '-', 2579, 2544.13, 1547.66, 59.34);
insert into STATION values (824, '-', 2579, 2529.08, 1542.97, 58.54);
insert into STATION values (825, '-', 2579, 2527.95, 1547.67, 58.50);
insert into STATION values (826, '-', 2579, 2528.34, 1545.74, 60.59);
insert into STATION values (827, '-', 2579, 2528.43, 1545.46, 57.96);
insert into STATION values (828, '6.3', 2579, 2475.28, 1526.14, 57.69);
insert into STATION values (829, '-', 2579, 2475.61, 1525.30, 57.90);
insert into STATION values (830, '-', 2579, 2473.52, 1532.98, 57.84);
insert into STATION values (831, '-', 2579, 2466.12, 1537.00, 57.92);
insert into STATION values (832, '-', 2579, 2483.84, 1533.46, 58.14);
insert into STATION values (833, '-', 2579, 2483.17, 1527.79, 58.19);
insert into STATION values (834, '-', 2579, 2480.53, 1526.35, 57.74);
insert into STATION values (835, '-', 2579, 2482.49, 1529.92, 56.55);
insert into STATION values (836, '-', 2579, 2472.60, 1529.90, 54.05);
insert into STATION values (837, '-', 2579, 2509.64, 1541.99, 58.39);
insert into STATION values (838, '-', 2579, 2500.49, 1532.79, 58.53);
insert into STATION values (839, '-', 2579, 2496.32, 1538.03, 58.02);
insert into STATION values (840, '601.1', 2579, 2455.97, 1530.27, 57.00);
insert into STATION values (841, '-', 2579, 2455.52, 1526.86, 57.16);
insert into STATION values (842, '-', 2579, 2462.83, 1524.55, 58.01);
insert into STATION values (843, '-', 2579, 2446.39, 1530.21, 56.78);
insert into STATION values (844, '-', 2579, 2454.50, 1533.37, 60.37);
insert into STATION values (845, '-', 2579, 2457.44, 1537.18, 58.13);
insert into STATION values (846, '-', 2579, 2466.22, 1536.89, 57.62);
insert into STATION values (847, '-', 2579, 2467.72, 1533.58, 55.34);
insert into STATION values (848, '-', 2579, 2450.86, 1535.20, 58.99);
insert into STATION values (849, '-', 2579, 2449.22, 1534.55, 57.28);
insert into STATION values (850, '601.2', 2579, 2446.45, 1533.34, 56.88);
insert into STATION values (851, '-', 2579, 2444.53, 1530.21, 57.53);
insert into STATION values (852, '-', 2579, 2448.42, 1528.71, 56.61);
insert into STATION values (853, '-', 2579, 2439.40, 1528.69, 57.30);
insert into STATION values (854, '-', 2579, 2443.83, 1533.24, 57.10);
insert into STATION values (855, '-', 2579, 2442.98, 1535.14, 57.46);
insert into STATION values (856, '-', 2579, 2449.48, 1539.21, 57.32);
insert into STATION values (857, '-', 2579, 2445.04, 1537.35, 56.74);
insert into STATION values (858, '-', 2579, 2443.21, 1538.08, 56.87);
insert into STATION values (859, '-', 2579, 2442.18, 1536.45, 57.16);
insert into STATION values (860, '-', 2579, 2443.12, 1535.08, 57.50);
insert into STATION values (861, '-', 2579, 2475.28, 1526.14, 57.69);
insert into STATION values (862, '-', 2579, 2471.64, 1528.69, 54.86);
insert into STATION values (863, '-', 2579, 2475.38, 1529.13, 55.21);
insert into STATION values (864, '6.4', 2579, 2467.75, 1535.05, 55.37);
insert into STATION values (865, '602.0', 2579, 2467.75, 1535.05, 55.37);
insert into STATION values (866, '6.5', 2579, 2470.01, 1536.60, 46.19);
insert into STATION values (867, '-', 2579, 2469.99, 1537.56, 46.06);
insert into STATION values (868, '-', 2579, 2466.12, 1537.36, 46.10);
insert into STATION values (869, '-', 2579, 2463.84, 1535.81, 46.25);
insert into STATION values (870, '-', 2579, 2464.02, 1533.11, 46.28);
insert into STATION values (871, '-', 2579, 2468.84, 1534.23, 46.42);
insert into STATION values (872, '6.6', 2579, 2451.05, 1531.01, 45.88);
insert into STATION values (873, '-', 2579, 2446.42, 1528.80, 47.08);
insert into STATION values (874, '-', 2579, 2439.84, 1533.54, 47.28);
insert into STATION values (875, '-', 2579, 2443.04, 1539.14, 47.73);
insert into STATION values (876, '-', 2579, 2448.92, 1539.17, 46.69);
insert into STATION values (877, '-', 2579, 2452.21, 1534.65, 46.03);
insert into STATION values (878, '-', 2579, 2455.42, 1533.92, 46.30);
insert into STATION values (879, '-', 2579, 2451.44, 1532.64, 55.44);
insert into STATION values (880, '-', 2579, 2460.56, 1531.88, 46.12);
insert into STATION values (881, '-', 2579, 2462.49, 1535.50, 46.45);
insert into STATION values (882, '-', 2579, 2451.39, 1529.03, 46.07);
insert into STATION values (883, '-', 2579, 2451.10, 1531.02, 45.17);
insert into STATION values (884, '6.7', 2579, 2442.41, 1539.07, 47.35);
insert into STATION values (885, '-', 2579, 2442.74, 1531.53, 47.77);
insert into STATION values (886, '-', 2579, 2439.74, 1535.77, 47.74);
insert into STATION values (887, '-', 2579, 2442.26, 1538.84, 47.98);
insert into STATION values (888, '-', 2579, 2441.90, 1538.33, 45.96);
insert into STATION values (889, '-', 2579, 2437.97, 1536.54, 46.22);
insert into STATION values (890, '-', 2579, 2453.13, 1538.96, 47.32);
insert into STATION values (891, '-', 2579, 2449.65, 1536.37, 47.33);
insert into STATION values (892, '6.8', 2579, 2421.38, 1531.65, 45.38);
insert into STATION values (893, '-', 2579, 2416.93, 1537.66, 44.91);
insert into STATION values (894, '-', 2579, 2425.14, 1539.30, 44.99);
insert into STATION values (895, '-', 2579, 2434.40, 1540.80, 45.87);
insert into STATION values (896, '-', 2579, 2440.24, 1540.63, 46.94);
insert into STATION values (897, '-', 2579, 2435.90, 1536.70, 47.27);
insert into STATION values (898, '-', 2579, 2437.19, 1535.47, 46.20);
insert into STATION values (899, '-', 2579, 2437.11, 1533.91, 46.80);
insert into STATION values (900, '-', 2579, 2431.43, 1531.16, 46.01);
insert into STATION values (901, '-', 2579, 2428.11, 1533.61, 41.95);
insert into STATION values (902, '-', 2579, 2425.82, 1533.52, 49.15);
insert into STATION values (903, '-', 2579, 2426.00, 1531.74, 41.95);
insert into STATION values (904, '-', 2579, 2424.01, 1531.28, 43.24);
insert into STATION values (905, '-', 2579, 2431.05, 1525.19, 46.03);
insert into STATION values (906, '-', 2579, 2425.60, 1526.27, 45.26);
insert into STATION values (907, '-', 2579, 2417.46, 1527.51, 43.79);
insert into STATION values (908, '6.9', 2579, 2417.28, 1530.74, 45.29);
insert into STATION values (909, '-', 2579, 2418.71, 1531.36, 45.15);
insert into STATION values (910, '-', 2579, 2417.24, 1530.87, 45.70);
insert into STATION values (911, '-', 2579, 2417.24, 1530.86, 44.80);
insert into STATION values (912, '-', 2579, 2415.74, 1533.43, 45.19);
insert into STATION values (913, '-', 2579, 2416.79, 1527.04, 45.43);
insert into STATION values (914, '6.10', 2579, 2402.61, 1523.28, 45.39);
insert into STATION values (915, '-', 2579, 2401.28, 1526.82, 42.72);
insert into STATION values (916, '-', 2579, 2401.72, 1525.10, 45.60);
insert into STATION values (917, '-', 2579, 2399.93, 1529.39, 45.51);
insert into STATION values (918, '-', 2579, 2402.55, 1523.20, 44.97);
insert into STATION values (919, '-', 2579, 2409.25, 1534.59, 45.23);
insert into STATION values (920, '6.11', 2579, 2384.74, 1521.62, 41.89);
insert into STATION values (921, '-', 2579, 2384.80, 1522.67, 43.42);
insert into STATION values (922, '-', 2579, 2384.93, 1520.72, 43.36);
insert into STATION values (923, '-', 2579, 2385.45, 1520.91, 46.07);
insert into STATION values (924, '-', 2579, 2384.58, 1521.36, 39.99);
insert into STATION values (925, '6.12', 2579, 2370.32, 1517.41, 36.92);
insert into STATION values (926, '-', 2579, 2396.18, 1521.23, 45.56);
insert into STATION values (927, '-', 2579, 2389.44, 1523.54, 45.90);
insert into STATION values (928, '-', 2579, 2370.09, 1517.85, 35.91);
insert into STATION values (929, '-', 2579, 2369.83, 1518.47, 36.97);
insert into STATION values (930, '-', 2579, 2370.02, 1517.08, 36.97);
insert into STATION values (931, '-', 2579, 2370.33, 1516.97, 41.92);
insert into STATION values (932, '-', 2579, 2380.36, 1521.53, 38.71);
insert into STATION values (933, '-', 2579, 2377.61, 1518.25, 38.25);
insert into STATION values (934, '-', 2579, 2364.89, 1516.33, 37.06);
insert into STATION values (935, '6.13', 2579, 2356.22, 1511.44, 36.86);
insert into STATION values (936, '-', 2579, 2355.11, 1512.88, 36.90);
insert into STATION values (937, '-', 2579, 2357.47, 1508.43, 38.10);
insert into STATION values (938, '-', 2579, 2361.06, 1513.00, 36.79);
insert into STATION values (939, '-', 2579, 2359.90, 1513.41, 36.86);
insert into STATION values (940, '-', 2579, 2357.24, 1513.94, 36.90);
insert into STATION values (941, '-', 2579, 2356.57, 1511.80, 38.48);
insert into STATION values (942, '-', 2579, 2356.44, 1513.47, 35.40);
insert into STATION values (943, '6.14', 2579, 2351.54, 1505.19, 37.49);
insert into STATION values (944, '-', 2579, 2350.39, 1507.84, 37.78);
insert into STATION values (945, '-', 2579, 2350.86, 1506.31, 36.42);
insert into STATION values (946, '-', 2579, 2351.24, 1505.91, 38.20);
insert into STATION values (947, '-', 2579, 2351.35, 1504.94, 37.62);
insert into STATION values (948, '-', 2579, 2349.92, 1505.52, 35.50);
insert into STATION values (949, '-', 2579, 2349.96, 1506.59, 35.71);
insert into STATION values (950, '6.15', 2579, 2336.82, 1501.94, 33.88);
insert into STATION values (951, '-', 2579, 2337.61, 1500.79, 38.25);
insert into STATION values (952, '-', 2579, 2345.76, 1494.06, 34.03);
insert into STATION values (953, '-', 2579, 2340.81, 1499.92, 29.86);
insert into STATION values (954, '-', 2579, 2335.59, 1507.35, 35.24);
insert into STATION values (955, '-', 2579, 2341.99, 1505.70, 34.92);
insert into STATION values (956, '-', 2579, 2345.86, 1501.96, 34.44);
insert into STATION values (957, '-', 2579, 2346.03, 1501.91, 34.92);
insert into STATION values (958, '-', 2579, 2336.62, 1505.37, 39.07);
insert into STATION values (959, '-', 2579, 2335.04, 1505.23, 39.31);
insert into STATION values (960, '-', 2579, 2329.52, 1505.45, 32.02);
insert into STATION values (961, '-', 2579, 2333.77, 1503.97, 33.24);
insert into STATION values (962, '-', 2579, 2330.44, 1505.72, 32.33);
insert into STATION values (963, '-', 2579, 2337.82, 1505.23, 36.17);
insert into STATION values (964, '-', 2579, 2333.12, 1508.20, 34.03);
insert into STATION values (965, '-', 2579, 2330.71, 1487.09, 37.21);
insert into STATION values (966, '-', 2579, 2332.28, 1496.76, 35.85);
insert into STATION values (967, '-', 2579, 2329.34, 1491.89, 35.89);
insert into STATION values (968, '-', 2579, 2345.60, 1492.23, 32.53);
insert into STATION values (969, '-', 2579, 2349.46, 1497.38, 32.99);
insert into STATION values (970, '-', 2579, 2348.29, 1491.10, 32.70);
insert into STATION values (971, '6.16', 2579, 2349.99, 1497.01, 32.95);
insert into STATION values (972, '-', 2579, 2350.12, 1496.85, 31.46);
insert into STATION values (973, '-', 2579, 2351.21, 1493.64, 36.62);
insert into STATION values (974, '-', 2579, 2354.19, 1490.40, 33.13);
insert into STATION values (975, '-', 2579, 2350.43, 1497.39, 32.62);
insert into STATION values (976, '-', 2579, 2350.03, 1489.40, 37.79);
insert into STATION values (977, '-', 2579, 2354.23, 1489.07, 38.79);
insert into STATION values (978, '-', 2579, 2361.02, 1492.49, 31.53);
insert into STATION values (979, '-', 2579, 2358.65, 1497.60, 31.71);
insert into STATION values (980, '6.17', 2579, 2371.65, 1493.66, 31.87);
insert into STATION values (981, '-', 2579, 2374.25, 1486.60, 27.91);
insert into STATION values (982, '-', 2579, 2370.83, 1496.50, 32.27);
insert into STATION values (983, '-', 2579, 2370.31, 1495.25, 32.86);
insert into STATION values (984, '-', 2579, 2368.59, 1493.33, 28.96);
insert into STATION values (985, '-', 2579, 2378.55, 1489.05, 29.84);
insert into STATION values (986, '-', 2579, 2376.40, 1489.12, 29.70);
insert into STATION values (987, '6.18', 2579, 2379.74, 1498.91, 34.60);
insert into STATION values (988, '-', 2579, 2381.93, 1494.78, 34.73);
insert into STATION values (989, '-', 2579, 2379.36, 1499.55, 35.21);
insert into STATION values (990, '-', 2579, 2379.82, 1498.82, 35.97);
insert into STATION values (991, '-', 2579, 2379.83, 1498.53, 33.84);
insert into STATION values (992, '6.19', 2579, 2390.04, 1495.30, 38.08);
insert into STATION values (993, '-', 2579, 2389.82, 1494.85, 37.83);
insert into STATION values (994, '-', 2579, 2390.24, 1499.54, 38.00);
insert into STATION values (995, '-', 2579, 2392.48, 1497.67, 46.84);
insert into STATION values (996, '-', 2579, 2390.12, 1496.10, 36.69);
insert into STATION values (997, '6.20', 2579, 2402.52, 1495.02, 38.32);
insert into STATION values (998, '-', 2579, 2393.09, 1494.13, 38.25);
insert into STATION values (999, '-', 2579, 2394.36, 1497.71, 38.66);
insert into STATION values (1000, '-', 2579, 2403.20, 1495.77, 46.93);
insert into STATION values (1001, '-', 2579, 2403.94, 1497.33, 38.61);
insert into STATION values (1002, '-', 2579, 2402.47, 1494.75, 38.29);
insert into STATION values (1003, '-', 2579, 2403.75, 1495.47, 37.12);
insert into STATION values (1004, '6.21', 2579, 2404.83, 1494.30, 36.69);
insert into STATION values (1005, '-', 2579, 2405.45, 1494.53, 39.20);
insert into STATION values (1006, '-', 2579, 2405.07, 1493.91, 36.22);
insert into STATION values (1007, '-', 2579, 2408.15, 1491.31, 37.16);
insert into STATION values (1008, '-', 2579, 2404.69, 1494.84, 36.82);
insert into STATION values (1009, '-', 2579, 2403.16, 1493.85, 36.74);
insert into STATION values (1010, '-', 2579, 2402.71, 1494.84, 37.64);
insert into STATION values (1011, '-', 2579, 2401.29, 1492.65, 35.98);
insert into STATION values (1012, '-', 2579, 2399.50, 1489.67, 34.70);
insert into STATION values (1013, '-', 2579, 2401.61, 1488.33, 36.69);
insert into STATION values (1014, '-', 2579, 2408.36, 1496.29, 37.21);
insert into STATION values (1015, '-', 2579, 2413.82, 1493.09, 37.04);
insert into STATION values (1016, '6.22', 2579, 2418.60, 1497.43, 37.30);
insert into STATION values (1017, '-', 2579, 2419.14, 1495.53, 35.33);
insert into STATION values (1018, '-', 2579, 2418.87, 1497.67, 35.42);
insert into STATION values (1019, '-', 2579, 2415.16, 1499.78, 35.28);
insert into STATION values (1020, '-', 2579, 2417.10, 1497.39, 37.45);
insert into STATION values (1021, '6.23', 2579, 2428.85, 1498.75, 35.14);
insert into STATION values (1022, '-', 2579, 2427.69, 1501.63, 33.30);
insert into STATION values (1023, '-', 2579, 2427.26, 1496.45, 34.61);
insert into STATION values (1024, '-', 2579, 2428.98, 1499.31, 37.24);
insert into STATION values (1025, '-', 2579, 2424.73, 1498.69, 32.95);
insert into STATION values (1026, '-', 2579, 2429.10, 1498.86, 34.81);
insert into STATION values (1027, '-', 2579, 2432.04, 1502.03, 35.14);
insert into STATION values (1028, '6.24', 2579, 2433.89, 1496.21, 35.02);
insert into STATION values (1029, '-', 2579, 2434.61, 1494.79, 34.57);
insert into STATION values (1030, '-', 2579, 2433.44, 1501.46, 35.53);
insert into STATION values (1031, '-', 2579, 2435.29, 1497.67, 35.08);
insert into STATION values (1032, '-', 2579, 2436.09, 1498.17, 32.60);
insert into STATION values (1033, '-', 2579, 2434.68, 1496.39, 37.55);
insert into STATION values (1034, '-', 2579, 2439.08, 1495.72, 34.16);
insert into STATION values (1035, '-', 2579, 2437.43, 1499.66, 34.39);
insert into STATION values (1036, '6.25', 2579, 2448.67, 1501.28, 34.06);
insert into STATION values (1037, '-', 2579, 2448.46, 1501.96, 33.12);
insert into STATION values (1038, '-', 2579, 2448.02, 1503.07, 33.93);
insert into STATION values (1039, '-', 2579, 2449.32, 1500.03, 34.41);
insert into STATION values (1040, '-', 2579, 2452.88, 1501.85, 34.30);
insert into STATION values (1041, '-', 2579, 2441.45, 1501.29, 34.14);
insert into STATION values (1042, '-', 2579, 2444.45, 1497.18, 33.87);
insert into STATION values (1043, '602.1', 2579, 2448.67, 1501.28, 34.06);
insert into STATION values (1044, '6.26', 2579, 2454.58, 1499.51, 33.77);
insert into STATION values (1045, '-', 2579, 2451.35, 1498.54, 33.88);
insert into STATION values (1046, '-', 2579, 2453.71, 1499.10, 33.33);
insert into STATION values (1047, '-', 2579, 2454.73, 1498.75, 38.24);
insert into STATION values (1048, '-', 2579, 2455.01, 1499.48, 33.91);
insert into STATION values (1049, '-', 2579, 2451.97, 1502.80, 35.91);
insert into STATION values (1050, '-', 2579, 2452.17, 1500.57, 34.44);
insert into STATION values (1051, '6.27', 2579, 2452.01, 1488.18, 34.84);
insert into STATION values (1052, '-', 2579, 2449.80, 1493.70, 33.68);
insert into STATION values (1053, '-', 2579, 2454.44, 1495.08, 33.86);
insert into STATION values (1054, '-', 2579, 2455.56, 1491.06, 33.22);
insert into STATION values (1055, '-', 2579, 2458.37, 1486.29, 38.59);
insert into STATION values (1056, '-', 2579, 2451.59, 1488.50, 34.34);
insert into STATION values (1057, '-', 2579, 2453.71, 1489.62, 34.38);
insert into STATION values (1058, '-', 2579, 2453.24, 1488.88, 37.68);
insert into STATION values (1059, '-', 2579, 2454.88, 1493.29, 34.06);
insert into STATION values (1060, '-', 2579, 2450.22, 1491.17, 34.17);
insert into STATION values (1061, '-', 2579, 2456.35, 1490.72, 33.79);
insert into STATION values (1062, '6.28', 2579, 2449.62, 1480.81, 35.31);
insert into STATION values (1063, '-', 2579, 2454.79, 1482.43, 40.03);
insert into STATION values (1064, '-', 2579, 2451.44, 1481.50, 35.16);
insert into STATION values (1065, '-', 2579, 2449.23, 1480.82, 35.22);
insert into STATION values (1066, '-', 2579, 2450.98, 1479.13, 34.42);
insert into STATION values (1067, '-', 2579, 2449.20, 1481.14, 35.29);
insert into STATION values (1068, '-', 2579, 2447.25, 1482.50, 35.85);
insert into STATION values (1069, '-', 2579, 2448.48, 1480.02, 44.03);
insert into STATION values (1070, '-', 2579, 2448.44, 1480.88, 33.97);
insert into STATION values (1071, '-', 2579, 2451.52, 1481.29, 35.24);
insert into STATION values (1072, '-', 2579, 2450.55, 1485.82, 35.10);
insert into STATION values (1073, '-', 2579, 2448.40, 1484.01, 35.15);
insert into STATION values (1074, '-', 2579, 2442.17, 1478.91, 36.20);
insert into STATION values (1075, '-', 2579, 2440.28, 1475.41, 37.28);
insert into STATION values (1076, '-', 2579, 2441.43, 1475.33, 37.16);
insert into STATION values (1077, '6.29', 2579, 2433.79, 1472.38, 38.15);
insert into STATION values (1078, '-', 2579, 2432.06, 1470.81, 47.75);
insert into STATION values (1079, '-', 2579, 2430.93, 1472.40, 38.46);
insert into STATION values (1080, '-', 2579, 2434.12, 1471.24, 38.23);
insert into STATION values (1081, '-', 2579, 2433.55, 1472.68, 37.71);
insert into STATION values (1082, '-', 2579, 2432.52, 1469.16, 37.74);
insert into STATION values (1083, '6.30', 2579, 2434.41, 1466.99, 37.15);
insert into STATION values (1084, '-', 2579, 2433.13, 1467.40, 45.18);
insert into STATION values (1085, '-', 2579, 2432.73, 1466.85, 35.32);
insert into STATION values (1086, '-', 2579, 2432.16, 1467.64, 37.17);
insert into STATION values (1087, '-', 2579, 2434.59, 1466.54, 37.48);
insert into STATION values (1088, '-', 2579, 2434.80, 1469.46, 37.25);
insert into STATION values (1089, '-', 2579, 2432.75, 1469.00, 37.56);
insert into STATION values (1090, '-', 2579, 2431.96, 1463.10, 36.49);
insert into STATION values (1091, '-', 2579, 2431.84, 1465.45, 36.86);
insert into STATION values (1092, '6.31', 2579, 2428.43, 1461.64, 36.47);
insert into STATION values (1093, '-', 2579, 2427.08, 1461.95, 34.92);
insert into STATION values (1094, '-', 2579, 2426.72, 1462.25, 36.61);
insert into STATION values (1095, '-', 2579, 2425.96, 1461.60, 48.23);
insert into STATION values (1096, '-', 2579, 2428.80, 1461.70, 36.25);
insert into STATION values (1097, '-', 2579, 2432.01, 1463.57, 36.16);
insert into STATION values (1098, '-', 2579, 2430.44, 1463.40, 36.50);
insert into STATION values (1099, '-', 2579, 2427.94, 1457.46, 36.80);
insert into STATION values (1100, '-', 2579, 2429.34, 1458.61, 37.03);
insert into STATION values (1101, '6.32', 2579, 2429.03, 1454.55, 37.38);
insert into STATION values (1102, '-', 2579, 2429.99, 1453.98, 44.80);
insert into STATION values (1103, '-', 2579, 2430.01, 1454.25, 36.26);
insert into STATION values (1104, '-', 2579, 2430.22, 1454.59, 37.74);
insert into STATION values (1105, '-', 2579, 2427.92, 1454.11, 38.22);
insert into STATION values (1106, '-', 2579, 2435.03, 1450.82, 38.17);
insert into STATION values (1107, '-', 2579, 2430.54, 1451.53, 37.68);
insert into STATION values (1108, '6.33', 2579, 2435.66, 1446.94, 37.67);
insert into STATION values (1109, '-', 2579, 2435.46, 1446.19, 44.69);
insert into STATION values (1110, '-', 2579, 2436.28, 1446.10, 38.05);
insert into STATION values (1111, '-', 2579, 2433.98, 1446.54, 37.67);
insert into STATION values (1112, '-', 2579, 2436.33, 1446.07, 38.06);
insert into STATION values (1113, '-', 2579, 2435.19, 1446.28, 36.16);
insert into STATION values (1114, '-', 2579, 2431.68, 1450.43, 37.86);
insert into STATION values (1115, '-', 2579, 2433.00, 1452.43, 38.05);
insert into STATION values (1116, '-', 2579, 2434.44, 1442.73, 38.52);
insert into STATION values (1117, '-', 2579, 2436.36, 1443.99, 38.13);
insert into STATION values (1118, '6.34', 2579, 2439.84, 1437.18, 41.24);
insert into STATION values (1119, '-', 2579, 2439.58, 1438.35, 39.00);
insert into STATION values (1120, '-', 2579, 2439.89, 1437.68, 41.99);
insert into STATION values (1121, '-', 2579, 2440.93, 1441.57, 47.65);
insert into STATION values (1122, '-', 2579, 2440.67, 1438.62, 41.16);
insert into STATION values (1123, '-', 2579, 2439.49, 1437.14, 41.38);
insert into STATION values (1124, '-', 2579, 2438.11, 1439.00, 40.61);
insert into STATION values (1125, '-', 2579, 2439.55, 1439.90, 40.53);
insert into STATION values (1126, '-', 2579, 2442.57, 1436.70, 42.21);
insert into STATION values (1127, '-', 2579, 2442.94, 1437.67, 43.26);
insert into STATION values (1128, '6.35', 2579, 2445.93, 1437.17, 43.66);
insert into STATION values (1129, '-', 2579, 2444.95, 1435.86, 48.23);
insert into STATION values (1130, '-', 2579, 2445.59, 1437.48, 42.88);
insert into STATION values (1131, '-', 2579, 2446.20, 1436.47, 43.28);
insert into STATION values (1132, '-', 2579, 2446.21, 1438.51, 43.60);
insert into STATION values (1133, '-', 2579, 2447.92, 1436.72, 43.11);
insert into STATION values (1134, '6.36', 2579, 2449.63, 1440.22, 41.91);
insert into STATION values (1135, '-', 2579, 2448.98, 1440.42, 48.47);
insert into STATION values (1136, '-', 2579, 2449.32, 1439.78, 41.02);
insert into STATION values (1137, '-', 2579, 2448.84, 1440.93, 42.32);
insert into STATION values (1138, '-', 2579, 2447.63, 1436.37, 42.62);
insert into STATION values (1139, '-', 2579, 2449.92, 1439.57, 42.06);
insert into STATION values (1140, '-', 2579, 2453.19, 1442.31, 41.60);
insert into STATION values (1141, '-', 2579, 2455.50, 1442.51, 41.41);
insert into STATION values (1142, '6.37', 2579, 2458.32, 1445.31, 41.37);
insert into STATION values (1143, '-', 2579, 2456.99, 1443.31, 48.78);
insert into STATION values (1144, '-', 2579, 2458.39, 1445.71, 41.77);
insert into STATION values (1145, '-', 2579, 2464.55, 1446.52, 41.37);
insert into STATION values (1146, '-', 2579, 2464.37, 1445.00, 41.54);
insert into STATION values (1147, '6.38', 2579, 2468.61, 1445.76, 42.52);
insert into STATION values (1148, '-', 2579, 2467.32, 1447.09, 49.06);
insert into STATION values (1149, '-', 2579, 2467.55, 1446.54, 40.55);
insert into STATION values (1150, '-', 2579, 2467.80, 1447.06, 42.65);
insert into STATION values (1151, '-', 2579, 2468.38, 1445.48, 42.52);
insert into STATION values (1152, '-', 2579, 2469.35, 1447.92, 42.84);
insert into STATION values (1153, '-', 2579, 2471.10, 1446.87, 43.41);
insert into STATION values (1154, '-', 2579, 2470.30, 1448.21, 43.90);
insert into STATION values (1155, '6.39', 2579, 2471.70, 1449.94, 47.32);
insert into STATION values (1156, '-', 2579, 2472.48, 1449.29, 48.97);
insert into STATION values (1157, '-', 2579, 2472.26, 1449.66, 45.86);
insert into STATION values (1158, '-', 2579, 2474.84, 1447.96, 47.47);
insert into STATION values (1159, '-', 2579, 2471.80, 1450.38, 46.98);
insert into STATION values (1160, '6.40', 2579, 2478.82, 1453.04, 47.33);
insert into STATION values (1161, '-', 2579, 2479.18, 1451.92, 49.30);
insert into STATION values (1162, '-', 2579, 2480.15, 1451.62, 44.89);
insert into STATION values (1163, '-', 2579, 2479.58, 1450.29, 47.41);
insert into STATION values (1164, '-', 2579, 2480.78, 1453.31, 48.39);
insert into STATION values (1165, '-', 2579, 2479.99, 1450.72, 47.19);
insert into STATION values (1166, '-', 2579, 2480.62, 1452.40, 47.17);
insert into STATION values (1167, '-', 2579, 2478.78, 1447.39, 49.57);
insert into STATION values (1168, '-', 2579, 2484.51, 1450.43, 47.06);
insert into STATION values (1169, '-', 2579, 2481.39, 1449.55, 46.95);
insert into STATION values (1170, '6.41', 2579, 2485.24, 1448.52, 47.97);
insert into STATION values (1171, '-', 2579, 2485.09, 1447.98, 48.83);
insert into STATION values (1172, '-', 2579, 2484.79, 1447.28, 45.48);
insert into STATION values (1173, '-', 2579, 2485.90, 1449.22, 47.63);
insert into STATION values (1174, '-', 2579, 2483.41, 1445.95, 48.30);
insert into STATION values (1175, '-', 2579, 2483.07, 1442.63, 48.98);
insert into STATION values (1176, '-', 2579, 2489.00, 1445.03, 49.18);
insert into STATION values (1177, '6.42', 2579, 2488.44, 1440.43, 43.44);
insert into STATION values (1178, '-', 2579, 2489.72, 1441.18, 48.35);
insert into STATION values (1179, '-', 2579, 2489.07, 1441.05, 42.12);
insert into STATION values (1180, '-', 2579, 2491.47, 1441.29, 43.83);
insert into STATION values (1181, '-', 2579, 2487.90, 1440.79, 43.61);
insert into STATION values (1182, '-', 2579, 2486.57, 1442.51, 43.67);
insert into STATION values (1183, '-', 2579, 2487.43, 1444.72, 44.05);
insert into STATION values (1184, '-', 2579, 2491.68, 1437.74, 43.69);
insert into STATION values (1185, '-', 2579, 2488.90, 1435.88, 43.83);
insert into STATION values (1186, '6.43', 2579, 2490.64, 1433.91, 44.99);
insert into STATION values (1187, '-', 2579, 2491.54, 1432.92, 49.71);
insert into STATION values (1188, '-', 2579, 2490.13, 1433.92, 45.47);
insert into STATION values (1189, '-', 2579, 2493.01, 1434.69, 48.21);
insert into STATION values (1190, '-', 2579, 2489.15, 1433.94, 47.61);
insert into STATION values (1191, '-', 2579, 2491.84, 1432.02, 42.54);
insert into STATION values (1192, '-', 2579, 2491.11, 1436.14, 44.66);
insert into STATION values (1193, '-', 2579, 2488.03, 1439.21, 43.52);
insert into STATION values (1194, '6.44', 2579, 2494.67, 1426.22, 43.91);
insert into STATION values (1195, '-', 2579, 2496.66, 1426.55, 49.14);
insert into STATION values (1196, '-', 2579, 2494.05, 1426.77, 42.14);
insert into STATION values (1197, '-', 2579, 2495.09, 1427.22, 44.01);
insert into STATION values (1198, '-', 2579, 2493.40, 1428.57, 43.74);
insert into STATION values (1199, '-', 2579, 2490.65, 1429.81, 43.04);
insert into STATION values (1200, '-', 2579, 2494.53, 1425.87, 43.09);
insert into STATION values (1201, '6.46', 2579, 2496.22, 1426.49, 43.83);
insert into STATION values (1202, '6.45', 2579, 2496.22, 1426.49, 43.82);
insert into STATION values (1203, '-', 2579, 2495.95, 1425.41, 48.98);
insert into STATION values (1204, '-', 2579, 2495.93, 1426.27, 42.69);
insert into STATION values (1205, '-', 2579, 2495.88, 1425.28, 44.03);
insert into STATION values (1206, '-', 2579, 2496.61, 1426.45, 44.18);
insert into STATION values (1207, '6.47', 2579, 2499.48, 1419.92, 44.59);
insert into STATION values (1208, '-', 2579, 2500.42, 1421.75, 49.24);
insert into STATION values (1209, '-', 2579, 2500.56, 1424.92, 48.24);
insert into STATION values (1210, '-', 2579, 2500.10, 1418.84, 46.47);
insert into STATION values (1211, '-', 2579, 2499.88, 1420.28, 43.25);
insert into STATION values (1212, '-', 2579, 2499.59, 1421.08, 44.37);
insert into STATION values (1213, '-', 2579, 2497.51, 1420.50, 43.20);
insert into STATION values (1214, '-', 2579, 2497.34, 1423.08, 43.73);
insert into STATION values (1215, '-', 2579, 2504.78, 1421.07, 45.72);
insert into STATION values (1216, '6.48', 2579, 2509.64, 1424.41, 47.33);
insert into STATION values (1217, '-', 2579, 2509.45, 1424.18, 49.48);
insert into STATION values (1218, '-', 2579, 2510.63, 1421.86, 48.91);
insert into STATION values (1219, '-', 2579, 2507.94, 1427.27, 48.62);
insert into STATION values (1220, '-', 2579, 2509.29, 1424.25, 46.04);
insert into STATION values (1221, '-', 2579, 2512.16, 1426.40, 46.03);
insert into STATION values (1222, '-', 2579, 2512.49, 1425.66, 45.89);
insert into STATION values (1223, '6.49', 2579, 2514.49, 1425.86, 48.52);
insert into STATION values (1224, '-', 2579, 2513.80, 1426.18, 47.64);
insert into STATION values (1225, '-', 2579, 2514.43, 1426.51, 49.40);
insert into STATION values (1226, '-', 2579, 2513.37, 1430.28, 49.25);
insert into STATION values (1227, '-', 2579, 2515.46, 1423.97, 48.94);
insert into STATION values (1228, '6.50', 2579, 2525.17, 1433.45, 49.05);
insert into STATION values (1229, '-', 2579, 2525.06, 1433.09, 48.87);
insert into STATION values (1230, '-', 2579, 2525.34, 1433.19, 49.80);
insert into STATION values (1231, '-', 2579, 2526.60, 1428.40, 49.77);
insert into STATION values (1232, '-', 2579, 2525.03, 1435.43, 49.49);
insert into STATION values (1233, '-', 2579, 2528.21, 1435.29, 48.93);
insert into STATION values (1234, '-', 2579, 2538.15, 1436.32, 50.04);
insert into STATION values (1235, '6.51', 2579, 2533.60, 1434.19, 47.32);
insert into STATION values (1236, '6.12', 2676, 2370.32, 1517.41, 36.92);
insert into STATION values (1237, '-', 2676, 2370.32, 1517.41, 36.92);
insert into STATION values (1238, '7.1', 2676, 2361.43, 1514.25, 37.03);
insert into STATION values (1239, '7.2', 2676, 2360.01, 1512.71, 40.60);
insert into STATION values (1240, '-', 2676, 2361.43, 1514.25, 37.03);
insert into STATION values (1241, '-', 2676, 2361.77, 1513.28, 37.03);
insert into STATION values (1242, '-', 2676, 2361.47, 1514.14, 35.77);
insert into STATION values (1243, '-', 2676, 2361.26, 1513.87, 43.00);
insert into STATION values (1244, '-', 2676, 2360.01, 1512.71, 40.60);
insert into STATION values (1245, '7.3', 2676, 2353.95, 1513.53, 45.11);
insert into STATION values (1246, '-', 2676, 2360.01, 1512.71, 40.60);
insert into STATION values (1247, '-', 2676, 2359.62, 1513.91, 40.64);
insert into STATION values (1248, '-', 2676, 2360.20, 1512.71, 36.04);
insert into STATION values (1249, '-', 2676, 2358.82, 1513.61, 45.83);
insert into STATION values (1250, '-', 2676, 2353.95, 1513.53, 45.11);
insert into STATION values (1251, '-', 2676, 2353.28, 1515.87, 45.19);
insert into STATION values (1252, '-', 2676, 2355.35, 1509.94, 45.06);
insert into STATION values (1253, '-', 2676, 2354.02, 1513.46, 43.53);
insert into STATION values (1254, '-', 2676, 2356.83, 1512.72, 42.63);
insert into STATION values (1255, '-', 2676, 2357.21, 1513.89, 42.41);
insert into STATION values (1256, '-', 2676, 2364.33, 1513.42, 44.53);
insert into STATION values (1257, '-', 2676, 2364.63, 1517.86, 44.59);
insert into STATION values (1258, '7.4', 2676, 2329.43, 1501.00, 44.83);
insert into STATION values (1259, '-', 2676, 2335.30, 1506.66, 44.74);
insert into STATION values (1260, '-', 2676, 2332.12, 1507.56, 44.62);
insert into STATION values (1261, '-', 2676, 2334.51, 1502.43, 45.18);
insert into STATION values (1262, '-', 2676, 2335.35, 1506.98, 44.18);
insert into STATION values (1263, '-', 2676, 2329.74, 1499.92, 45.00);
insert into STATION values (1264, '-', 2676, 2327.21, 1505.12, 44.56);
insert into STATION values (1265, '-', 2676, 2329.31, 1501.60, 45.65);
insert into STATION values (1266, '-', 2676, 2327.95, 1502.60, 43.51);
insert into STATION values (1267, '7.5', 2676, 2314.26, 1498.88, 44.68);
insert into STATION values (1268, '-', 2676, 2315.92, 1504.18, 44.42);
insert into STATION values (1269, '-', 2676, 2314.58, 1498.99, 45.09);
insert into STATION values (1270, '-', 2676, 2314.16, 1499.42, 44.17);
insert into STATION values (1271, '-', 2676, 2314.78, 1497.60, 44.94);
insert into STATION values (1272, '-', 2676, 2325.61, 1499.68, 43.91);
insert into STATION values (1273, '-', 2676, 2322.55, 1497.74, 44.72);
insert into STATION values (1274, '-', 2676, 2322.75, 1502.11, 44.23);
insert into STATION values (1275, '7.6', 2676, 2297.46, 1505.54, 44.34);
insert into STATION values (1276, '-', 2676, 2300.12, 1508.70, 44.28);
insert into STATION values (1277, '-', 2676, 2296.16, 1504.36, 45.26);
insert into STATION values (1278, '-', 2676, 2297.84, 1505.78, 45.10);
insert into STATION values (1279, '-', 2676, 2297.82, 1505.95, 44.14);
insert into STATION values (1280, '-', 2676, 2309.11, 1504.30, 44.51);
insert into STATION values (1281, '7.7', 2676, 2292.01, 1512.72, 44.78);
insert into STATION values (1282, '-', 2676, 2290.76, 1509.79, 44.59);
insert into STATION values (1283, '-', 2676, 2291.49, 1511.46, 45.25);
insert into STATION values (1284, '-', 2676, 2291.28, 1511.82, 43.84);
insert into STATION values (1285, '-', 2676, 2292.36, 1513.60, 44.88);
insert into STATION values (1286, '7.8', 2676, 2279.48, 1515.31, 44.34);
insert into STATION values (1287, '-', 2676, 2281.09, 1518.03, 44.32);
insert into STATION values (1288, '-', 2676, 2279.31, 1514.97, 44.57);
insert into STATION values (1289, '-', 2676, 2280.35, 1517.04, 43.60);
insert into STATION values (1290, '-', 2676, 2280.62, 1516.65, 45.20);
insert into STATION values (1291, '-', 2676, 2280.32, 1518.96, 44.40);
insert into STATION values (1292, '-', 2676, 2284.58, 1516.37, 44.39);
insert into STATION values (1293, '7.9', 2676, 2278.89, 1525.26, 44.28);
insert into STATION values (1294, '-', 2676, 2279.94, 1525.47, 44.18);
insert into STATION values (1295, '-', 2676, 2274.85, 1524.72, 45.50);
insert into STATION values (1296, '-', 2676, 2277.78, 1524.12, 45.48);
insert into STATION values (1297, '-', 2676, 2278.21, 1524.01, 43.52);
insert into STATION values (1298, '-', 2676, 2279.16, 1520.58, 45.20);
insert into STATION values (1299, '-', 2676, 2277.08, 1517.84, 45.11);
insert into STATION values (1300, '7.10', 2676, 2268.89, 1533.82, 43.83);
insert into STATION values (1301, '-', 2676, 2268.47, 1533.57, 43.76);
insert into STATION values (1302, '-', 2676, 2271.44, 1535.51, 43.78);
insert into STATION values (1303, '-', 2676, 2270.14, 1533.39, 44.97);
insert into STATION values (1304, '-', 2676, 2269.92, 1534.97, 43.18);
insert into STATION values (1305, '7.11', 2676, 2266.05, 1545.17, 44.53);
insert into STATION values (1306, '-', 2676, 2265.97, 1545.12, 45.12);
insert into STATION values (1307, '-', 2676, 2265.53, 1544.94, 43.05);
insert into STATION values (1308, '-', 2676, 2266.45, 1546.94, 44.96);
insert into STATION values (1309, '-', 2676, 2265.36, 1544.70, 44.52);
insert into STATION values (1310, '-', 2676, 2263.00, 1548.12, 44.33);
insert into STATION values (1311, '-', 2676, 2260.02, 1547.65, 42.88);
insert into STATION values (1312, '7.12', 2676, 2257.78, 1556.84, 44.06);
insert into STATION values (1313, '-', 2676, 2258.80, 1556.49, 44.01);
insert into STATION values (1314, '-', 2676, 2258.02, 1556.74, 45.16);
insert into STATION values (1315, '-', 2676, 2258.22, 1556.59, 42.70);
insert into STATION values (1316, '-', 2676, 2257.59, 1556.94, 44.16);
insert into STATION values (1317, '-', 2676, 2256.34, 1557.21, 43.96);
insert into STATION values (1318, '7.13', 2676, 2273.61, 1563.16, 43.84);
insert into STATION values (1319, '-', 2676, 2273.46, 1564.09, 43.87);
insert into STATION values (1320, '-', 2676, 2273.78, 1562.44, 43.92);
insert into STATION values (1321, '-', 2676, 2273.73, 1563.10, 43.14);
insert into STATION values (1322, '-', 2676, 2273.90, 1562.68, 45.67);
insert into STATION values (1323, '-', 2676, 2277.29, 1563.43, 45.47);
insert into STATION values (1324, '7.14', 2676, 2263.06, 1563.38, 43.10);
insert into STATION values (1325, '-', 2676, 2263.79, 1562.73, 42.96);
insert into STATION values (1326, '-', 2676, 2258.94, 1564.88, 42.84);
insert into STATION values (1327, '-', 2676, 2263.78, 1563.19, 45.57);
insert into STATION values (1328, '-', 2676, 2263.07, 1563.28, 42.64);
insert into STATION values (1329, '-', 2676, 2264.71, 1563.67, 43.28);
insert into STATION values (1330, '7.15', 2676, 2269.45, 1566.38, 44.13);
insert into STATION values (1331, '-', 2676, 2269.09, 1567.04, 44.15);
insert into STATION values (1332, '-', 2676, 2269.48, 1566.59, 45.05);
insert into STATION values (1333, '-', 2676, 2269.43, 1566.68, 42.61);
insert into STATION values (1334, '7.16', 2676, 2286.22, 1571.30, 44.52);
insert into STATION values (1335, '-', 2676, 2285.85, 1572.12, 44.57);
insert into STATION values (1336, '-', 2676, 2286.06, 1571.62, 45.40);
insert into STATION values (1337, '-', 2676, 2284.30, 1571.19, 43.29);
insert into STATION values (1338, '-', 2676, 2284.22, 1571.15, 44.20);
insert into STATION values (1339, '7.17', 2676, 2268.91, 1571.79, 43.67);
insert into STATION values (1340, '-', 2676, 2268.82, 1571.09, 43.65);
insert into STATION values (1341, '-', 2676, 2266.41, 1570.23, 43.94);
insert into STATION values (1342, '-', 2676, 2270.16, 1573.07, 44.49);
insert into STATION values (1343, '-', 2676, 2268.97, 1573.30, 43.76);
insert into STATION values (1344, '-', 2676, 2268.60, 1571.89, 44.89);
insert into STATION values (1345, '-', 2676, 2268.70, 1571.65, 42.41);
insert into STATION values (1346, '7.18', 2676, 2267.23, 1572.04, 43.60);
insert into STATION values (1347, '-', 2676, 2266.23, 1573.55, 42.41);
insert into STATION values (1348, '-', 2676, 2267.87, 1570.26, 42.55);
insert into STATION values (1349, '-', 2676, 2267.74, 1571.50, 45.04);
insert into STATION values (1350, '-', 2676, 2266.80, 1572.30, 42.00);
insert into STATION values (1351, '7.19', 2676, 2261.47, 1570.90, 44.35);
insert into STATION values (1352, '-', 2676, 2261.55, 1571.21, 44.90);
insert into STATION values (1353, '-', 2676, 2261.64, 1571.31, 43.39);
insert into STATION values (1354, '-', 2676, 2261.73, 1574.19, 43.74);
insert into STATION values (1355, '7.20', 2676, 2253.87, 1571.31, 42.81);
insert into STATION values (1356, '-', 2676, 2255.48, 1571.79, 44.80);
insert into STATION values (1357, '-', 2676, 2254.17, 1571.58, 42.22);
insert into STATION values (1358, '-', 2676, 2253.63, 1571.02, 42.76);
insert into STATION values (1359, '-', 2676, 2257.12, 1571.98, 43.32);
insert into STATION values (1360, '-', 2676, 2257.75, 1573.02, 44.20);
insert into STATION values (1361, '7.21', 2676, 2256.18, 1573.27, 42.45);
insert into STATION values (1362, '-', 2676, 2253.04, 1572.03, 42.57);
insert into STATION values (1363, '-', 2676, 2255.68, 1573.35, 42.77);
insert into STATION values (1364, '-', 2676, 2255.30, 1573.22, 41.67);
insert into STATION values (1365, '7.22', 2676, 2251.30, 1578.51, 42.53);
insert into STATION values (1366, '-', 2676, 2250.32, 1579.28, 42.35);
insert into STATION values (1367, '-', 2676, 2252.97, 1577.33, 42.82);
insert into STATION values (1368, '-', 2676, 2252.00, 1579.02, 40.65);
insert into STATION values (1369, '-', 2676, 2251.54, 1577.92, 43.70);
insert into STATION values (1370, '-', 2676, 2254.19, 1578.31, 42.72);
insert into STATION values (1371, '-', 2676, 2250.13, 1577.03, 42.27);
insert into STATION values (1372, '7.23', 2676, 2259.58, 1583.16, 41.67);
insert into STATION values (1373, '-', 2676, 2258.85, 1583.92, 41.76);
insert into STATION values (1374, '-', 2676, 2257.19, 1580.88, 42.88);
insert into STATION values (1375, '-', 2676, 2259.38, 1583.18, 44.16);
insert into STATION values (1376, '-', 2676, 2258.50, 1586.28, 20.65);
insert into STATION values (1377, '7.24', 2676, 2258.06, 1585.98, 20.76);
insert into STATION values (1378, '-', 2676, 2260.81, 1588.09, 21.37);
insert into STATION values (1379, '-', 2676, 2252.18, 1582.83, 22.66);
insert into STATION values (1380, '-', 2676, 2260.32, 1583.65, 43.02);
insert into STATION values (1381, '-', 2676, 2257.88, 1586.08, 20.48);
insert into STATION values (1382, '-', 2676, 2255.59, 1590.49, 22.42);
insert into STATION values (1383, '-', 2676, 2259.95, 1589.53, 22.67);
insert into STATION values (1384, '-', 2676, 2262.74, 1587.77, 22.79);
insert into STATION values (1385, '-', 2676, 2258.98, 1581.91, 23.20);
insert into STATION values (1386, '-', 2676, 2254.21, 1581.63, 23.87);
insert into STATION values (1387, '7.25', 2676, 2248.57, 1592.41, 28.46);
insert into STATION values (1388, '-', 2676, 2249.35, 1590.83, 28.45);
insert into STATION values (1389, '-', 2676, 2240.80, 1607.06, 32.05);
insert into STATION values (1390, '-', 2676, 2246.39, 1596.70, 34.63);
insert into STATION values (1391, '-', 2676, 2249.91, 1590.78, 26.08);
insert into STATION values (1392, '7.26', 2676, 2241.74, 1592.22, 28.72);
insert into STATION values (1393, '-', 2676, 2232.17, 1584.74, 32.50);
insert into STATION values (1394, '-', 2676, 2233.67, 1600.03, 31.42);
insert into STATION values (1395, '-', 2676, 2247.57, 1589.92, 28.01);
insert into STATION values (1396, '-', 2676, 2252.27, 1593.37, 28.77);
insert into STATION values (1397, '-', 2676, 2260.02, 1598.22, 29.37);
insert into STATION values (1398, '-', 2676, 2241.27, 1585.41, 29.36);
insert into STATION values (1399, '-', 2676, 2258.72, 1609.87, 35.11);
insert into STATION values (1400, '-', 2676, 2265.12, 1605.35, 34.11);
insert into STATION values (1401, '-', 2676, 2262.81, 1600.00, 30.27);
insert into STATION values (1402, '-', 2676, 2249.67, 1597.02, 28.74);
insert into STATION values (1403, '7.27', 2676, 2227.79, 1590.21, 33.20);
insert into STATION values (1404, '-', 2676, 2226.02, 1592.98, 33.25);
insert into STATION values (1405, '-', 2676, 2229.31, 1584.75, 33.47);
insert into STATION values (1406, '-', 2676, 2227.81, 1590.02, 33.52);
insert into STATION values (1407, '-', 2676, 2227.94, 1588.46, 32.32);
insert into STATION values (1408, '7.28', 2676, 2213.53, 1578.34, 32.37);
insert into STATION values (1409, '-', 2676, 2214.28, 1575.66, 33.13);
insert into STATION values (1410, '-', 2676, 2210.39, 1582.46, 32.36);
insert into STATION values (1411, '-', 2676, 2212.82, 1579.05, 33.75);
insert into STATION values (1412, '-', 2676, 2210.55, 1578.99, 30.37);
insert into STATION values (1413, '7.29', 2676, 2185.58, 1566.56, 33.91);
insert into STATION values (1414, '-', 2676, 2182.50, 1569.43, 34.64);
insert into STATION values (1415, '-', 2676, 2185.55, 1566.55, 34.81);
insert into STATION values (1416, '-', 2676, 2188.13, 1563.27, 33.51);
insert into STATION values (1417, '-', 2676, 2185.81, 1566.43, 32.29);
insert into STATION values (1418, '7.30', 2676, 2175.22, 1548.74, 22.66);
insert into STATION values (1419, '-', 2676, 2178.79, 1543.87, 23.34);
insert into STATION values (1420, '-', 2676, 2169.18, 1553.49, 26.13);
insert into STATION values (1421, '-', 2676, 2175.99, 1549.33, 30.60);
insert into STATION values (1422, '-', 2676, 2175.27, 1548.69, 22.25);
insert into STATION values (1423, '-', 2676, 2180.28, 1545.56, 23.62);
insert into STATION values (1424, '-', 2676, 2181.21, 1548.75, 25.06);
insert into STATION values (1425, '-', 2676, 2187.72, 1557.08, 30.40);
insert into STATION values (1426, '-', 2676, 2189.97, 1562.60, 32.99);
insert into STATION values (1427, '-', 2676, 2182.67, 1570.75, 32.42);
insert into STATION values (1428, '-', 2676, 2175.49, 1569.73, 30.06);
insert into STATION values (1429, '-', 2676, 2171.54, 1564.93, 29.98);
insert into STATION values (1430, '-', 2676, 2167.31, 1557.81, 30.36);
insert into STATION values (1431, '-', 2676, 2166.66, 1550.13, 24.48);
insert into STATION values (1432, '-', 2676, 2168.60, 1546.54, 19.61);
insert into STATION values (1433, '-', 2676, 2173.75, 1544.25, 19.70);
insert into STATION values (1434, '7.31', 2676, 2167.30, 1543.79, 17.89);
insert into STATION values (1435, '-', 2676, 2172.91, 1539.72, 18.09);
insert into STATION values (1436, '-', 2676, 2164.18, 1546.48, 18.36);
insert into STATION values (1437, '-', 2676, 2167.24, 1543.62, 18.92);
insert into STATION values (1438, '-', 2676, 2166.87, 1543.03, 16.69);
insert into STATION values (1439, '7.32', 2676, 2155.21, 1532.15, 19.01);
insert into STATION values (1440, '-', 2676, 2155.15, 1524.30, 19.18);
insert into STATION values (1441, '-', 2676, 2154.49, 1535.75, 18.87);
insert into STATION values (1442, '-', 2676, 2155.09, 1532.14, 17.79);
insert into STATION values (1443, '7.33', 2676, 2151.58, 1532.04, 16.62);
insert into STATION values (1444, '-', 2676, 2150.37, 1534.22, 16.44);
insert into STATION values (1445, '-', 2676, 2151.75, 1531.58, 15.91);
insert into STATION values (1446, '-', 2676, 2151.57, 1532.01, 15.60);
insert into STATION values (1447, '-', 2676, 2151.53, 1532.26, 16.96);
insert into STATION values (1448, '-', 2676, 2154.28, 1535.69, 16.28);
insert into STATION values (1449, '7.34', 2676, 2131.73, 1526.81, 17.22);
insert into STATION values (1450, '-', 2676, 2131.49, 1528.23, 16.93);
insert into STATION values (1451, '-', 2676, 2132.89, 1523.43, 17.04);
insert into STATION values (1452, '-', 2676, 2131.70, 1526.67, 15.60);
insert into STATION values (1453, '-', 2676, 2132.16, 1525.07, 18.02);
insert into STATION values (1454, '7.35', 2676, 2125.06, 1518.91, 18.73);
insert into STATION values (1455, '-', 2676, 2122.25, 1526.01, 18.73);
insert into STATION values (1456, '-', 2676, 2124.90, 1518.97, 17.83);
insert into STATION values (1457, '-', 2676, 2124.90, 1519.26, 19.88);
insert into STATION values (1458, '7.36', 2676, 2091.81, 1508.47, 5.42);
insert into STATION values (1459, '-', 2676, 2089.15, 1486.95, -0.95);
insert into STATION values (1460, '-', 2676, 2066.82, 1487.83, 17.09);
insert into STATION values (1461, '-', 2676, 2050.18, 1488.08, 22.77);
insert into STATION values (1462, '-', 2676, 2047.49, 1490.06, 23.68);
insert into STATION values (1463, '-', 2676, 2099.40, 1494.70, 6.24);
insert into STATION values (1464, '-', 2676, 2109.07, 1504.24, 7.18);
insert into STATION values (1465, '-', 2676, 2115.20, 1506.61, 1.54);
insert into STATION values (1466, '-', 2676, 2120.41, 1513.78, 14.23);
insert into STATION values (1467, '-', 2676, 2104.72, 1514.60, 7.19);
insert into STATION values (1468, '-', 2676, 2095.15, 1517.44, 7.95);
insert into STATION values (1469, '-', 2676, 2085.38, 1509.15, 6.04);
insert into STATION values (1470, '-', 2676, 2079.01, 1505.16, 5.94);
insert into STATION values (1471, '-', 2676, 2088.12, 1504.23, 22.36);
insert into STATION values (1472, '7.37', 2676, 2081.86, 1492.29, 1.82);
insert into STATION values (1473, '-', 2676, 2092.79, 1501.24, 2.96);
insert into STATION values (1474, '-', 2676, 2085.64, 1484.59, -2.41);
insert into STATION values (1475, '-', 2676, 2078.89, 1503.74, 3.69);
insert into STATION values (1476, '-', 2676, 2083.21, 1492.34, -1.88);
insert into STATION values (1477, '-', 2676, 2083.67, 1493.37, 23.09);
insert into STATION values (1478, '-', 2676, 2104.65, 1492.16, -8.82);
insert into STATION values (1479, '-', 2676, 2103.47, 1485.76, -8.99);
insert into STATION values (1480, '7.38', 2676, 2057.08, 1501.51, 14.23);
insert into STATION values (1481, '-', 2676, 2057.23, 1502.08, 14.27);
insert into STATION values (1482, '-', 2676, 2056.63, 1486.92, 19.53);
insert into STATION values (1483, '-', 2676, 2056.60, 1499.64, 24.17);
insert into STATION values (1484, '-', 2676, 2056.76, 1499.51, 12.92);
insert into STATION values (1485, '7.39', 2676, 2048.06, 1494.79, 21.81);
insert into STATION values (1486, '-', 2676, 2049.78, 1488.28, 23.22);
insert into STATION values (1487, '-', 2676, 2048.14, 1502.49, 22.80);
insert into STATION values (1488, '-', 2676, 2048.55, 1496.30, 23.12);
insert into STATION values (1489, '-', 2676, 2047.95, 1495.15, 20.37);
insert into STATION values (1490, '7.40', 2676, 2040.22, 1504.93, 23.24);
insert into STATION values (1491, '-', 2676, 2041.70, 1506.79, 23.14);
insert into STATION values (1492, '-', 2676, 2038.46, 1502.59, 23.16);
insert into STATION values (1493, '-', 2676, 2040.07, 1504.86, 22.08);
insert into STATION values (1494, '7.41', 2676, 2022.95, 1515.73, 22.83);
insert into STATION values (1495, '-', 2676, 2020.71, 1513.38, 23.15);
insert into STATION values (1496, '-', 2676, 2022.95, 1515.76, 23.11);
insert into STATION values (1497, '-', 2676, 2022.98, 1515.70, 22.46);
insert into STATION values (1498, '-', 2676, 2026.71, 1519.90, 23.15);
insert into STATION values (1499, '-', 2676, 2037.81, 1512.01, 22.70);
insert into STATION values (1500, '-', 2676, 2031.89, 1506.32, 23.01);
insert into STATION values (1501, '7.42', 2676, 2018.78, 1516.31, 24.00);
insert into STATION values (1502, '-', 2676, 2014.41, 1522.12, 23.53);
insert into STATION values (1503, '-', 2676, 2020.18, 1513.49, 23.75);
insert into STATION values (1504, '-', 2676, 2018.51, 1516.55, 23.01);
insert into STATION values (1505, '7.43', 2676, 2005.95, 1507.32, 22.37);
insert into STATION values (1506, '-', 2676, 2000.35, 1509.20, 22.04);
insert into STATION values (1507, '-', 2676, 2012.43, 1504.56, 22.47);
insert into STATION values (1508, '-', 2676, 2005.99, 1507.32, 24.66);
insert into STATION values (1509, '-', 2676, 2005.94, 1507.71, 20.99);
insert into STATION values (1510, '7.44', 2676, 1996.24, 1490.93, 23.73);
insert into STATION values (1511, '-', 2676, 1995.63, 1490.94, 24.48);
insert into STATION values (1512, '-', 2676, 1996.27, 1490.89, 24.65);
insert into STATION values (1513, '-', 2676, 2010.00, 1489.08, 24.22);
insert into STATION values (1514, '-', 2676, 1996.86, 1490.45, 22.40);
insert into STATION values (1515, '7.45', 2676, 2010.41, 1470.27, 24.62);
insert into STATION values (1516, '-', 2676, 2015.44, 1473.03, 23.31);
insert into STATION values (1517, '-', 2676, 2004.49, 1468.35, 21.20);
insert into STATION values (1518, '-', 2676, 2010.44, 1470.09, 22.81);
insert into STATION values (1519, '-', 2676, 1999.04, 1483.27, 23.51);
insert into STATION values (1520, '7.46', 2676, 2011.88, 1459.57, 22.45);
insert into STATION values (1521, '-', 2676, 2014.33, 1463.53, 24.24);
insert into STATION values (1522, '-', 2676, 2003.49, 1455.67, 22.97);
insert into STATION values (1523, '-', 2676, 2012.86, 1458.62, 21.98);
insert into STATION values (1524, '-', 2676, 2011.97, 1459.33, 21.69);
insert into STATION values (1525, '-', 2676, 2011.56, 1461.65, 24.80);
insert into STATION values (1526, '-', 2676, 2002.70, 1459.98, 24.92);
insert into STATION values (1527, '-', 2676, 2005.31, 1465.16, 24.81);
insert into STATION values (1528, '7.47', 2676, 2000.45, 1440.50, 22.51);
insert into STATION values (1529, '-', 2676, 2006.27, 1439.75, 20.74);
insert into STATION values (1530, '-', 2676, 1996.17, 1440.95, 22.33);
insert into STATION values (1531, '-', 2676, 2001.85, 1439.78, 20.90);
insert into STATION values (1532, '-', 2676, 2007.70, 1445.32, 20.87);
insert into STATION values (1533, '-', 2676, 2000.83, 1449.48, 21.96);
insert into STATION values (1534, '-', 2676, 2000.44, 1440.68, 24.38);
insert into STATION values (1535, '7.48', 2676, 2002.62, 1428.81, 22.57);
insert into STATION values (1536, '-', 2676, 1995.83, 1428.45, 22.30);
insert into STATION values (1537, '-', 2676, 2005.93, 1430.39, 22.95);
insert into STATION values (1538, '-', 2676, 2003.11, 1428.36, 24.81);
insert into STATION values (1539, '-', 2676, 2002.51, 1428.82, 21.57);
insert into STATION values (1540, '-', 2676, 2008.61, 1433.05, 24.97);
insert into STATION values (1541, '-', 2676, 1996.21, 1427.97, 22.50);
insert into STATION values (1542, '-', 2676, 1996.80, 1420.96, 23.86);
insert into STATION values (1543, '7.49', 2676, 1999.38, 1417.29, 22.59);
insert into STATION values (1544, '-', 2676, 2010.38, 1422.18, 25.37);
insert into STATION values (1545, '-', 2676, 1998.29, 1416.30, 23.16);
insert into STATION values (1546, '-', 2676, 1999.40, 1417.33, 23.30);
insert into STATION values (1547, '7.50', 2676, 2011.98, 1411.16, 22.33);
insert into STATION values (1548, '-', 2676, 2010.39, 1410.06, 22.41);
insert into STATION values (1549, '-', 2676, 2018.63, 1414.78, 23.04);
insert into STATION values (1550, '-', 2676, 2012.25, 1411.40, 23.30);
insert into STATION values (1551, '-', 2676, 2011.35, 1412.97, 21.37);
insert into STATION values (1552, '7.51', 2676, 2016.45, 1406.77, 22.99);
insert into STATION values (1553, '-', 2676, 2022.08, 1408.30, 22.55);
insert into STATION values (1554, '-', 2676, 2012.35, 1404.61, 22.94);
insert into STATION values (1555, '-', 2676, 2016.47, 1406.71, 22.43);
insert into STATION values (1556, '-', 2676, 2016.60, 1406.92, 24.79);
insert into STATION values (1557, '-', 2676, 2024.74, 1411.08, 24.68);
insert into STATION values (1558, '7.52', 2676, 2022.21, 1398.67, 22.94);
insert into STATION values (1559, '-', 2676, 2023.85, 1397.03, 23.11);
insert into STATION values (1560, '-', 2676, 2019.57, 1398.51, 23.18);
insert into STATION values (1561, '-', 2676, 2020.79, 1396.05, 25.74);
insert into STATION values (1562, '-', 2676, 2022.15, 1399.13, 21.74);
insert into STATION values (1563, '-', 2676, 2081.86, 1492.29, 1.82);
insert into STATION values (1564, '8.1', 2676, 2096.13, 1486.56, -5.80);
insert into STATION values (1565, '-', 2676, 2103.06, 1485.60, -8.47);
insert into STATION values (1566, '-', 2676, 2098.45, 1491.29, -7.75);
insert into STATION values (1567, '-', 2676, 2096.15, 1486.94, -4.44);
insert into STATION values (1568, '-', 2676, 2096.04, 1486.51, -7.19);
insert into STATION values (1569, '8.2', 2676, 2100.90, 1493.70, -9.35);
insert into STATION values (1570, '-', 2676, 2102.37, 1494.51, -9.03);
insert into STATION values (1571, '-', 2676, 2103.53, 1485.60, -8.47);
insert into STATION values (1572, '-', 2676, 2102.40, 1491.84, -6.17);
insert into STATION values (1573, '-', 2676, 2105.86, 1491.32, -14.51);
insert into STATION values (1574, '8.3', 2676, 2129.84, 1474.23, -8.94);
insert into STATION values (1575, '-', 2676, 2115.89, 1486.85, -10.10);
insert into STATION values (1576, '-', 2676, 2122.71, 1475.17, -9.79);
insert into STATION values (1577, '-', 2676, 2126.52, 1474.71, -7.04);
insert into STATION values (1578, '-', 2676, 2121.82, 1476.15, -13.99);
insert into STATION values (1579, '-', 2676, 2128.17, 1482.13, -9.44);
insert into STATION values (1580, '-', 2676, 2127.70, 1464.61, -9.65);
insert into STATION values (1581, '-', 2676, 2121.40, 1466.67, -9.84);
insert into STATION values (1582, '8.4', 2676, 2107.32, 1415.51, -7.67);
insert into STATION values (1583, '8.5', 2676, 2105.15, 1417.66, -6.50);
insert into STATION values (1584, '-', 2676, 2116.16, 1423.12, -7.66);
insert into STATION values (1585, '-', 2676, 2109.53, 1414.94, -7.37);
insert into STATION values (1586, '-', 2676, 2107.46, 1416.96, -6.09);
insert into STATION values (1587, '-', 2676, 2107.28, 1417.19, -7.86);
insert into STATION values (1588, '-', 2676, 2110.22, 1429.13, -12.47);
insert into STATION values (1589, '-', 2676, 2120.48, 1432.28, -9.18);
insert into STATION values (1590, '-', 2676, 2086.62, 1420.52, -12.77);
insert into STATION values (1591, '-', 2676, 2086.29, 1407.70, -8.35);
insert into STATION values (1592, '-', 2676, 2091.37, 1402.84, -6.81);
insert into STATION values (1593, '-', 2676, 2103.30, 1406.41, -6.16);
insert into STATION values (1594, '-', 2676, 2082.86, 1413.40, -11.01);
insert into STATION values (1595, '8.6', 2676, 2096.69, 1410.26, -6.38);
insert into STATION values (1596, '-', 2676, 2077.71, 1408.11, -6.50);
insert into STATION values (1597, '-', 2676, 2107.39, 1408.14, -5.86);
insert into STATION values (1598, '-', 2676, 2097.02, 1410.22, -6.19);
insert into STATION values (1599, '-', 2676, 2092.51, 1402.13, -13.25);
insert into STATION values (1600, '-', 2676, 2090.28, 1402.84, -7.98);
insert into STATION values (1601, '-', 2676, 2102.92, 1404.51, -6.26);
insert into STATION values (1602, '-', 2676, 2095.59, 1422.71, -11.37);
insert into STATION values (1603, '-', 2676, 2085.93, 1391.81, -6.82);
insert into STATION values (1604, '-', 2676, 2102.25, 1391.30, -9.25);
insert into STATION values (1605, '8.7', 2676, 2093.47, 1385.48, -7.70);
insert into STATION values (1606, '-', 2676, 2105.92, 1379.56, -9.34);
insert into STATION values (1607, '-', 2676, 2097.05, 1378.88, -6.48);
insert into STATION values (1608, '-', 2676, 2100.94, 1387.41, -8.99);
insert into STATION values (1609, '-', 2676, 2102.71, 1406.31, -4.82);
insert into STATION values (1610, '-', 2676, 2105.75, 1416.49, -6.07);
insert into STATION values (1611, '-', 2676, 2103.68, 1394.76, -9.08);
insert into STATION values (1612, '-', 2676, 2082.74, 1396.71, -0.08);
insert into STATION values (1613, '-', 2676, 2091.31, 1401.92, -6.08);
insert into STATION values (1614, '-', 2676, 2079.55, 1380.80, 1.15);
insert into STATION values (1615, '-', 2676, 2086.79, 1380.14, -4.08);
insert into STATION values (1616, '-', 2676, 2091.64, 1396.57, 11.65);
insert into STATION values (1617, '-', 2676, 2096.45, 1373.28, -6.69);
insert into STATION values (1618, '-', 2676, 2091.85, 1376.19, -7.00);
insert into STATION values (1619, '-', 2676, 2098.81, 1372.78, -6.09);
insert into STATION values (1620, '8.8', 2676, 2087.65, 1376.99, -5.56);
insert into STATION values (1621, '-', 2676, 2082.31, 1378.34, -4.93);
insert into STATION values (1622, '-', 2676, 2087.41, 1377.37, -5.27);
insert into STATION values (1623, '-', 2676, 2087.49, 1376.91, -7.22);
insert into STATION values (1624, '-', 2676, 2088.35, 1375.44, -7.53);
insert into STATION values (1625, '-', 2676, 2082.09, 1373.31, -5.52);
insert into STATION values (1626, '-', 2676, 2084.67, 1373.02, -7.07);
insert into STATION values (1627, '8.9', 2676, 2074.33, 1372.93, -5.94);
insert into STATION values (1628, '-', 2676, 2079.37, 1371.24, -6.47);
insert into STATION values (1629, '-', 2676, 2077.97, 1375.94, -4.66);
insert into STATION values (1630, '8.10', 2676, 2071.72, 1372.42, -6.75);
insert into STATION values (1631, '-', 2676, 2074.15, 1373.61, -3.94);
insert into STATION values (1632, '-', 2676, 2073.87, 1372.67, -6.87);
insert into STATION values (1633, '-', 2676, 2074.13, 1372.34, -5.88);
insert into STATION values (1634, '-', 2676, 2074.71, 1373.53, -5.64);
insert into STATION values (1635, '-', 2676, 2071.72, 1372.42, -6.75);
insert into STATION values (1636, '-', 2676, 2072.12, 1371.12, -6.73);
insert into STATION values (1637, '-', 2676, 2071.66, 1372.65, -5.03);
insert into STATION values (1638, '-', 2676, 2071.70, 1371.78, -7.20);
insert into STATION values (1639, '8.11', 2676, 2060.93, 1359.94, -6.94);
insert into STATION values (1640, '-', 2676, 2060.95, 1359.89, -6.76);
insert into STATION values (1641, '-', 2676, 2060.90, 1359.98, -7.07);
insert into STATION values (1642, '-', 2676, 2067.00, 1363.42, -7.11);
insert into STATION values (1643, '8.12', 2676, 2060.31, 1360.30, -7.20);
insert into STATION values (1644, '-', 2676, 2060.52, 1361.28, -7.05);
insert into STATION values (1645, '-', 2676, 2059.90, 1360.75, -7.18);
insert into STATION values (1646, '-', 2676, 2060.20, 1359.80, -7.14);
insert into STATION values (1647, '8.13', 2676, 2057.19, 1359.91, -6.81);
insert into STATION values (1648, '-', 2676, 2057.19, 1359.89, -7.19);
insert into STATION values (1649, '-', 2676, 2057.02, 1359.20, -6.84);
insert into STATION values (1650, '-', 2676, 2056.72, 1360.88, -6.99);
insert into STATION values (1651, '8.14', 2676, 2056.41, 1359.86, -7.12);
insert into STATION values (1652, '-', 2676, 2056.41, 1359.99, -7.38);
insert into STATION values (1653, '-', 2676, 2056.37, 1359.48, -7.17);
insert into STATION values (1654, '-', 2676, 2056.33, 1360.62, -7.25);
insert into STATION values (1655, '8.15', 2676, 2055.08, 1360.36, -7.05);
insert into STATION values (1656, '-', 2676, 2055.11, 1360.35, -6.87);
insert into STATION values (1657, '-', 2676, 2054.96, 1360.10, -6.95);
insert into STATION values (1658, '-', 2676, 2055.59, 1361.25, -7.08);
insert into STATION values (1659, '8.16', 2676, 2054.24, 1360.95, -6.17);
insert into STATION values (1660, '-', 2676, 2054.35, 1365.81, -5.43);
insert into STATION values (1661, '-', 2676, 2053.93, 1361.44, -5.22);
insert into STATION values (1662, '-', 2676, 2054.27, 1361.09, -6.74);
insert into STATION values (1663, '-', 2676, 2054.28, 1360.28, -6.40);
insert into STATION values (1664, '-', 2676, 2048.37, 1364.51, -5.10);
insert into STATION values (1665, '8.17', 2676, 2035.33, 1343.48, -5.45);
insert into STATION values (1666, '-', 2676, 2039.57, 1338.49, -4.33);
insert into STATION values (1667, '-', 2676, 2036.01, 1342.42, -4.64);
insert into STATION values (1668, '-', 2676, 2035.33, 1340.45, -7.41);
insert into STATION values (1669, '-', 2676, 2044.53, 1347.01, -6.21);
insert into STATION values (1670, '8.18', 2676, 2029.04, 1326.59, -5.45);
insert into STATION values (1671, '-', 2676, 2027.03, 1326.79, -3.90);
insert into STATION values (1672, '-', 2676, 2028.78, 1326.53, -6.70);
insert into STATION values (1673, '-', 2676, 2029.79, 1325.24, -6.89);
insert into STATION values (1674, '-', 2676, 2036.03, 1332.05, -6.16);
insert into STATION values (1675, '-', 2676, 2041.36, 1339.72, -4.91);
insert into STATION values (1676, '-', 2676, 2035.46, 1343.23, -5.35);
insert into STATION values (1677, '-', 2676, 2029.09, 1341.73, -6.62);
insert into STATION values (1678, '-', 2676, 2024.08, 1342.00, -5.47);
insert into STATION values (1679, '-', 2676, 2018.85, 1345.41, -2.03);
insert into STATION values (1680, '-', 2676, 2024.42, 1330.91, -4.42);
insert into STATION values (1681, '-', 2676, 2015.86, 1339.58, -1.99);
insert into STATION values (1682, '-', 2676, 2021.16, 1324.32, -5.99);
insert into STATION values (1683, '-', 2676, 2023.44, 1321.24, -6.24);
insert into STATION values (1684, '-', 2676, 2018.67, 1331.55, -2.95);
insert into STATION values (1685, '-', 2676, 2029.95, 1325.37, -6.82);
insert into STATION values (1686, '8.19', 2676, 2021.11, 1321.01, -5.78);
insert into STATION values (1687, '-', 2676, 2022.49, 1320.05, -6.91);
insert into STATION values (1688, '-', 2676, 2021.20, 1320.96, -6.73);
insert into STATION values (1689, '-', 2676, 2020.96, 1321.19, -5.59);
insert into STATION values (1690, '-', 2676, 2019.40, 1322.69, -6.16);
insert into STATION values (1691, '8.20', 2676, 2016.88, 1316.11, -6.18);
insert into STATION values (1692, '-', 2676, 2016.90, 1316.13, -5.67);
insert into STATION values (1693, '-', 2676, 2018.68, 1314.90, -6.59);
insert into STATION values (1694, '-', 2676, 2014.80, 1317.92, -6.29);
insert into STATION values (1695, '8.21', 2676, 2012.44, 1308.29, -4.90);
insert into STATION values (1696, '-', 2676, 2002.54, 1307.38, -3.78);
insert into STATION values (1697, '-', 2676, 1999.99, 1305.19, -3.52);
insert into STATION values (1698, '-', 2676, 2005.15, 1298.51, 1.25);
insert into STATION values (1699, '-', 2676, 2009.07, 1306.86, 6.98);
insert into STATION values (1700, '-', 2676, 2012.32, 1308.17, -5.74);
insert into STATION values (1701, '-', 2676, 2002.21, 1308.51, 7.66);
insert into STATION values (1702, '-', 2676, 2000.96, 1310.34, 8.07);
insert into STATION values (1703, '-', 2676, 1998.33, 1312.96, 6.63);
insert into STATION values (1704, '-', 2676, 2003.21, 1315.32, 5.04);
insert into STATION values (1705, '-', 2676, 2011.96, 1311.82, -4.30);
insert into STATION values (1706, '-', 2676, 2014.68, 1309.42, -4.79);
insert into STATION values (1707, '-', 2676, 2009.27, 1311.59, -2.88);
insert into STATION values (1708, '-', 2676, 2015.62, 1302.33, -2.37);
insert into STATION values (1709, '8.22', 2676, 2018.34, 1291.38, 2.16);
insert into STATION values (1710, '-', 2676, 2008.09, 1290.37, 2.97);
insert into STATION values (1711, '-', 2676, 2015.93, 1291.06, -0.81);
insert into STATION values (1712, '-', 2676, 2015.97, 1291.32, 6.84);
insert into STATION values (1713, '-', 2676, 2011.67, 1279.37, 2.07);
insert into STATION values (1714, '-', 2676, 2007.64, 1282.79, 2.42);
insert into STATION values (1715, '8.23', 2676, 2002.99, 1274.83, 1.30);
insert into STATION values (1716, '-', 2676, 2004.26, 1273.68, 1.23);
insert into STATION values (1717, '-', 2676, 2000.19, 1277.64, 0.99);
insert into STATION values (1718, '-', 2676, 2002.08, 1275.63, -0.31);
insert into STATION values (1719, '8.24', 2676, 1983.56, 1261.68, 1.60);
insert into STATION values (1720, '-', 2676, 1983.81, 1261.00, 1.58);
insert into STATION values (1721, '-', 2676, 1983.98, 1263.75, 0.18);
insert into STATION values (1722, '-', 2676, 1983.16, 1262.88, 2.86);
insert into STATION values (1723, '-', 2676, 1982.47, 1267.78, 2.08);
insert into STATION values (1724, '-', 2676, 1973.70, 1268.19, 3.41);
insert into STATION values (1725, '-', 2676, 1993.43, 1265.81, 0.47);
insert into STATION values (1726, '8.25', 2676, 1960.58, 1267.83, 5.11);
insert into STATION values (1727, '-', 2676, 1960.36, 1265.40, 5.18);
insert into STATION values (1728, '-', 2676, 1960.51, 1268.42, 7.14);
insert into STATION values (1729, '-', 2676, 1960.29, 1268.88, 1.29);
insert into STATION values (1730, '-', 2676, 1964.44, 1282.92, 5.95);
insert into STATION values (1731, '-', 2676, 1968.37, 1265.00, 4.81);
insert into STATION values (1732, '-', 2676, 1969.87, 1268.60, 4.61);
insert into STATION values (1733, '8.26', 2676, 1950.56, 1273.91, 8.52);
insert into STATION values (1734, '-', 2676, 1955.99, 1266.82, 5.33);
insert into STATION values (1735, '-', 2676, 1950.56, 1273.91, 8.52);
insert into STATION values (1736, '-', 2676, 1948.03, 1271.47, 6.22);
insert into STATION values (1737, '-', 2676, 1951.15, 1276.26, 11.10);
insert into STATION values (1738, '-', 2676, 1963.74, 1283.90, 6.69);
insert into STATION values (1739, '-', 2676, 1950.82, 1273.60, 6.11);
insert into STATION values (1740, '-', 2676, 1953.06, 1282.48, 10.51);
insert into STATION values (1741, '8.27', 2676, 1946.32, 1274.93, 10.22);
insert into STATION values (1742, '-', 2676, 1945.50, 1274.53, 9.27);
insert into STATION values (1743, '-', 2676, 1946.52, 1275.65, 10.97);
insert into STATION values (1744, '-', 2676, 1947.25, 1277.89, 10.78);
insert into STATION values (1745, '8.28', 2676, 1941.07, 1276.94, 8.98);
insert into STATION values (1746, '-', 2676, 1937.68, 1278.38, 8.54);
insert into STATION values (1747, '-', 2676, 1943.12, 1276.74, 9.08);
insert into STATION values (1748, '-', 2676, 1941.03, 1276.96, 7.23);
insert into STATION values (1749, '-', 2676, 1941.73, 1278.45, 8.64);
insert into STATION values (1750, '-', 2676, 1940.42, 1274.92, 8.02);
insert into STATION values (1751, '8.29', 2676, 1939.34, 1273.00, 7.12);
insert into STATION values (1752, '-', 2676, 1939.83, 1272.41, 7.15);
insert into STATION values (1753, '-', 2676, 1938.18, 1273.62, 8.37);
insert into STATION values (1754, '-', 2676, 1939.05, 1272.79, 8.36);
insert into STATION values (1755, '8.30', 2676, 1936.24, 1270.43, 7.87);
insert into STATION values (1756, '-', 2676, 1936.32, 1270.24, 8.66);
insert into STATION values (1757, '-', 2676, 1935.87, 1270.65, 8.44);
insert into STATION values (1758, '-', 2676, 1937.09, 1269.82, 7.86);
insert into STATION values (1759, '8.31', 2676, 1937.52, 1271.45, 9.86);
insert into STATION values (1760, '8.32', 2676, 1929.44, 1270.04, 15.63);
insert into STATION values (1761, '-', 2676, 1935.95, 1273.33, 11.47);
insert into STATION values (1762, '-', 2676, 1937.36, 1271.70, 10.33);
insert into STATION values (1763, '-', 2676, 1937.54, 1271.43, 8.97);
insert into STATION values (1764, '-', 2676, 1929.44, 1270.04, 15.63);
insert into STATION values (1765, '-', 2676, 1930.42, 1268.35, 15.45);
insert into STATION values (1766, '-', 2676, 1925.25, 1270.65, 24.00);
insert into STATION values (1767, '-', 2676, 1929.66, 1270.02, 14.60);
insert into STATION values (1768, '8.33', 2676, 1921.24, 1266.24, 18.94);
insert into STATION values (1769, '-', 2676, 1922.49, 1262.31, 18.72);
insert into STATION values (1770, '-', 2676, 1923.98, 1264.27, 13.89);
insert into STATION values (1771, '-', 2676, 1919.55, 1266.68, 24.52);
insert into STATION values (1772, '3.110', 2676, 1914.47, 1264.22, 18.92);
